calc_time,funding_rate,symbol,datetime
1672531200000,8,0.00004281,2023-01-01 00:00:00.000
1672560000008,8,0.00006782,2023-01-01 08:00:00.008
1672588800000,8,-0.00018765,2023-01-01 16:00:00.000
1672617600000,8,0.00000635,2023-01-02 00:00:00.000
1672646400008,8,-0.00000155,2023-01-02 08:00:00.008
1672675200015,8,0.00010000,2023-01-02 16:00:00.015
1672704000003,8,0.00000712,2023-01-03 00:00:00.003
1672732800018,8,0.00001118,2023-01-03 08:00:00.018
1672761600000,8,-0.00008569,2023-01-03 16:00:00.000
1672790400000,8,0.00001246,2023-01-04 00:00:00.000
1672819200016,8,0.00002038,2023-01-04 08:00:00.016
1672848000011,8,-0.00018681,2023-01-04 16:00:00.011
1672876800009,8,-0.00008262,2023-01-05 00:00:00.009
1672905600011,8,0.00010000,2023-01-05 08:00:00.011
1672934400000,8,0.00010000,2023-01-05 16:00:00.000
1672963200005,8,0.00010000,2023-01-06 00:00:00.005
1672992000001,8,0.00010000,2023-01-06 08:00:00.001
1673020800000,8,0.00010000,2023-01-06 16:00:00.000
1673049600006,8,0.00010000,2023-01-07 00:00:00.006
1673078400017,8,0.00010000,2023-01-07 08:00:00.017
1673107200000,8,0.00010000,2023-01-07 16:00:00.000
1673136000015,8,0.00010000,2023-01-08 00:00:00.015
1673164800000,8,0.00010000,2023-01-08 08:00:00.000
1673193600010,8,0.00010000,2023-01-08 16:00:00.010
1673222400003,8,0.00010000,2023-01-09 00:00:00.003
1673251200000,8,0.00010000,2023-01-09 08:00:00.000
1673280000006,8,0.00010000,2023-01-09 16:00:00.006
1673308800003,8,0.00010000,2023-01-10 00:00:00.003
1673337600021,8,0.00010000,2023-01-10 08:00:00.021
1673366400000,8,0.00010000,2023-01-10 16:00:00.000
1673395200011,8,0.00010000,2023-01-11 00:00:00.011
1673424000006,8,0.00007700,2023-01-11 08:00:00.006
1673452800004,8,0.00005583,2023-01-11 16:00:00.004
1673481600000,8,-0.00044601,2023-01-12 00:00:00.000
1673510400000,8,0.00010000,2023-01-12 08:00:00.000
1673539200000,8,0.00010000,2023-01-12 16:00:00.000
1673568000004,8,0.00010000,2023-01-13 00:00:00.004
1673596800000,8,0.00010000,2023-01-13 08:00:00.000
1673625600018,8,0.00010000,2023-01-13 16:00:00.018
1673654400000,8,0.00010000,2023-01-14 00:00:00.000
1673683200001,8,0.00034109,2023-01-14 08:00:00.001
1673712000000,8,0.00010000,2023-01-14 16:00:00.000
1673740800010,8,0.00010000,2023-01-15 00:00:00.010
1673769600002,8,0.00040559,2023-01-15 08:00:00.002
1673798400000,8,0.00028283,2023-01-15 16:00:00.000
1673827200010,8,0.00036648,2023-01-16 00:00:00.010
1673856000007,8,0.00010000,2023-01-16 08:00:00.007
1673884800000,8,0.00010000,2023-01-16 16:00:00.000
1673913600004,8,0.00010000,2023-01-17 00:00:00.004
1673942400005,8,0.00010000,2023-01-17 08:00:00.005
1673971200001,8,0.00010000,2023-01-17 16:00:00.001
1674000000008,8,0.00010000,2023-01-18 00:00:00.008
1674028800009,8,0.00010000,2023-01-18 08:00:00.009
1674057600017,8,0.00010000,2023-01-18 16:00:00.017
1674086400000,8,0.00010000,2023-01-19 00:00:00.000
1674115200015,8,0.00010000,2023-01-19 08:00:00.015
1674144000012,8,0.00010000,2023-01-19 16:00:00.012
1674172800000,8,0.00010000,2023-01-20 00:00:00.000
1674201600000,8,0.00010000,2023-01-20 08:00:00.000
1674230400000,8,0.00010000,2023-01-20 16:00:00.000
1674259200013,8,0.00010000,2023-01-21 00:00:00.013
1674288000001,8,0.00046904,2023-01-21 08:00:00.001
1674316800016,8,0.00010000,2023-01-21 16:00:00.016
1674345600000,8,0.00010000,2023-01-22 00:00:00.000
1674374400000,8,0.00010000,2023-01-22 08:00:00.000
1674403200023,8,0.00040474,2023-01-22 16:00:00.023
1674432000014,8,0.00010000,2023-01-23 00:00:00.014
1674460800014,8,0.00018525,2023-01-23 08:00:00.014
1674489600016,8,0.00010000,2023-01-23 16:00:00.016
1674518400008,8,0.00010000,2023-01-24 00:00:00.008
1674547200008,8,0.00028888,2023-01-24 08:00:00.008
1674576000000,8,0.00010000,2023-01-24 16:00:00.000
1674604800012,8,0.00010000,2023-01-25 00:00:00.012
1674633600000,8,0.00010000,2023-01-25 08:00:00.000
1674662400010,8,0.00010000,2023-01-25 16:00:00.010
1674691200010,8,0.00010000,2023-01-26 00:00:00.010
1674720000003,8,0.00010000,2023-01-26 08:00:00.003
1674748800020,8,0.00010000,2023-01-26 16:00:00.020
1674777600008,8,0.00010000,2023-01-27 00:00:00.008
1674806400000,8,0.00010000,2023-01-27 08:00:00.000
1674835200000,8,0.00010000,2023-01-27 16:00:00.000
1674864000009,8,0.00020610,2023-01-28 00:00:00.009
1674892800018,8,0.00037016,2023-01-28 08:00:00.018
1674921600005,8,0.00010000,2023-01-28 16:00:00.005
1674950400011,8,0.00013960,2023-01-29 00:00:00.011
1674979200000,8,0.00010000,2023-01-29 08:00:00.000
1675008000008,8,0.00010000,2023-01-29 16:00:00.008
1675036800001,8,0.00010000,2023-01-30 00:00:00.001
1675065600000,8,0.00010000,2023-01-30 08:00:00.000
1675094400000,8,0.00010000,2023-01-30 16:00:00.000
1675123200005,8,0.00010000,2023-01-31 00:00:00.005
1675152000000,8,0.00010000,2023-01-31 08:00:00.000
1675180800007,8,0.00010000,2023-01-31 16:00:00.007
1675209600013,8,0.00010000,2023-02-01 00:00:00.013
1675238400000,8,0.00010000,2023-02-01 08:00:00.000
1675267200012,8,0.00010000,2023-02-01 16:00:00.012
1675296000004,8,0.00010000,2023-02-02 00:00:00.004
1675324800023,8,0.00064049,2023-02-02 08:00:00.023
1675353600003,8,0.00015488,2023-02-02 16:00:00.003
1675382400010,8,0.00010000,2023-02-03 00:00:00.010
1675411200000,8,0.00010000,2023-02-03 08:00:00.000
1675440000000,8,0.00010000,2023-02-03 16:00:00.000
1675468800010,8,0.00017298,2023-02-04 00:00:00.010
1675497600000,8,0.00010000,2023-02-04 08:00:00.000
1675526400000,8,0.00010000,2023-02-04 16:00:00.000
1675555200016,8,0.00010000,2023-02-05 00:00:00.016
1675584000009,8,0.00010000,2023-02-05 08:00:00.009
1675612800018,8,0.00010000,2023-02-05 16:00:00.018
1675641600001,8,0.00010000,2023-02-06 00:00:00.001
1675670400000,8,0.00010000,2023-02-06 08:00:00.000
1675699200012,8,0.00010000,2023-02-06 16:00:00.012
1675728000004,8,0.00010000,2023-02-07 00:00:00.004
1675756800011,8,0.00010000,2023-02-07 08:00:00.011
1675785600018,8,0.00010000,2023-02-07 16:00:00.018
1675814400009,8,0.00010000,2023-02-08 00:00:00.009
1675843200010,8,0.00010000,2023-02-08 08:00:00.010
1675872000000,8,0.00010000,2023-02-08 16:00:00.000
1675900800014,8,0.00010000,2023-02-09 00:00:00.014
1675929600006,8,0.00010000,2023-02-09 08:00:00.006
1675958400001,8,0.00010000,2023-02-09 16:00:00.001
1675987200012,8,0.00010000,2023-02-10 00:00:00.012
1676016000005,8,0.00008138,2023-02-10 08:00:00.005
1676044800020,8,0.00010000,2023-02-10 16:00:00.020
1676073600007,8,0.00010000,2023-02-11 00:00:00.007
1676102400002,8,0.00000667,2023-02-11 08:00:00.002
1676131200021,8,-0.00005856,2023-02-11 16:00:00.021
1676160000004,8,0.00005988,2023-02-12 00:00:00.004
1676188800000,8,0.00000504,2023-02-12 08:00:00.000
1676217600002,8,0.00003654,2023-02-12 16:00:00.002
1676246400006,8,-0.00005522,2023-02-13 00:00:00.006
1676275200008,8,0.00002312,2023-02-13 08:00:00.008
1676304000002,8,0.00010000,2023-02-13 16:00:00.002
1676332800013,8,0.00010000,2023-02-14 00:00:00.013
1676361600014,8,0.00010000,2023-02-14 08:00:00.014
1676390400016,8,0.00010000,2023-02-14 16:00:00.016
1676419200011,8,0.00010000,2023-02-15 00:00:00.011
1676448000000,8,0.00010000,2023-02-15 08:00:00.000
1676476800005,8,0.00004914,2023-02-15 16:00:00.005
1676505600019,8,0.00010000,2023-02-16 00:00:00.019
1676534400000,8,0.00010000,2023-02-16 08:00:00.000
1676563200001,8,0.00014513,2023-02-16 16:00:00.001
1676592000003,8,0.00010000,2023-02-17 00:00:00.003
1676620800016,8,0.00010000,2023-02-17 08:00:00.016
1676649600000,8,0.00010000,2023-02-17 16:00:00.000
1676678400011,8,0.00010000,2023-02-18 00:00:00.011
1676707200000,8,0.00010000,2023-02-18 08:00:00.000
1676736000007,8,0.00010000,2023-02-18 16:00:00.007
1676764800019,8,0.00010000,2023-02-19 00:00:00.019
1676793600005,8,0.00010000,2023-02-19 08:00:00.005
1676822400003,8,0.00010000,2023-02-19 16:00:00.003
1676851200006,8,0.00010000,2023-02-20 00:00:00.006
1676880000008,8,0.00010000,2023-02-20 08:00:00.008
1676908800006,8,0.00010000,2023-02-20 16:00:00.006
1676937600001,8,0.00023564,2023-02-21 00:00:00.001
1676966400004,8,0.00010000,2023-02-21 08:00:00.004
1676995200011,8,0.00010000,2023-02-21 16:00:00.011
1677024000009,8,0.00022220,2023-02-22 00:00:00.009
1677052800010,8,0.00015726,2023-02-22 08:00:00.010
1677081600000,8,0.00010000,2023-02-22 16:00:00.000
1677110400006,8,0.00010000,2023-02-23 00:00:00.006
1677139200005,8,0.00010000,2023-02-23 08:00:00.005
1677168000002,8,0.00010000,2023-02-23 16:00:00.002
1677196800015,8,0.00010000,2023-02-24 00:00:00.015
1677225600011,8,0.00010000,2023-02-24 08:00:00.011
1677254400014,8,0.00010000,2023-02-24 16:00:00.014
1677283200015,8,-0.00001594,2023-02-25 00:00:00.015
1677312000015,8,0.00010000,2023-02-25 08:00:00.015
1677340800015,8,0.00010000,2023-02-25 16:00:00.015
1677369600007,8,0.00010000,2023-02-26 00:00:00.007
1677398400012,8,0.00004912,2023-02-26 08:00:00.012
1677427200000,8,0.00000733,2023-02-26 16:00:00.000
1677456000011,8,0.00010000,2023-02-27 00:00:00.011
1677484800003,8,0.00010000,2023-02-27 08:00:00.003
1677513600000,8,0.00010000,2023-02-27 16:00:00.000
1677542400011,8,0.00010000,2023-02-28 00:00:00.011
1677571200018,8,0.00006177,2023-02-28 08:00:00.018
1677600000005,8,0.00010000,2023-02-28 16:00:00.005
1677628800016,8,0.00004757,2023-03-01 00:00:00.016
1677657600000,8,0.00010000,2023-03-01 08:00:00.000
1677686400008,8,0.00010000,2023-03-01 16:00:00.008
1677715200009,8,0.00010000,2023-03-02 00:00:00.009
1677744000013,8,0.00010000,2023-03-02 08:00:00.013
1677772800000,8,0.00010000,2023-03-02 16:00:00.000
1677801600000,8,0.00010000,2023-03-03 00:00:00.000
1677830400013,8,-0.00006051,2023-03-03 08:00:00.013
1677859200000,8,0.00010000,2023-03-03 16:00:00.000
1677888000001,8,0.00010000,2023-03-04 00:00:00.001
1677916800008,8,0.00010000,2023-03-04 08:00:00.008
1677945600012,8,0.00010000,2023-03-04 16:00:00.012
1677974400000,8,0.00003199,2023-03-05 00:00:00.000
1678003200000,8,0.00000936,2023-03-05 08:00:00.000
1678032000015,8,0.00001797,2023-03-05 16:00:00.015
1678060800007,8,-5.8E-7,2023-03-06 00:00:00.007
1678089600017,8,-0.00005093,2023-03-06 08:00:00.017
1678118400000,8,0.00007534,2023-03-06 16:00:00.000
1678147200009,8,0.00010000,2023-03-07 00:00:00.009
1678176000016,8,0.00008502,2023-03-07 08:00:00.016
1678204800017,8,0.00006718,2023-03-07 16:00:00.017
1678233600000,8,0.00010000,2023-03-08 00:00:00.000
1678262400014,8,0.00010000,2023-03-08 08:00:00.014
1678291200021,8,0.00010000,2023-03-08 16:00:00.021
1678320000010,8,-0.00005363,2023-03-09 00:00:00.010
1678348800013,8,0.00004507,2023-03-09 08:00:00.013
1678377600002,8,0.00010000,2023-03-09 16:00:00.002
1678406400000,8,-0.00054534,2023-03-10 00:00:00.000
1678435200000,8,-0.00024148,2023-03-10 08:00:00.000
1678464000005,8,-0.00013189,2023-03-10 16:00:00.005
1678492800011,8,-0.00006167,2023-03-11 00:00:00.011
1678521600003,8,0.00005788,2023-03-11 08:00:00.003
1678550400011,8,-0.00018945,2023-03-11 16:00:00.011
1678579200001,8,0.00010000,2023-03-12 00:00:00.001
1678608000000,8,0.00010000,2023-03-12 08:00:00.000
1678636800005,8,-0.00012277,2023-03-12 16:00:00.005
1678665600010,8,0.00010000,2023-03-13 00:00:00.010
1678694400018,8,0.00010000,2023-03-13 08:00:00.018
1678723200003,8,0.00010000,2023-03-13 16:00:00.003
1678752000010,8,0.00010000,2023-03-14 00:00:00.010
1678780800009,8,0.00010000,2023-03-14 08:00:00.009
1678809600010,8,0.00010000,2023-03-14 16:00:00.010
1678838400011,8,0.00017393,2023-03-15 00:00:00.011
1678867200000,8,0.00010000,2023-03-15 08:00:00.000
1678896000012,8,0.00010000,2023-03-15 16:00:00.012
1678924800004,8,0.00010000,2023-03-16 00:00:00.004
1678953600018,8,0.00007150,2023-03-16 08:00:00.018
1678982400005,8,0.00001594,2023-03-16 16:00:00.005
1679011200017,8,-0.00000209,2023-03-17 00:00:00.017
1679040000010,8,-0.00004976,2023-03-17 08:00:00.010
1679068800003,8,0.00010000,2023-03-17 16:00:00.003
1679097600012,8,0.00010000,2023-03-18 00:00:00.012
1679126400000,8,0.00010000,2023-03-18 08:00:00.000
1679155200016,8,0.00010000,2023-03-18 16:00:00.016
1679184000013,8,0.00010000,2023-03-19 00:00:00.013
1679212800024,8,0.00010000,2023-03-19 08:00:00.024
1679241600000,8,0.00010000,2023-03-19 16:00:00.000
1679270400005,8,0.00010000,2023-03-20 00:00:00.005
1679299200012,8,0.00010000,2023-03-20 08:00:00.012
1679328000015,8,0.00010000,2023-03-20 16:00:00.015
1679356800006,8,0.00010000,2023-03-21 00:00:00.006
1679385600004,8,0.00010000,2023-03-21 08:00:00.004
1679414400003,8,0.00010000,2023-03-21 16:00:00.003
1679443200000,8,0.00010000,2023-03-22 00:00:00.000
1679472000003,8,0.00010000,2023-03-22 08:00:00.003
1679500800000,8,0.00010000,2023-03-22 16:00:00.000
1679529600016,8,0.00001005,2023-03-23 00:00:00.016
1679558400001,8,0.00010000,2023-03-23 08:00:00.001
1679587200013,8,0.00010000,2023-03-23 16:00:00.013
1679616000013,8,0.00010000,2023-03-24 00:00:00.013
1679644800012,8,0.00010000,2023-03-24 08:00:00.012
1679673600027,8,0.00010000,2023-03-24 16:00:00.027
1679702400015,8,0.00010000,2023-03-25 00:00:00.015
1679731200011,8,0.00010000,2023-03-25 08:00:00.011
1679760000011,8,-0.00000115,2023-03-25 16:00:00.011
1679788800000,8,-0.00009348,2023-03-26 00:00:00.000
1679817600015,8,0.00009518,2023-03-26 08:00:00.015
1679846400000,8,0.00005948,2023-03-26 16:00:00.000
1679875200019,8,0.00010000,2023-03-27 00:00:00.019
1679904000009,8,0.00008705,2023-03-27 08:00:00.009
1679932800000,8,0.00009856,2023-03-27 16:00:00.000
1679961600007,8,0.00010000,2023-03-28 00:00:00.007
1679990400000,8,0.00010000,2023-03-28 08:00:00.000
1680019200013,8,0.00010000,2023-03-28 16:00:00.013
1680048000010,8,0.00010000,2023-03-29 00:00:00.010
1680076800006,8,0.00010000,2023-03-29 08:00:00.006
1680105600014,8,0.00010000,2023-03-29 16:00:00.014
1680134400000,8,0.00010000,2023-03-30 00:00:00.000
1680163200000,8,0.00010000,2023-03-30 08:00:00.000
1680192000006,8,0.00010000,2023-03-30 16:00:00.006
1680220800003,8,0.00010000,2023-03-31 00:00:00.003
1680249600006,8,0.00010000,2023-03-31 08:00:00.006
1680278400011,8,0.00010000,2023-03-31 16:00:00.011
1680307200000,8,0.00010000,2023-04-01 00:00:00.000
1680336000000,8,0.00010000,2023-04-01 08:00:00.000
1680364800018,8,0.00010000,2023-04-01 16:00:00.018
1680393600013,8,0.00010000,2023-04-02 00:00:00.013
1680422400014,8,0.00010000,2023-04-02 08:00:00.014
1680451200001,8,0.00010000,2023-04-02 16:00:00.001
1680480000000,8,0.00003631,2023-04-03 00:00:00.000
1680508800013,8,0.00010000,2023-04-03 08:00:00.013
1680537600011,8,0.00008344,2023-04-03 16:00:00.011
1680566400002,8,0.00010000,2023-04-04 00:00:00.002
1680595200017,8,0.00010000,2023-04-04 08:00:00.017
1680624000008,8,0.00010000,2023-04-04 16:00:00.008
1680652800000,8,0.00010000,2023-04-05 00:00:00.000
1680681600016,8,0.00010000,2023-04-05 08:00:00.016
1680710400004,8,0.00010000,2023-04-05 16:00:00.004
1680739200000,8,0.00010000,2023-04-06 00:00:00.000
1680768000011,8,0.00010000,2023-04-06 08:00:00.011
1680796800000,8,0.00010000,2023-04-06 16:00:00.000
1680825600006,8,0.00010000,2023-04-07 00:00:00.006
1680854400005,8,0.00010000,2023-04-07 08:00:00.005
1680883200000,8,0.00010000,2023-04-07 16:00:00.000
1680912000000,8,0.00006178,2023-04-08 00:00:00.000
1680940800014,8,0.00004562,2023-04-08 08:00:00.014
1680969600018,8,0.00010000,2023-04-08 16:00:00.018
1680998400013,8,0.00005399,2023-04-09 00:00:00.013
1681027200024,8,0.00001683,2023-04-09 08:00:00.024
1681056000010,8,0.00009207,2023-04-09 16:00:00.010
1681084800000,8,0.00010000,2023-04-10 00:00:00.000
1681113600010,8,0.00010000,2023-04-10 08:00:00.010
1681142400006,8,0.00010000,2023-04-10 16:00:00.006
1681171200008,8,0.00010000,2023-04-11 00:00:00.008
1681200000007,8,0.00010000,2023-04-11 08:00:00.007
1681228800016,8,0.00010000,2023-04-11 16:00:00.016
1681257600006,8,0.00010000,2023-04-12 00:00:00.006
1681286400008,8,0.00010000,2023-04-12 08:00:00.008
1681315200014,8,0.00010000,2023-04-12 16:00:00.014
1681344000027,8,0.00010000,2023-04-13 00:00:00.027
1681372800010,8,0.00010000,2023-04-13 08:00:00.010
1681401600000,8,0.00010000,2023-04-13 16:00:00.000
1681430400001,8,0.00010000,2023-04-14 00:00:00.001
1681459200008,8,0.00010000,2023-04-14 08:00:00.008
1681488000007,8,0.00010000,2023-04-14 16:00:00.007
1681516800007,8,0.00010000,2023-04-15 00:00:00.007
1681545600007,8,0.00010000,2023-04-15 08:00:00.007
1681574400011,8,0.00012998,2023-04-15 16:00:00.011
1681603200014,8,0.00014755,2023-04-16 00:00:00.014
1681632000007,8,0.00010000,2023-04-16 08:00:00.007
1681660800002,8,0.00010000,2023-04-16 16:00:00.002
1681689600017,8,0.00026176,2023-04-17 00:00:00.017
1681718400006,8,0.00056245,2023-04-17 08:00:00.006
1681747200000,8,0.00025168,2023-04-17 16:00:00.000
1681776000013,8,0.00027334,2023-04-18 00:00:00.013
1681804800017,8,0.00032737,2023-04-18 08:00:00.017
1681833600000,8,0.00026086,2023-04-18 16:00:00.000
1681862400022,8,0.00010000,2023-04-19 00:00:00.022
1681891200014,8,0.00010000,2023-04-19 08:00:00.014
1681920000000,8,0.00009762,2023-04-19 16:00:00.000
1681948800010,8,0.00010000,2023-04-20 00:00:00.010
1681977600012,8,0.00010000,2023-04-20 08:00:00.012
1682006400012,8,0.00010000,2023-04-20 16:00:00.012
1682035200009,8,0.00008371,2023-04-21 00:00:00.009
1682064000009,8,0.00010000,2023-04-21 08:00:00.009
1682092800003,8,0.00010000,2023-04-21 16:00:00.003
1682121600000,8,-0.00008252,2023-04-22 00:00:00.000
1682150400000,8,-0.00009347,2023-04-22 08:00:00.000
1682179200016,8,-0.00001018,2023-04-22 16:00:00.016
1682208000009,8,-0.00018232,2023-04-23 00:00:00.009
1682236800020,8,-0.00006446,2023-04-23 08:00:00.020
1682265600007,8,-0.00004437,2023-04-23 16:00:00.007
1682294400000,8,0.00001944,2023-04-24 00:00:00.000
1682323200008,8,-0.00001378,2023-04-24 08:00:00.008
1682352000006,8,0.00010000,2023-04-24 16:00:00.006
1682380800014,8,0.00002081,2023-04-25 00:00:00.014
1682409600009,8,0.00002559,2023-04-25 08:00:00.009
1682438400015,8,0.00005776,2023-04-25 16:00:00.015
1682467200015,8,0.00010000,2023-04-26 00:00:00.015
1682496000013,8,-0.00002177,2023-04-26 08:00:00.013
1682524800001,8,0.00005377,2023-04-26 16:00:00.001
1682553600014,8,-0.00007638,2023-04-27 00:00:00.014
1682582400008,8,0.00010000,2023-04-27 08:00:00.008
1682611200005,8,0.00008784,2023-04-27 16:00:00.005
1682640000011,8,0.00009493,2023-04-28 00:00:00.011
1682668800007,8,0.00010000,2023-04-28 08:00:00.007
1682697600006,8,0.00002227,2023-04-28 16:00:00.006
1682726400004,8,0.00006320,2023-04-29 00:00:00.004
1682755200016,8,0.00006470,2023-04-29 08:00:00.016
1682784000001,8,0.00009216,2023-04-29 16:00:00.001
1682812800008,8,0.00010000,2023-04-30 00:00:00.008
1682841600000,8,0.00000976,2023-04-30 08:00:00.000
1682870400010,8,0.00005990,2023-04-30 16:00:00.010
1682899200004,8,-0.00007086,2023-05-01 00:00:00.004
1682928000008,8,0.00006271,2023-05-01 08:00:00.008
1682956800014,8,0.00006429,2023-05-01 16:00:00.014
1682985600015,8,0.00006234,2023-05-02 00:00:00.015
1683014400018,8,0.00001006,2023-05-02 08:00:00.018
1683043200000,8,0.00000522,2023-05-02 16:00:00.000
1683072000009,8,0.00009125,2023-05-03 00:00:00.009
1683100800003,8,0.00001315,2023-05-03 08:00:00.003
1683129600011,8,-0.00001851,2023-05-03 16:00:00.011
1683158400000,8,0.00010000,2023-05-04 00:00:00.000
1683187200000,8,0.00006287,2023-05-04 08:00:00.000
1683216000011,8,0.00004834,2023-05-04 16:00:00.011
1683244800002,8,0.00010000,2023-05-05 00:00:00.002
1683273600000,8,0.00003192,2023-05-05 08:00:00.000
1683302400000,8,0.00010000,2023-05-05 16:00:00.000
1683331200009,8,0.00010000,2023-05-06 00:00:00.009
1683360000000,8,0.00010000,2023-05-06 08:00:00.000
1683388800000,8,-0.00003079,2023-05-06 16:00:00.000
1683417600000,8,-0.00015008,2023-05-07 00:00:00.000
1683446400000,8,-0.00007457,2023-05-07 08:00:00.000
1683475200006,8,-0.00008501,2023-05-07 16:00:00.006
1683504000000,8,0.00000293,2023-05-08 00:00:00.000
1683532800007,8,-0.00002320,2023-05-08 08:00:00.007
1683561600015,8,0.00003226,2023-05-08 16:00:00.015
1683590400015,8,-0.00012876,2023-05-09 00:00:00.015
1683619200000,8,-0.00007308,2023-05-09 08:00:00.000
1683648000000,8,-0.00009284,2023-05-09 16:00:00.000
1683676800007,8,-0.00012343,2023-05-10 00:00:00.007
1683705600003,8,-0.00000588,2023-05-10 08:00:00.003
1683734400000,8,-0.00005628,2023-05-10 16:00:00.000
1683763200011,8,0.00009594,2023-05-11 00:00:00.011
1683792000000,8,0.00010000,2023-05-11 08:00:00.000
1683820800005,8,0.00001095,2023-05-11 16:00:00.005
1683849600020,8,-0.00002998,2023-05-12 00:00:00.020
1683878400001,8,0.00002271,2023-05-12 08:00:00.001
1683907200010,8,0.00006382,2023-05-12 16:00:00.010
1683936000000,8,0.00003503,2023-05-13 00:00:00.000
1683964800000,8,0.00008183,2023-05-13 08:00:00.000
1683993600026,8,0.00007236,2023-05-13 16:00:00.026
1684022400029,8,0.00009771,2023-05-14 00:00:00.029
1684051200010,8,0.00003171,2023-05-14 08:00:00.010
1684080000008,8,0.00007311,2023-05-14 16:00:00.008
1684108800006,8,0.00003717,2023-05-15 00:00:00.006
1684137600005,8,0.00010000,2023-05-15 08:00:00.005
1684166400008,8,0.00002377,2023-05-15 16:00:00.008
1684195200021,8,0.00005549,2023-05-16 00:00:00.021
1684224000000,8,0.00004375,2023-05-16 08:00:00.000
1684252800000,8,0.00004555,2023-05-16 16:00:00.000
1684281600010,8,0.00006077,2023-05-17 00:00:00.010
1684310400000,8,0.00006978,2023-05-17 08:00:00.000
1684339200001,8,0.00001158,2023-05-17 16:00:00.001
1684368000000,8,0.00010000,2023-05-18 00:00:00.000
1684396800026,8,0.00010000,2023-05-18 08:00:00.026
1684425600019,8,0.00009472,2023-05-18 16:00:00.019
1684454400000,8,-0.00008796,2023-05-19 00:00:00.000
1684483200002,8,0.00000264,2023-05-19 08:00:00.002
1684512000000,8,0.00004939,2023-05-19 16:00:00.000
1684540800005,8,0.00000378,2023-05-20 00:00:00.005
1684569600014,8,-0.00005768,2023-05-20 08:00:00.014
1684598400020,8,-0.00007723,2023-05-20 16:00:00.020
1684627200014,8,-0.00000371,2023-05-21 00:00:00.014
1684656000001,8,0.00005031,2023-05-21 08:00:00.001
1684684800015,8,0.00001769,2023-05-21 16:00:00.015
1684713600028,8,0.00001579,2023-05-22 00:00:00.028
1684742400000,8,0.00003473,2023-05-22 08:00:00.000
1684771200012,8,0.00010000,2023-05-22 16:00:00.012
1684800000006,8,0.00010000,2023-05-23 00:00:00.006
1684828800014,8,0.00010000,2023-05-23 08:00:00.014
1684857600008,8,0.00010000,2023-05-23 16:00:00.008
1684886400000,8,0.00010000,2023-05-24 00:00:00.000
1684915200025,8,0.00010000,2023-05-24 08:00:00.025
1684944000008,8,0.00010000,2023-05-24 16:00:00.008
1684972800000,8,0.00002342,2023-05-25 00:00:00.000
1685001600025,8,0.00005189,2023-05-25 08:00:00.025
1685030400016,8,0.00005898,2023-05-25 16:00:00.016
1685059200000,8,0.00010000,2023-05-26 00:00:00.000
1685088000024,8,0.00010000,2023-05-26 08:00:00.024
1685116800012,8,0.00010000,2023-05-26 16:00:00.012
1685145600012,8,0.00010000,2023-05-27 00:00:00.012
1685174400018,8,0.00010000,2023-05-27 08:00:00.018
1685203200008,8,0.00010000,2023-05-27 16:00:00.008
1685232000017,8,0.00010000,2023-05-28 00:00:00.017
1685260800015,8,0.00010000,2023-05-28 08:00:00.015
1685289600000,8,0.00010000,2023-05-28 16:00:00.000
1685318400000,8,0.00010000,2023-05-29 00:00:00.000
1685347200020,8,0.00010000,2023-05-29 08:00:00.020
1685376000011,8,0.00010000,2023-05-29 16:00:00.011
1685404800003,8,0.00010000,2023-05-30 00:00:00.003
1685433600000,8,0.00010000,2023-05-30 08:00:00.000
1685462400003,8,0.00010000,2023-05-30 16:00:00.003
1685491200013,8,0.00010000,2023-05-31 00:00:00.013
1685520000000,8,0.00010000,2023-05-31 08:00:00.000
1685548800000,8,0.00007884,2023-05-31 16:00:00.000
1685577600008,8,-0.00001870,2023-06-01 00:00:00.008
1685606400012,8,0.00010000,2023-06-01 08:00:00.012
1685635200000,8,0.00010000,2023-06-01 16:00:00.000
1685664000000,8,0.00010000,2023-06-02 00:00:00.000
1685692800006,8,0.00010000,2023-06-02 08:00:00.006
1685721600012,8,0.00010000,2023-06-02 16:00:00.012
1685750400000,8,0.00010000,2023-06-03 00:00:00.000
1685779200011,8,0.00010000,2023-06-03 08:00:00.011
1685808000003,8,0.00010000,2023-06-03 16:00:00.003
1685836800000,8,0.00010000,2023-06-04 00:00:00.000
1685865600000,8,0.00010000,2023-06-04 08:00:00.000
1685894400000,8,0.00010000,2023-06-04 16:00:00.000
1685923200005,8,0.00010000,2023-06-05 00:00:00.005
1685952000000,8,0.00010000,2023-06-05 08:00:00.000
1685980800000,8,0.00010000,2023-06-05 16:00:00.000
1686009600000,8,0.00004557,2023-06-06 00:00:00.000
1686038400009,8,0.00006766,2023-06-06 08:00:00.009
1686067200013,8,0.00010000,2023-06-06 16:00:00.013
1686096000000,8,0.00010000,2023-06-07 00:00:00.000
1686124800016,8,0.00010000,2023-06-07 08:00:00.016
1686153600000,8,0.00010000,2023-06-07 16:00:00.000
1686182400006,8,0.00010000,2023-06-08 00:00:00.006
1686211200000,8,0.00007860,2023-06-08 08:00:00.000
1686240000000,8,0.00010000,2023-06-08 16:00:00.000
1686268800000,8,0.00008752,2023-06-09 00:00:00.000
1686297600000,8,0.00010000,2023-06-09 08:00:00.000
1686326400000,8,0.00010000,2023-06-09 16:00:00.000
1686355200000,8,0.00010000,2023-06-10 00:00:00.000
1686384000000,8,-0.00032845,2023-06-10 08:00:00.000
1686412800000,8,-0.00062672,2023-06-10 16:00:00.000
1686441600001,8,-0.00049554,2023-06-11 00:00:00.001
1686470400000,8,-0.00039183,2023-06-11 08:00:00.000
1686499200000,8,-0.00043113,2023-06-11 16:00:00.000
1686528000000,8,-0.00044183,2023-06-12 00:00:00.000
1686556800000,8,-0.00019176,2023-06-12 08:00:00.000
1686585600001,8,-0.00021977,2023-06-12 16:00:00.001
1686614400000,8,-0.00006949,2023-06-13 00:00:00.000
1686643200000,8,-0.00014585,2023-06-13 08:00:00.000
1686672000000,8,-0.00019394,2023-06-13 16:00:00.000
1686700800000,8,-0.00008790,2023-06-14 00:00:00.000
1686729600000,8,-0.00008320,2023-06-14 08:00:00.000
1686758400000,8,-0.00008808,2023-06-14 16:00:00.000
1686787200000,8,-0.00027602,2023-06-15 00:00:00.000
1686816000000,8,-0.00001008,2023-06-15 08:00:00.000
1686844800000,8,0.00000552,2023-06-15 16:00:00.000
1686873600000,8,-0.00013372,2023-06-16 00:00:00.000
1686902400000,8,0.00005900,2023-06-16 08:00:00.000
1686931200000,8,-0.00001819,2023-06-16 16:00:00.000
1686960000000,8,0.00004756,2023-06-17 00:00:00.000
1686988800000,8,-0.00006723,2023-06-17 08:00:00.000
1687017600000,8,-0.00009170,2023-06-17 16:00:00.000
1687046400000,8,-0.00011727,2023-06-18 00:00:00.000
1687075200000,8,-0.00003139,2023-06-18 08:00:00.000
1687104000000,8,-0.00020415,2023-06-18 16:00:00.000
1687132800000,8,-0.00019724,2023-06-19 00:00:00.000
1687161600000,8,-0.00017304,2023-06-19 08:00:00.000
1687190400000,8,-0.00018848,2023-06-19 16:00:00.000
1687219200001,8,-0.00017824,2023-06-20 00:00:00.001
1687248000000,8,-0.00005676,2023-06-20 08:00:00.000
1687276800000,8,-0.00016507,2023-06-20 16:00:00.000
1687305600000,8,0.00010000,2023-06-21 00:00:00.000
1687334400000,8,0.00010000,2023-06-21 08:00:00.000
1687363200000,8,-0.00000246,2023-06-21 16:00:00.000
1687392000000,8,0.00008208,2023-06-22 00:00:00.000
1687420800001,8,0.00005879,2023-06-22 08:00:00.001
1687449600000,8,0.00010000,2023-06-22 16:00:00.000
1687478400000,8,0.00010000,2023-06-23 00:00:00.000
1687507200000,8,0.00010000,2023-06-23 08:00:00.000
1687536000000,8,0.00010000,2023-06-23 16:00:00.000
1687564800000,8,0.00010000,2023-06-24 00:00:00.000
1687593600000,8,0.00010000,2023-06-24 08:00:00.000
1687622400000,8,0.00006331,2023-06-24 16:00:00.000
1687651200000,8,0.00010000,2023-06-25 00:00:00.000
1687680000000,8,0.00010000,2023-06-25 08:00:00.000
1687708800000,8,0.00010000,2023-06-25 16:00:00.000
1687737600000,8,0.00010000,2023-06-26 00:00:00.000
1687766400000,8,0.00010000,2023-06-26 08:00:00.000
1687795200000,8,0.00010000,2023-06-26 16:00:00.000
1687824000000,8,0.00010000,2023-06-27 00:00:00.000
1687852800000,8,0.00010000,2023-06-27 08:00:00.000
1687881600000,8,0.00010000,2023-06-27 16:00:00.000
1687910400000,8,0.00010000,2023-06-28 00:00:00.000
1687939200000,8,0.00007532,2023-06-28 08:00:00.000
1687968000000,8,0.00006718,2023-06-28 16:00:00.000
1687996800000,8,-0.00011608,2023-06-29 00:00:00.000
1688025600000,8,0.00003964,2023-06-29 08:00:00.000
1688054400000,8,0.00001260,2023-06-29 16:00:00.000
1688083200000,8,-0.00003952,2023-06-30 00:00:00.000
1688112000000,8,0.00010000,2023-06-30 08:00:00.000
1688140800001,8,0.00010000,2023-06-30 16:00:00.001
1688169600000,8,0.00010000,2023-07-01 00:00:00.000
1688198400000,8,0.00010000,2023-07-01 08:00:00.000
1688227200000,8,0.00010000,2023-07-01 16:00:00.000
1688256000000,8,0.00010000,2023-07-02 00:00:00.000
1688284800000,8,0.00000773,2023-07-02 08:00:00.000
1688313600001,8,0.00010000,2023-07-02 16:00:00.001
1688342400000,8,0.00010000,2023-07-03 00:00:00.000
1688371200000,8,0.00010000,2023-07-03 08:00:00.000
1688400000000,8,0.00010000,2023-07-03 16:00:00.000
1688428800001,8,0.00010000,2023-07-04 00:00:00.001
1688457600000,8,0.00010000,2023-07-04 08:00:00.000
1688486400000,8,0.00010000,2023-07-04 16:00:00.000
1688515200000,8,0.00010000,2023-07-05 00:00:00.000
1688544000000,8,0.00010000,2023-07-05 08:00:00.000
1688572800000,8,-0.00017834,2023-07-05 16:00:00.000
1688601600000,8,0.00000211,2023-07-06 00:00:00.000
1688630400000,8,0.00010000,2023-07-06 08:00:00.000
1688659200000,8,-0.00015923,2023-07-06 16:00:00.000
1688688000000,8,-0.00010310,2023-07-07 00:00:00.000
1688716800000,8,-0.00005070,2023-07-07 08:00:00.000
1688745600000,8,0.00003173,2023-07-07 16:00:00.000
1688774400000,8,0.00005300,2023-07-08 00:00:00.000
1688803200000,8,0.00010000,2023-07-08 08:00:00.000
1688832000000,8,0.00010000,2023-07-08 16:00:00.000
1688860800000,8,0.00010000,2023-07-09 00:00:00.000
1688889600000,8,0.00009046,2023-07-09 08:00:00.000
1688918400000,8,0.00010000,2023-07-09 16:00:00.000
1688947200000,8,0.00010000,2023-07-10 00:00:00.000
1688976000000,8,0.00007438,2023-07-10 08:00:00.000
1689004800000,8,0.00004282,2023-07-10 16:00:00.000
1689033600000,8,0.00004253,2023-07-11 00:00:00.000
1689062400000,8,0.00010000,2023-07-11 08:00:00.000
1689091200000,8,0.00004173,2023-07-11 16:00:00.000
1689120000000,8,0.00007306,2023-07-12 00:00:00.000
1689148800000,8,0.00007143,2023-07-12 08:00:00.000
1689177600000,8,0.00007448,2023-07-12 16:00:00.000
1689206400000,8,0.00002545,2023-07-13 00:00:00.000
1689235200000,8,0.00006690,2023-07-13 08:00:00.000
1689264000000,8,-0.00009587,2023-07-13 16:00:00.000
1689292800000,8,0.00010000,2023-07-14 00:00:00.000
1689321600000,8,0.00010000,2023-07-14 08:00:00.000
1689350400000,8,0.00010000,2023-07-14 16:00:00.000
1689379200000,8,0.00010000,2023-07-15 00:00:00.000
1689408000000,8,0.00010000,2023-07-15 08:00:00.000
1689436800000,8,0.00010000,2023-07-15 16:00:00.000
1689465600001,8,0.00010000,2023-07-16 00:00:00.001
1689494400000,8,0.00010000,2023-07-16 08:00:00.000
1689523200000,8,0.00010000,2023-07-16 16:00:00.000
1689552000000,8,0.00008030,2023-07-17 00:00:00.000
1689580800000,8,0.00010000,2023-07-17 08:00:00.000
1689609600000,8,0.00010000,2023-07-17 16:00:00.000
1689638400000,8,0.00010000,2023-07-18 00:00:00.000
1689667200000,8,0.00010000,2023-07-18 08:00:00.000
1689696000000,8,0.00010000,2023-07-18 16:00:00.000
1689724800000,8,0.00010000,2023-07-19 00:00:00.000
1689753600000,8,0.00010000,2023-07-19 08:00:00.000
1689782400001,8,0.00010000,2023-07-19 16:00:00.001
1689811200000,8,0.00010000,2023-07-20 00:00:00.000
1689840000000,8,0.00010000,2023-07-20 08:00:00.000
1689868800000,8,0.00010000,2023-07-20 16:00:00.000
1689897600001,8,0.00008995,2023-07-21 00:00:00.001
1689926400000,8,0.00003425,2023-07-21 08:00:00.000
1689955200000,8,0.00010000,2023-07-21 16:00:00.000
1689984000000,8,0.00010000,2023-07-22 00:00:00.000
1690012800000,8,0.00010000,2023-07-22 08:00:00.000
1690041600000,8,-0.00003911,2023-07-22 16:00:00.000
1690070400000,8,0.00002010,2023-07-23 00:00:00.000
1690099200000,8,0.00007075,2023-07-23 08:00:00.000
1690128000000,8,0.00010000,2023-07-23 16:00:00.000
1690156800000,8,0.00010000,2023-07-24 00:00:00.000
1690185600000,8,0.00010000,2023-07-24 08:00:00.000
1690214400000,8,0.00008705,2023-07-24 16:00:00.000
1690243200000,8,0.00010000,2023-07-25 00:00:00.000
1690272000000,8,0.00009506,2023-07-25 08:00:00.000
1690300800000,8,-0.00007046,2023-07-25 16:00:00.000
1690329600000,8,-0.00000505,2023-07-26 00:00:00.000
1690358400001,8,0.00006606,2023-07-26 08:00:00.001
1690387200000,8,0.00010000,2023-07-26 16:00:00.000
1690416000000,8,0.00004541,2023-07-27 00:00:00.000
1690444800000,8,0.00004217,2023-07-27 08:00:00.000
1690473600001,8,-0.00007122,2023-07-27 16:00:00.001
1690502400000,8,0.00009493,2023-07-28 00:00:00.000
1690531200000,8,0.00010000,2023-07-28 08:00:00.000
1690560000000,8,0.00007008,2023-07-28 16:00:00.000
1690588800000,8,0.00010000,2023-07-29 00:00:00.000
1690617600000,8,-0.00000668,2023-07-29 08:00:00.000
1690646400001,8,0.00010000,2023-07-29 16:00:00.001
1690675200000,8,0.00009068,2023-07-30 00:00:00.000
1690704000000,8,0.00010000,2023-07-30 08:00:00.000
1690732800000,8,0.00010000,2023-07-30 16:00:00.000
1690761600000,8,0.00008620,2023-07-31 00:00:00.000
1690790400000,8,0.00009854,2023-07-31 08:00:00.000
1690819200001,8,-0.00003648,2023-07-31 16:00:00.001
1690848000000,8,-0.00009356,2023-08-01 00:00:00.000
1690876800000,8,0.00003820,2023-08-01 08:00:00.000
1690905600000,8,0.00010000,2023-08-01 16:00:00.000
1690934400000,8,0.00010000,2023-08-02 00:00:00.000
1690963200000,8,0.00002291,2023-08-02 08:00:00.000
1690992000000,8,0.00002077,2023-08-02 16:00:00.000
1691020800000,8,-0.00000225,2023-08-03 00:00:00.000
1691049600000,8,0.00001294,2023-08-03 08:00:00.000
1691078400001,8,0.00002673,2023-08-03 16:00:00.001
1691107200000,8,-0.00004145,2023-08-04 00:00:00.000
1691136000000,8,-0.00005397,2023-08-04 08:00:00.000
1691164800000,8,-0.00000686,2023-08-04 16:00:00.000
1691193600000,8,0.00004434,2023-08-05 00:00:00.000
1691222400000,8,0.00000750,2023-08-05 08:00:00.000
1691251200001,8,-0.00013049,2023-08-05 16:00:00.001
1691280000000,8,-0.00010260,2023-08-06 00:00:00.000
1691308800001,8,0.00010000,2023-08-06 08:00:00.001
1691337600005,8,0.00010000,2023-08-06 16:00:00.005
1691366400000,8,0.00010000,2023-08-07 00:00:00.000
1691395200000,8,0.00010000,2023-08-07 08:00:00.000
1691424000000,8,0.00010000,2023-08-07 16:00:00.000
1691452800000,8,-0.00001042,2023-08-08 00:00:00.000
1691481600000,8,0.00009228,2023-08-08 08:00:00.000
1691510400000,8,0.00010000,2023-08-08 16:00:00.000
1691539200000,8,0.00010000,2023-08-09 00:00:00.000
1691568000000,8,0.00010000,2023-08-09 08:00:00.000
1691596800000,8,0.00010000,2023-08-09 16:00:00.000
1691625600001,8,0.00010000,2023-08-10 00:00:00.001
1691654400000,8,0.00008651,2023-08-10 08:00:00.000
1691683200000,8,0.00003380,2023-08-10 16:00:00.000
1691712000000,8,0.00010000,2023-08-11 00:00:00.000
1691740800000,8,-0.00005992,2023-08-11 08:00:00.000
1691769600000,8,-0.00002082,2023-08-11 16:00:00.000
1691798400000,8,0.00000406,2023-08-12 00:00:00.000
1691827200000,8,0.00004158,2023-08-12 08:00:00.000
1691856000000,8,0.00007913,2023-08-12 16:00:00.000
1691884800000,8,-0.00009679,2023-08-13 00:00:00.000
1691913600000,8,-0.00010468,2023-08-13 08:00:00.000
1691942400000,8,-0.00013785,2023-08-13 16:00:00.000
1691971200001,8,-0.00000607,2023-08-14 00:00:00.001
1692000000000,8,0.00010000,2023-08-14 08:00:00.000
1692028800000,8,0.00010000,2023-08-14 16:00:00.000
1692057600001,8,0.00010000,2023-08-15 00:00:00.001
1692086400000,8,0.00010000,2023-08-15 08:00:00.000
1692115200000,8,0.00010000,2023-08-15 16:00:00.000
1692144000000,8,-0.00024918,2023-08-16 00:00:00.000
1692172800001,8,-0.00008704,2023-08-16 08:00:00.001
1692201600000,8,0.00001561,2023-08-16 16:00:00.000
1692230400000,8,-0.00019126,2023-08-17 00:00:00.000
1692259200000,8,0.00007750,2023-08-17 08:00:00.000
1692288000000,8,0.00000877,2023-08-17 16:00:00.000
1692316800000,8,-0.00104211,2023-08-18 00:00:00.000
1692345600000,8,-0.00010876,2023-08-18 08:00:00.000
1692374400000,8,0.00007602,2023-08-18 16:00:00.000
1692403200000,8,-0.00007619,2023-08-19 00:00:00.000
1692432000000,8,0.00009363,2023-08-19 08:00:00.000
1692460800000,8,-0.00010850,2023-08-19 16:00:00.000
1692489600000,8,-0.00021601,2023-08-20 00:00:00.000
1692518400000,8,-0.00017488,2023-08-20 08:00:00.000
1692547200000,8,-0.00016703,2023-08-20 16:00:00.000
1692576000000,8,0.00002814,2023-08-21 00:00:00.000
1692604800000,8,0.00000659,2023-08-21 08:00:00.000
1692633600000,8,-0.00014387,2023-08-21 16:00:00.000
1692662400000,8,-0.00016897,2023-08-22 00:00:00.000
1692691200000,8,-0.00023828,2023-08-22 08:00:00.000
1692720000000,8,-0.00022065,2023-08-22 16:00:00.000
1692748800000,8,-0.00025692,2023-08-23 00:00:00.000
1692777600000,8,-0.00032539,2023-08-23 08:00:00.000
1692806400000,8,-0.00024482,2023-08-23 16:00:00.000
1692835200000,8,-0.00009955,2023-08-24 00:00:00.000
1692864000000,8,-0.00003156,2023-08-24 08:00:00.000
1692892800000,8,-0.00034825,2023-08-24 16:00:00.000
1692921600000,8,-0.00015128,2023-08-25 00:00:00.000
1692950400000,8,-0.00014514,2023-08-25 08:00:00.000
1692979200000,8,-0.00031387,2023-08-25 16:00:00.000
1693008000000,8,-0.00019886,2023-08-26 00:00:00.000
1693036800000,8,-0.00004841,2023-08-26 08:00:00.000
1693065600000,8,-0.00013791,2023-08-26 16:00:00.000
1693094400000,8,0.00004544,2023-08-27 00:00:00.000
1693123200000,8,0.00006553,2023-08-27 08:00:00.000
1693152000000,8,0.00003024,2023-08-27 16:00:00.000
1693180800000,8,-0.00002010,2023-08-28 00:00:00.000
1693209600001,8,-0.00003933,2023-08-28 08:00:00.001
1693238400001,8,0.00007204,2023-08-28 16:00:00.001
1693267200000,8,0.00007769,2023-08-29 00:00:00.000
1693296000000,8,-0.00022446,2023-08-29 08:00:00.000
1693324800000,8,-0.00013393,2023-08-29 16:00:00.000
1693353600000,8,0.00010000,2023-08-30 00:00:00.000
1693382400000,8,0.00008960,2023-08-30 08:00:00.000
1693411200000,8,0.00001154,2023-08-30 16:00:00.000
1693440000000,8,0.00001535,2023-08-31 00:00:00.000
1693468800000,8,0.00005806,2023-08-31 08:00:00.000
1693497600000,8,-0.00005581,2023-08-31 16:00:00.000
1693526400000,8,-0.00010635,2023-09-01 00:00:00.000
1693555200000,8,-0.00020661,2023-09-01 08:00:00.000
1693584000001,8,-0.00017704,2023-09-01 16:00:00.001
1693612800000,8,-0.00015921,2023-09-02 00:00:00.000
1693641600000,8,-0.00012616,2023-09-02 08:00:00.000
1693670400000,8,-0.00018896,2023-09-02 16:00:00.000
1693699200000,8,-0.00020188,2023-09-03 00:00:00.000
1693728000000,8,-0.00004997,2023-09-03 08:00:00.000
1693756800000,8,-0.00005783,2023-09-03 16:00:00.000
1693785600000,8,0.00010000,2023-09-04 00:00:00.000
1693814400000,8,-0.00008471,2023-09-04 08:00:00.000
1693843200000,8,-0.00007374,2023-09-04 16:00:00.000
1693872000000,8,-0.00011266,2023-09-05 00:00:00.000
1693900800000,8,-0.00003911,2023-09-05 08:00:00.000
1693929600000,8,0.00006597,2023-09-05 16:00:00.000
1693958400000,8,0.00002060,2023-09-06 00:00:00.000
1693987200000,8,0.00005045,2023-09-06 08:00:00.000
1694016000001,8,-0.00000308,2023-09-06 16:00:00.001
1694044800000,8,0.00001039,2023-09-07 00:00:00.000
1694073600000,8,0.00006057,2023-09-07 08:00:00.000
1694102400000,8,-0.00011005,2023-09-07 16:00:00.000
1694131200000,8,-0.00016389,2023-09-08 00:00:00.000
1694160000000,8,-0.00003578,2023-09-08 08:00:00.000
1694188800000,8,-0.00000563,2023-09-08 16:00:00.000
1694217600000,8,0.00001036,2023-09-09 00:00:00.000
1694246400000,8,-0.00003809,2023-09-09 08:00:00.000
1694275200000,8,-0.00006457,2023-09-09 16:00:00.000
1694304000000,8,-0.00027483,2023-09-10 00:00:00.000
1694332800000,8,-0.00040009,2023-09-10 08:00:00.000
1694361600000,8,-0.00030866,2023-09-10 16:00:00.000
1694390400000,8,-0.00022746,2023-09-11 00:00:00.000
1694419200000,8,-0.00018572,2023-09-11 08:00:00.000
1694448000001,8,-0.00002498,2023-09-11 16:00:00.001
1694476800000,8,0.00006230,2023-09-12 00:00:00.000
1694505600000,8,0.00005996,2023-09-12 08:00:00.000
1694534400000,8,0.00005532,2023-09-12 16:00:00.000
1694563200000,8,-0.00011844,2023-09-13 00:00:00.000
1694592000000,8,-0.00006234,2023-09-13 08:00:00.000
1694620800000,8,-0.00011566,2023-09-13 16:00:00.000
1694649600000,8,-0.00002672,2023-09-14 00:00:00.000
1694678400001,8,-0.00006339,2023-09-14 08:00:00.001
1694707200000,8,-0.00008732,2023-09-14 16:00:00.000
1694736000000,8,0.00000297,2023-09-15 00:00:00.000
1694764800000,8,0.00007049,2023-09-15 08:00:00.000
1694793600000,8,0.00000836,2023-09-15 16:00:00.000
1694822400000,8,0.00003376,2023-09-16 00:00:00.000
1694851200000,8,0.00010000,2023-09-16 08:00:00.000
1694880000000,8,-0.00001851,2023-09-16 16:00:00.000
1694908800000,8,0.00001425,2023-09-17 00:00:00.000
1694937600000,8,-0.00013415,2023-09-17 08:00:00.000
1694966400000,8,-0.00012303,2023-09-17 16:00:00.000
1694995200000,8,-0.00024561,2023-09-18 00:00:00.000
1695024000000,8,0.00000637,2023-09-18 08:00:00.000
1695052800000,8,-0.00003048,2023-09-18 16:00:00.000
1695081600000,8,-0.00007249,2023-09-19 00:00:00.000
1695110400001,8,-0.00006460,2023-09-19 08:00:00.001
1695139200000,8,0.00007866,2023-09-19 16:00:00.000
1695168000000,8,0.00006395,2023-09-20 00:00:00.000
1695196800000,8,-0.00009409,2023-09-20 08:00:00.000
1695225600000,8,-0.00010074,2023-09-20 16:00:00.000
1695254400001,8,0.00008448,2023-09-21 00:00:00.001
1695283200000,8,0.00003609,2023-09-21 08:00:00.000
1695312000000,8,-0.00018022,2023-09-21 16:00:00.000
1695340800000,8,-0.00006964,2023-09-22 00:00:00.000
1695369600000,8,-0.00000825,2023-09-22 08:00:00.000
1695398400000,8,0.00004246,2023-09-22 16:00:00.000
1695427200000,8,-0.00000236,2023-09-23 00:00:00.000
1695456000000,8,0.00005450,2023-09-23 08:00:00.000
1695484800000,8,0.00010000,2023-09-23 16:00:00.000
1695513600000,8,0.00010000,2023-09-24 00:00:00.000
1695542400000,8,0.00010000,2023-09-24 08:00:00.000
1695571200000,8,0.00004587,2023-09-24 16:00:00.000
1695600000000,8,0.00010000,2023-09-25 00:00:00.000
1695628800000,8,-0.00004927,2023-09-25 08:00:00.000
1695657600000,8,-0.00002653,2023-09-25 16:00:00.000
1695686400000,8,-0.00003515,2023-09-26 00:00:00.000
1695715200000,8,0.00010000,2023-09-26 08:00:00.000
1695744000000,8,0.00004630,2023-09-26 16:00:00.000
1695772800000,8,0.00010000,2023-09-27 00:00:00.000
1695801600001,8,0.00010000,2023-09-27 08:00:00.001
1695830400000,8,0.00010000,2023-09-27 16:00:00.000
1695859200000,8,0.00010000,2023-09-28 00:00:00.000
1695888000000,8,0.00010000,2023-09-28 08:00:00.000
1695916800000,8,0.00010000,2023-09-28 16:00:00.000
1695945600000,8,0.00004752,2023-09-29 00:00:00.000
1695974400000,8,0.00009197,2023-09-29 08:00:00.000
1696003200000,8,0.00010000,2023-09-29 16:00:00.000
1696032000000,8,0.00010000,2023-09-30 00:00:00.000
1696060800000,8,0.00010000,2023-09-30 08:00:00.000
1696089600000,8,0.00009778,2023-09-30 16:00:00.000
1696118400000,8,0.00010000,2023-10-01 00:00:00.000
1696147200000,8,0.00006585,2023-10-01 08:00:00.000
1696176000000,8,0.00010000,2023-10-01 16:00:00.000
1696204800000,8,0.00010000,2023-10-02 00:00:00.000
1696233600000,8,0.00001914,2023-10-02 08:00:00.000
1696262400000,8,0.00010000,2023-10-02 16:00:00.000
1696291200000,8,0.00010000,2023-10-03 00:00:00.000
1696320000000,8,0.00008716,2023-10-03 08:00:00.000
1696348800000,8,0.00005096,2023-10-03 16:00:00.000
1696377600000,8,0.00002378,2023-10-04 00:00:00.000
1696406400000,8,0.00008421,2023-10-04 08:00:00.000
1696435200000,8,0.00010000,2023-10-04 16:00:00.000
1696464000000,8,0.00010000,2023-10-05 00:00:00.000
1696492800000,8,0.00010000,2023-10-05 08:00:00.000
1696521600001,8,0.00009092,2023-10-05 16:00:00.001
1696550400000,8,0.00001650,2023-10-06 00:00:00.000
1696579200000,8,-0.00011178,2023-10-06 08:00:00.000
1696608000000,8,-0.00000289,2023-10-06 16:00:00.000
1696636800000,8,-0.00002441,2023-10-07 00:00:00.000
1696665600000,8,0.00000213,2023-10-07 08:00:00.000
1696694400000,8,0.00010000,2023-10-07 16:00:00.000
1696723200000,8,0.00010000,2023-10-08 00:00:00.000
1696752000001,8,0.00008389,2023-10-08 08:00:00.001
1696780800000,8,0.00010000,2023-10-08 16:00:00.000
1696809600000,8,0.00003738,2023-10-09 00:00:00.000
1696838400000,8,0.00010000,2023-10-09 08:00:00.000
1696867200000,8,0.00006691,2023-10-09 16:00:00.000
1696896000000,8,-0.00005879,2023-10-10 00:00:00.000
1696924800000,8,-0.00000720,2023-10-10 08:00:00.000
1696953600000,8,0.00007264,2023-10-10 16:00:00.000
1696982400000,8,-0.00004627,2023-10-11 00:00:00.000
1697011200000,8,0.00010000,2023-10-11 08:00:00.000
1697040000000,8,0.00002573,2023-10-11 16:00:00.000
1697068800000,8,0.00009033,2023-10-12 00:00:00.000
1697097600000,8,0.00010000,2023-10-12 08:00:00.000
1697126400000,8,0.00002575,2023-10-12 16:00:00.000
1697155200000,8,0.00000132,2023-10-13 00:00:00.000
1697184000000,8,0.00007952,2023-10-13 08:00:00.000
1697212800000,8,0.00001745,2023-10-13 16:00:00.000
1697241600000,8,-0.00005301,2023-10-14 00:00:00.000
1697270400000,8,0.00001196,2023-10-14 08:00:00.000
1697299200000,8,0.00003806,2023-10-14 16:00:00.000
1697328000000,8,0.00001961,2023-10-15 00:00:00.000
1697356800000,8,0.00010000,2023-10-15 08:00:00.000
1697385600000,8,0.00003071,2023-10-15 16:00:00.000
1697414400000,8,0.00001287,2023-10-16 00:00:00.000
1697443200000,8,0.00010000,2023-10-16 08:00:00.000
1697472000000,8,0.00010000,2023-10-16 16:00:00.000
1697500800000,8,0.00000279,2023-10-17 00:00:00.000
1697529600000,8,0.00006196,2023-10-17 08:00:00.000
1697558400000,8,0.00003906,2023-10-17 16:00:00.000
1697587200000,8,0.00006572,2023-10-18 00:00:00.000
1697616000000,8,0.00005829,2023-10-18 08:00:00.000
1697644800000,8,0.00008817,2023-10-18 16:00:00.000
1697673600000,8,-0.00004133,2023-10-19 00:00:00.000
1697702400001,8,0.00002328,2023-10-19 08:00:00.001
1697731200000,8,-0.00004520,2023-10-19 16:00:00.000
1697760000000,8,0.00002129,2023-10-20 00:00:00.000
1697788800005,8,0.00005311,2023-10-20 08:00:00.005
1697817600000,8,0.00005468,2023-10-20 16:00:00.000
1697846400000,8,-0.00003721,2023-10-21 00:00:00.000
1697875200000,8,0.00009849,2023-10-21 08:00:00.000
1697904000000,8,0.00010000,2023-10-21 16:00:00.000
1697932800000,8,0.00009662,2023-10-22 00:00:00.000
1697961600000,8,-0.00005169,2023-10-22 08:00:00.000
1697990400000,8,0.00008803,2023-10-22 16:00:00.000
1698019200000,8,0.00005630,2023-10-23 00:00:00.000
1698048000001,8,0.00009574,2023-10-23 08:00:00.001
1698076800001,8,0.00010000,2023-10-23 16:00:00.001
1698105600000,8,0.00010000,2023-10-24 00:00:00.000
1698134400000,8,0.00010000,2023-10-24 08:00:00.000
1698163200000,8,0.00010000,2023-10-24 16:00:00.000
1698192000000,8,0.00010000,2023-10-25 00:00:00.000
1698220800000,8,0.00010000,2023-10-25 08:00:00.000
1698249600001,8,0.00010000,2023-10-25 16:00:00.001
1698278400001,8,0.00010000,2023-10-26 00:00:00.001
1698307200000,8,0.00010000,2023-10-26 08:00:00.000
1698336000000,8,0.00010000,2023-10-26 16:00:00.000
1698364800000,8,0.00010000,2023-10-27 00:00:00.000
1698393600000,8,0.00010000,2023-10-27 08:00:00.000
1698422400000,8,0.00010000,2023-10-27 16:00:00.000
1698451200000,8,0.00010000,2023-10-28 00:00:00.000
1698480000001,8,0.00010000,2023-10-28 08:00:00.001
1698508800000,8,0.00010000,2023-10-28 16:00:00.000
1698537600000,8,0.00010000,2023-10-29 00:00:00.000
1698566400000,8,0.00010000,2023-10-29 08:00:00.000
1698595200000,8,0.00010000,2023-10-29 16:00:00.000
1698624000000,8,0.00010000,2023-10-30 00:00:00.000
1698652800000,8,0.00010000,2023-10-30 08:00:00.000
1698681600000,8,0.00010000,2023-10-30 16:00:00.000
1698710400001,8,0.00018156,2023-10-31 00:00:00.001
1698739200000,8,0.00010000,2023-10-31 08:00:00.000
1698768000000,8,0.00010000,2023-10-31 16:00:00.000
1698796800000,8,0.00010000,2023-11-01 00:00:00.000
1698825600000,8,0.00010000,2023-11-01 08:00:00.000
1698854400000,8,0.00010000,2023-11-01 16:00:00.000
1698883200001,8,0.00031014,2023-11-02 00:00:00.001
1698912000000,8,0.00027669,2023-11-02 08:00:00.000
1698940800000,8,0.00019586,2023-11-02 16:00:00.000
1698969600000,8,0.00010000,2023-11-03 00:00:00.000
1698998400000,8,0.00010000,2023-11-03 08:00:00.000
1699027200000,8,0.00010000,2023-11-03 16:00:00.000
1699056000000,8,0.00010000,2023-11-04 00:00:00.000
1699084800000,8,0.00010000,2023-11-04 08:00:00.000
1699113600000,8,0.00010000,2023-11-04 16:00:00.000
1699142400000,8,0.00010000,2023-11-05 00:00:00.000
1699171200000,8,0.00010000,2023-11-05 08:00:00.000
1699200000000,8,0.00012048,2023-11-05 16:00:00.000
1699228800000,8,0.00010000,2023-11-06 00:00:00.000
1699257600001,8,0.00010000,2023-11-06 08:00:00.001
1699286400000,8,0.00023531,2023-11-06 16:00:00.000
1699315200001,8,0.00010000,2023-11-07 00:00:00.001
1699344000000,8,0.00011014,2023-11-07 08:00:00.000
1699372800000,8,0.00016308,2023-11-07 16:00:00.000
1699401600000,8,0.00010000,2023-11-08 00:00:00.000
1699430400000,8,0.00011836,2023-11-08 08:00:00.000
1699459200000,8,0.00010000,2023-11-08 16:00:00.000
1699488000000,8,0.00010000,2023-11-09 00:00:00.000
1699516800000,8,0.00015255,2023-11-09 08:00:00.000
1699545600000,8,0.00041209,2023-11-09 16:00:00.000
1699574400000,8,0.00010000,2023-11-10 00:00:00.000
1699603200000,8,0.00036085,2023-11-10 08:00:00.000
1699632000000,8,0.00012720,2023-11-10 16:00:00.000
1699660800000,8,0.00040433,2023-11-11 00:00:00.000
1699689600000,8,0.00012819,2023-11-11 08:00:00.000
1699718400000,8,0.00029521,2023-11-11 16:00:00.000
1699747200000,8,0.00031013,2023-11-12 00:00:00.000
1699776000000,8,0.00021634,2023-11-12 08:00:00.000
1699804800001,8,0.00011617,2023-11-12 16:00:00.001
1699833600000,8,0.00012874,2023-11-13 00:00:00.000
1699862400000,8,0.00018603,2023-11-13 08:00:00.000
1699891200000,8,0.00038809,2023-11-13 16:00:00.000
1699920000000,8,0.00019237,2023-11-14 00:00:00.000
1699948800000,8,0.00010000,2023-11-14 08:00:00.000
1699977600001,8,0.00010000,2023-11-14 16:00:00.001
1700006400000,8,0.00010000,2023-11-15 00:00:00.000
1700035200000,8,0.00010000,2023-11-15 08:00:00.000
1700064000000,8,0.00011820,2023-11-15 16:00:00.000
1700092800000,8,0.00030624,2023-11-16 00:00:00.000
1700121600000,8,0.00010000,2023-11-16 08:00:00.000
1700150400001,8,0.00040911,2023-11-16 16:00:00.001
1700179200000,8,0.00010000,2023-11-17 00:00:00.000
1700208000001,8,0.00010000,2023-11-17 08:00:00.001
1700236800001,8,0.00010000,2023-11-17 16:00:00.001
1700265600000,8,0.00010000,2023-11-18 00:00:00.000
1700294400000,8,0.00010000,2023-11-18 08:00:00.000
1700323200000,8,0.00010000,2023-11-18 16:00:00.000
1700352000000,8,0.00010000,2023-11-19 00:00:00.000
1700380800000,8,0.00010000,2023-11-19 08:00:00.000
1700409600000,8,0.00010000,2023-11-19 16:00:00.000
1700438400000,8,0.00010000,2023-11-20 00:00:00.000
1700467200000,8,0.00010000,2023-11-20 08:00:00.000
1700496000000,8,0.00010000,2023-11-20 16:00:00.000
1700524800000,8,0.00010000,2023-11-21 00:00:00.000
1700553600000,8,0.00010000,2023-11-21 08:00:00.000
1700582400000,8,0.00010000,2023-11-21 16:00:00.000
1700611200000,8,0.00010000,2023-11-22 00:00:00.000
1700640000000,8,0.00010000,2023-11-22 08:00:00.000
1700668800000,8,0.00010000,2023-11-22 16:00:00.000
1700697600000,8,0.00010000,2023-11-23 00:00:00.000
1700726400000,8,0.00010000,2023-11-23 08:00:00.000
1700755200001,8,0.00010000,2023-11-23 16:00:00.001
1700784000000,8,0.00010000,2023-11-24 00:00:00.000
1700812800000,8,0.00010000,2023-11-24 08:00:00.000
1700841600000,8,0.00010000,2023-11-24 16:00:00.000
1700870400000,8,0.00010000,2023-11-25 00:00:00.000
1700899200000,8,0.00010000,2023-11-25 08:00:00.000
1700928000000,8,0.00010000,2023-11-25 16:00:00.000
1700956800000,8,0.00010000,2023-11-26 00:00:00.000
1700985600000,8,0.00013248,2023-11-26 08:00:00.000
1701014400000,8,0.00010000,2023-11-26 16:00:00.000
1701043200000,8,0.00010000,2023-11-27 00:00:00.000
1701072000001,8,0.00010000,2023-11-27 08:00:00.001
1701100800000,8,0.00010000,2023-11-27 16:00:00.000
1701129600000,8,0.00010000,2023-11-28 00:00:00.000
1701158400000,8,0.00010000,2023-11-28 08:00:00.000
1701187200000,8,0.00010000,2023-11-28 16:00:00.000
1701216000001,8,0.00010000,2023-11-29 00:00:00.001
1701244800000,8,0.00010000,2023-11-29 08:00:00.000
1701273600000,8,0.00010000,2023-11-29 16:00:00.000
1701302400000,8,0.00010000,2023-11-30 00:00:00.000
1701331200000,8,0.00010000,2023-11-30 08:00:00.000
1701360000000,8,0.00010000,2023-11-30 16:00:00.000
1701388800000,8,0.00010000,2023-12-01 00:00:00.000
1701417600000,8,0.00010000,2023-12-01 08:00:00.000
1701446400000,8,0.00010000,2023-12-01 16:00:00.000
1701475200000,8,0.00019360,2023-12-02 00:00:00.000
1701504000000,8,0.00010000,2023-12-02 08:00:00.000
1701532800000,8,0.00010000,2023-12-02 16:00:00.000
1701561600000,8,0.00013809,2023-12-03 00:00:00.000
1701590400000,8,0.00010554,2023-12-03 08:00:00.000
1701619200000,8,0.00010000,2023-12-03 16:00:00.000
1701648000000,8,0.00010000,2023-12-04 00:00:00.000
1701676800000,8,0.00035945,2023-12-04 08:00:00.000
1701705600000,8,0.00010000,2023-12-04 16:00:00.000
1701734400000,8,0.00010000,2023-12-05 00:00:00.000
1701763200000,8,0.00033313,2023-12-05 08:00:00.000
1701792000000,8,0.00010000,2023-12-05 16:00:00.000
1701820800000,8,0.00041753,2023-12-06 00:00:00.000
1701849600000,8,0.00039106,2023-12-06 08:00:00.000
1701878400000,8,0.00018120,2023-12-06 16:00:00.000
1701907200000,8,0.00018056,2023-12-07 00:00:00.000
1701936000000,8,0.00010000,2023-12-07 08:00:00.000
1701964800000,8,0.00010000,2023-12-07 16:00:00.000
1701993600000,8,0.00010000,2023-12-08 00:00:00.000
1702022400000,8,0.00020548,2023-12-08 08:00:00.000
1702051200000,8,0.00026308,2023-12-08 16:00:00.000
1702080000000,8,0.00049829,2023-12-09 00:00:00.000
1702108800000,8,0.00041650,2023-12-09 08:00:00.000
1702137600000,8,0.00032427,2023-12-09 16:00:00.000
1702166400000,8,0.00010000,2023-12-10 00:00:00.000
1702195200000,8,0.00010000,2023-12-10 08:00:00.000
1702224000000,8,0.00010000,2023-12-10 16:00:00.000
1702252800000,8,0.00026036,2023-12-11 00:00:00.000
1702281600000,8,0.00010000,2023-12-11 08:00:00.000
1702310400000,8,0.00010000,2023-12-11 16:00:00.000
1702339200000,8,0.00012410,2023-12-12 00:00:00.000
1702368000000,8,0.00011052,2023-12-12 08:00:00.000
1702396800000,8,0.00027776,2023-12-12 16:00:00.000
1702425600000,8,0.00010000,2023-12-13 00:00:00.000
1702454400000,8,0.00010000,2023-12-13 08:00:00.000
1702483200001,8,0.00010000,2023-12-13 16:00:00.001
1702512000000,8,0.00010000,2023-12-14 00:00:00.000
1702540800000,8,0.00010000,2023-12-14 08:00:00.000
1702569600000,8,0.00010000,2023-12-14 16:00:00.000
1702598400000,8,0.00010000,2023-12-15 00:00:00.000
1702627200000,8,0.00018905,2023-12-15 08:00:00.000
1702656000000,8,0.00030919,2023-12-15 16:00:00.000
1702684800000,8,0.00024209,2023-12-16 00:00:00.000
1702713600000,8,0.00016291,2023-12-16 08:00:00.000
1702742400001,8,0.00010000,2023-12-16 16:00:00.001
1702771200000,8,0.00010000,2023-12-17 00:00:00.000
1702800000000,8,0.00010000,2023-12-17 08:00:00.000
1702828800000,8,0.00010000,2023-12-17 16:00:00.000
1702857600000,8,0.00010000,2023-12-18 00:00:00.000
1702886400001,8,0.00010000,2023-12-18 08:00:00.001
1702915200000,8,0.00010000,2023-12-18 16:00:00.000
1702944000000,8,0.00010000,2023-12-19 00:00:00.000
1702972800000,8,0.00010000,2023-12-19 08:00:00.000
1703001600000,8,0.00010000,2023-12-19 16:00:00.000
1703030400000,8,0.00010000,2023-12-20 00:00:00.000
1703059200000,8,0.00010000,2023-12-20 08:00:00.000
1703088000000,8,0.00024236,2023-12-20 16:00:00.000
1703116800000,8,0.00027490,2023-12-21 00:00:00.000
1703145600000,8,0.00029422,2023-12-21 08:00:00.000
1703174400000,8,0.00035006,2023-12-21 16:00:00.000
1703203200000,8,0.00041417,2023-12-22 00:00:00.000
1703232000000,8,0.00037025,2023-12-22 08:00:00.000
1703260800000,8,0.00014786,2023-12-22 16:00:00.000
1703289600000,8,0.00010000,2023-12-23 00:00:00.000
1703318400001,8,0.00010000,2023-12-23 08:00:00.001
1703347200000,8,0.00012299,2023-12-23 16:00:00.000
1703376000000,8,0.00050432,2023-12-24 00:00:00.000
1703404800000,8,0.00029965,2023-12-24 08:00:00.000
1703433600000,8,0.00027999,2023-12-24 16:00:00.000
1703462400000,8,0.00022197,2023-12-25 00:00:00.000
1703491200000,8,0.00021898,2023-12-25 08:00:00.000
1703520000000,8,0.00045651,2023-12-25 16:00:00.000
1703548800000,8,0.00064000,2023-12-26 00:00:00.000
1703577600000,8,0.00010645,2023-12-26 08:00:00.000
1703606400000,8,0.00027908,2023-12-26 16:00:00.000
1703635200000,8,0.00010000,2023-12-27 00:00:00.000
1703664000000,8,0.00015534,2023-12-27 08:00:00.000
1703692800000,8,0.00027933,2023-12-27 16:00:00.000
1703721600000,8,0.00042320,2023-12-28 00:00:00.000
1703750400000,8,0.00071411,2023-12-28 08:00:00.000
1703779200000,8,0.00082332,2023-12-28 16:00:00.000
1703808000001,8,0.00066454,2023-12-29 00:00:00.001
1703836800000,8,0.00036130,2023-12-29 08:00:00.000
1703865600000,8,0.00064214,2023-12-29 16:00:00.000
1703894400001,8,0.00032939,2023-12-30 00:00:00.001
1703923200000,8,0.00041857,2023-12-30 08:00:00.000
1703952000000,8,0.00040004,2023-12-30 16:00:00.000
1703980800000,8,0.00038496,2023-12-31 00:00:00.000
1704009600001,8,0.00044807,2023-12-31 08:00:00.001
1704038400000,8,0.00042908,2023-12-31 16:00:00.000
1704067200000,8,0.00025310,2024-01-01 00:00:00.000
1704096000000,8,0.00034314,2024-01-01 08:00:00.000
1704124800000,8,0.00058407,2024-01-01 16:00:00.000
1704153600000,8,0.00063540,2024-01-02 00:00:00.000
1704182400000,8,0.00045506,2024-01-02 08:00:00.000
1704211200000,8,0.00073814,2024-01-02 16:00:00.000
1704240000000,8,0.00039584,2024-01-03 00:00:00.000
1704268800000,8,0.00031764,2024-01-03 08:00:00.000
1704297600000,8,0.00010000,2024-01-03 16:00:00.000
1704326400000,8,0.00010000,2024-01-04 00:00:00.000
1704355200000,8,0.00010000,2024-01-04 08:00:00.000
1704384000000,8,0.00010000,2024-01-04 16:00:00.000
1704412800001,8,0.00010000,2024-01-05 00:00:00.001
1704441600000,8,0.00010000,2024-01-05 08:00:00.000
1704470400000,8,0.00010000,2024-01-05 16:00:00.000
1704499200000,8,0.00010000,2024-01-06 00:00:00.000
1704528000000,8,0.00010000,2024-01-06 08:00:00.000
1704556800000,8,0.00010000,2024-01-06 16:00:00.000
1704585600000,8,0.00010000,2024-01-07 00:00:00.000
1704614400001,8,0.00010000,2024-01-07 08:00:00.001
1704643200001,8,0.00010000,2024-01-07 16:00:00.001
1704672000000,8,0.00010000,2024-01-08 00:00:00.000
1704700800000,8,0.00010000,2024-01-08 08:00:00.000
1704729600000,8,0.00010000,2024-01-08 16:00:00.000
1704758400001,8,0.00010000,2024-01-09 00:00:00.001
1704787200000,8,0.00010000,2024-01-09 08:00:00.000
1704816000000,8,0.00010000,2024-01-09 16:00:00.000
1704844800000,8,0.00010000,2024-01-10 00:00:00.000
1704873600000,8,0.00010000,2024-01-10 08:00:00.000
1704902400000,8,0.00010000,2024-01-10 16:00:00.000
1704931200000,8,0.00010000,2024-01-11 00:00:00.000
1704960000000,8,0.00010000,2024-01-11 08:00:00.000
1704988800000,8,0.00010000,2024-01-11 16:00:00.000
1705017600001,8,0.00010000,2024-01-12 00:00:00.001
1705046400000,8,0.00010000,2024-01-12 08:00:00.000
1705075200000,8,0.00010000,2024-01-12 16:00:00.000
1705104000000,8,0.00010000,2024-01-13 00:00:00.000
1705132800000,8,0.00010000,2024-01-13 08:00:00.000
1705161600001,8,0.00010000,2024-01-13 16:00:00.001
1705190400000,8,0.00010000,2024-01-14 00:00:00.000
1705219200000,8,0.00010000,2024-01-14 08:00:00.000
1705248000001,8,0.00010000,2024-01-14 16:00:00.001
1705276800000,8,0.00010000,2024-01-15 00:00:00.000
1705305600000,8,0.00010000,2024-01-15 08:00:00.000
1705334400000,8,0.00010000,2024-01-15 16:00:00.000
1705363200000,8,0.00010000,2024-01-16 00:00:00.000
1705392000000,8,0.00010000,2024-01-16 08:00:00.000
1705420800001,8,0.00010000,2024-01-16 16:00:00.001
1705449600000,8,0.00010000,2024-01-17 00:00:00.000
1705478400000,8,0.00010000,2024-01-17 08:00:00.000
1705507200000,8,0.00010000,2024-01-17 16:00:00.000
1705536000001,8,0.00010000,2024-01-18 00:00:00.001
1705564800000,8,0.00010000,2024-01-18 08:00:00.000
1705593600000,8,0.00010000,2024-01-18 16:00:00.000
1705622400000,8,0.00010000,2024-01-19 00:00:00.000
1705651200000,8,0.00010000,2024-01-19 08:00:00.000
1705680000002,8,0.00010000,2024-01-19 16:00:00.002
1705708800000,8,0.00010000,2024-01-20 00:00:00.000
1705737600003,8,0.00010000,2024-01-20 08:00:00.003
1705766400000,8,0.00010000,2024-01-20 16:00:00.000
1705795200000,8,0.00010000,2024-01-21 00:00:00.000
1705824000000,8,0.00010000,2024-01-21 08:00:00.000
1705852800000,8,0.00010000,2024-01-21 16:00:00.000
1705881600000,8,0.00010000,2024-01-22 00:00:00.000
1705910400000,8,0.00010000,2024-01-22 08:00:00.000
1705939200000,8,0.00010000,2024-01-22 16:00:00.000
1705968000000,8,0.00010000,2024-01-23 00:00:00.000
1705996800000,8,0.00010000,2024-01-23 08:00:00.000
1706025600000,8,0.00010000,2024-01-23 16:00:00.000
1706054400000,8,0.00010000,2024-01-24 00:00:00.000
1706083200000,8,0.00010000,2024-01-24 08:00:00.000
1706112000000,8,0.00008180,2024-01-24 16:00:00.000
1706140800000,8,0.00010000,2024-01-25 00:00:00.000
1706169600001,8,0.00010000,2024-01-25 08:00:00.001
1706198400000,8,0.00010000,2024-01-25 16:00:00.000
1706227200001,8,0.00010000,2024-01-26 00:00:00.001
1706256000000,8,0.00010000,2024-01-26 08:00:00.000
1706284800000,8,0.00006750,2024-01-26 16:00:00.000
1706313600000,8,0.00010000,2024-01-27 00:00:00.000
1706342400000,8,0.00010000,2024-01-27 08:00:00.000
1706371200000,8,0.00008808,2024-01-27 16:00:00.000
1706400000000,8,0.00006922,2024-01-28 00:00:00.000
1706428800000,8,0.00002096,2024-01-28 08:00:00.000
1706457600000,8,0.00010000,2024-01-28 16:00:00.000
1706486400000,8,0.00010000,2024-01-29 00:00:00.000
1706515200001,8,0.00009881,2024-01-29 08:00:00.001
1706544000000,8,0.00010000,2024-01-29 16:00:00.000
1706572800000,8,0.00010000,2024-01-30 00:00:00.000
1706601600000,8,0.00010000,2024-01-30 08:00:00.000
1706630400001,8,0.00010000,2024-01-30 16:00:00.001
1706659200000,8,0.00010000,2024-01-31 00:00:00.000
1706688000000,8,0.00010000,2024-01-31 08:00:00.000
1706716800000,8,0.00010000,2024-01-31 16:00:00.000
1706745600000,8,0.00010000,2024-02-01 00:00:00.000
1706774400000,8,0.00010000,2024-02-01 08:00:00.000
1706803200002,8,0.00010000,2024-02-01 16:00:00.002
1706832000000,8,0.00010000,2024-02-02 00:00:00.000
1706860800000,8,0.00010000,2024-02-02 08:00:00.000
1706889600000,8,0.00010000,2024-02-02 16:00:00.000
1706918400000,8,0.00010000,2024-02-03 00:00:00.000
1706947200000,8,0.00010000,2024-02-03 08:00:00.000
1706976000001,8,0.00010000,2024-02-03 16:00:00.001
1707004800000,8,0.00010000,2024-02-04 00:00:00.000
1707033600004,8,0.00010000,2024-02-04 08:00:00.004
1707062400000,8,0.00010000,2024-02-04 16:00:00.000
1707091200000,8,0.00010000,2024-02-05 00:00:00.000
1707120000000,8,0.00010000,2024-02-05 08:00:00.000
1707148800000,8,0.00010000,2024-02-05 16:00:00.000
1707177600000,8,0.00010000,2024-02-06 00:00:00.000
1707206400001,8,0.00006535,2024-02-06 08:00:00.001
1707235200000,8,0.00010000,2024-02-06 16:00:00.000
1707264000000,8,0.00010000,2024-02-07 00:00:00.000
1707292800000,8,0.00010000,2024-02-07 08:00:00.000
1707321600000,8,0.00010000,2024-02-07 16:00:00.000
1707350400000,8,0.00010000,2024-02-08 00:00:00.000
1707379200000,8,0.00010000,2024-02-08 08:00:00.000
1707408000000,8,0.00010000,2024-02-08 16:00:00.000
1707436800000,8,0.00010000,2024-02-09 00:00:00.000
1707465600000,8,0.00010000,2024-02-09 08:00:00.000
1707494400001,8,0.00010000,2024-02-09 16:00:00.001
1707523200001,8,0.00010000,2024-02-10 00:00:00.001
1707552000000,8,0.00010000,2024-02-10 08:00:00.000
1707580800000,8,0.00010000,2024-02-10 16:00:00.000
1707609600000,8,0.00010000,2024-02-11 00:00:00.000
1707638400001,8,0.00010000,2024-02-11 08:00:00.001
1707667200000,8,0.00010000,2024-02-11 16:00:00.000
1707696000000,8,0.00010000,2024-02-12 00:00:00.000
1707724800000,8,0.00010000,2024-02-12 08:00:00.000
1707753600000,8,0.00010000,2024-02-12 16:00:00.000
1707782400000,8,0.00010000,2024-02-13 00:00:00.000
1707811200000,8,0.00016396,2024-02-13 08:00:00.000
1707840000000,8,0.00010000,2024-02-13 16:00:00.000
1707868800000,8,0.00010000,2024-02-14 00:00:00.000
1707897600000,8,0.00012232,2024-02-14 08:00:00.000
1707926400000,8,0.00026428,2024-02-14 16:00:00.000
1707955200000,8,0.00032365,2024-02-15 00:00:00.000
1707984000000,8,0.00034533,2024-02-15 08:00:00.000
1708012800000,8,0.00029373,2024-02-15 16:00:00.000
1708041600000,8,0.00026165,2024-02-16 00:00:00.000
1708070400000,8,0.00020748,2024-02-16 08:00:00.000
1708099200000,8,0.00010000,2024-02-16 16:00:00.000
1708128000000,8,0.00010761,2024-02-17 00:00:00.000
1708156800000,8,0.00019347,2024-02-17 08:00:00.000
1708185600000,8,0.00011020,2024-02-17 16:00:00.000
1708214400000,8,0.00011589,2024-02-18 00:00:00.000
1708243200000,8,0.00023178,2024-02-18 08:00:00.000
1708272000000,8,0.00010000,2024-02-18 16:00:00.000
1708300800000,8,0.00016085,2024-02-19 00:00:00.000
1708329600000,8,0.00016805,2024-02-19 08:00:00.000
1708358400000,8,0.00015134,2024-02-19 16:00:00.000
1708387200000,8,0.00045186,2024-02-20 00:00:00.000
1708416000000,8,0.00027702,2024-02-20 08:00:00.000
1708444800000,8,0.00015148,2024-02-20 16:00:00.000
1708473600000,8,0.00010000,2024-02-21 00:00:00.000
1708502400000,8,0.00017213,2024-02-21 08:00:00.000
1708531200000,8,0.00010000,2024-02-21 16:00:00.000
1708560000001,8,0.00010000,2024-02-22 00:00:00.001
1708588800001,8,0.00021078,2024-02-22 08:00:00.001
1708617600000,8,0.00010000,2024-02-22 16:00:00.000
1708646400000,8,0.00017278,2024-02-23 00:00:00.000
1708675200000,8,0.00014838,2024-02-23 08:00:00.000
1708704000000,8,0.00019557,2024-02-23 16:00:00.000
1708732800000,8,0.00030828,2024-02-24 00:00:00.000
1708761600001,8,0.00043111,2024-02-24 08:00:00.001
1708790400000,8,0.00023027,2024-02-24 16:00:00.000
1708819200001,8,0.00021863,2024-02-25 00:00:00.001
1708848000000,8,0.00021750,2024-02-25 08:00:00.000
1708876800000,8,0.00039682,2024-02-25 16:00:00.000
1708905600000,8,0.00045706,2024-02-26 00:00:00.000
1708934400000,8,0.00044167,2024-02-26 08:00:00.000
1708963200000,8,0.00049665,2024-02-26 16:00:00.000
1708992000000,8,0.00056210,2024-02-27 00:00:00.000
1709020800000,8,0.00074454,2024-02-27 08:00:00.000
1709049600000,8,0.00035586,2024-02-27 16:00:00.000
1709078400000,8,0.00043254,2024-02-28 00:00:00.000
1709107200000,8,0.00050134,2024-02-28 08:00:00.000
1709136000000,8,0.00062997,2024-02-28 16:00:00.000
1709164800000,8,0.00054580,2024-02-29 00:00:00.000
1709193600000,8,0.00085228,2024-02-29 08:00:00.000
1709222400000,8,0.00091333,2024-02-29 16:00:00.000
1709251200000,8,0.00059715,2024-03-01 00:00:00.000
1709280000000,8,0.00061558,2024-03-01 08:00:00.000
1709308800000,8,0.00054160,2024-03-01 16:00:00.000
1709337600000,8,0.00066797,2024-03-02 00:00:00.000
1709366400001,8,0.00108345,2024-03-02 08:00:00.001
1709395200000,8,0.00088171,2024-03-02 16:00:00.000
1709424000000,8,0.00097077,2024-03-03 00:00:00.000
1709452800000,8,0.00065852,2024-03-03 08:00:00.000
1709481600000,8,0.00054581,2024-03-03 16:00:00.000
1709510400000,8,0.00062988,2024-03-04 00:00:00.000
1709539200000,8,0.00069943,2024-03-04 08:00:00.000
1709568000000,8,0.00066829,2024-03-04 16:00:00.000
1709596800000,8,0.00041232,2024-03-05 00:00:00.000
1709625600000,8,0.00143701,2024-03-05 08:00:00.000
1709654400000,8,0.00119408,2024-03-05 16:00:00.000
1709683200000,8,0.00010000,2024-03-06 00:00:00.000
1709712000001,8,0.00038689,2024-03-06 08:00:00.001
1709740800000,8,0.00036121,2024-03-06 16:00:00.000
1709769600000,8,0.00042000,2024-03-07 00:00:00.000
1709798400000,8,0.00045776,2024-03-07 08:00:00.000
1709827200000,8,0.00049980,2024-03-07 16:00:00.000
1709856000000,8,0.00059146,2024-03-08 00:00:00.000
1709884800000,8,0.00047096,2024-03-08 08:00:00.000
1709913600000,8,0.00068540,2024-03-08 16:00:00.000
1709942400000,8,0.00057770,2024-03-09 00:00:00.000
1709971200001,8,0.00068766,2024-03-09 08:00:00.001
1710000000000,8,0.00074372,2024-03-09 16:00:00.000
1710028800000,8,0.00076194,2024-03-10 00:00:00.000
1710057600000,8,0.00087519,2024-03-10 08:00:00.000
1710086400000,8,0.00039430,2024-03-10 16:00:00.000
1710115200000,8,0.00038942,2024-03-11 00:00:00.000
1710144000000,8,0.00052255,2024-03-11 08:00:00.000
1710172800000,8,0.00083940,2024-03-11 16:00:00.000
1710201600000,8,0.00088235,2024-03-12 00:00:00.000
1710230400000,8,0.00063585,2024-03-12 08:00:00.000
1710259200000,8,0.00053315,2024-03-12 16:00:00.000
1710288000000,8,0.00080567,2024-03-13 00:00:00.000
1710316800001,8,0.00073864,2024-03-13 08:00:00.001
1710345600000,8,0.00063138,2024-03-13 16:00:00.000
1710374400001,8,0.00047924,2024-03-14 00:00:00.001
1710403200000,8,0.00066058,2024-03-14 08:00:00.000
1710432000000,8,0.00068906,2024-03-14 16:00:00.000
1710460800000,8,0.00037372,2024-03-15 00:00:00.000
1710489600000,8,0.00044396,2024-03-15 08:00:00.000
1710518400000,8,0.00033544,2024-03-15 16:00:00.000
1710547200000,8,0.00026994,2024-03-16 00:00:00.000
1710576000000,8,0.00053169,2024-03-16 08:00:00.000
1710604800000,8,0.00017946,2024-03-16 16:00:00.000
1710633600000,8,0.00010000,2024-03-17 00:00:00.000
1710662400000,8,0.00014492,2024-03-17 08:00:00.000
1710691200000,8,0.00018468,2024-03-17 16:00:00.000
1710720000000,8,0.00013265,2024-03-18 00:00:00.000
1710748800000,8,0.00048825,2024-03-18 08:00:00.000
1710777600001,8,0.00034464,2024-03-18 16:00:00.001
1710806400000,8,0.00015398,2024-03-19 00:00:00.000
1710835200000,8,0.00024701,2024-03-19 08:00:00.000
1710864000001,8,0.00011491,2024-03-19 16:00:00.001
1710892800000,8,0.00010000,2024-03-20 00:00:00.000
1710921600004,8,0.00012556,2024-03-20 08:00:00.004
1710950400000,8,0.00010000,2024-03-20 16:00:00.000
1710979200000,8,0.00010000,2024-03-21 00:00:00.000
1711008000000,8,0.00021712,2024-03-21 08:00:00.000
1711036800000,8,0.00010000,2024-03-21 16:00:00.000
1711065600000,8,0.00010000,2024-03-22 00:00:00.000
1711094400000,8,0.00027007,2024-03-22 08:00:00.000
1711123200000,8,0.00010000,2024-03-22 16:00:00.000
1711152000000,8,0.00010000,2024-03-23 00:00:00.000
1711180800000,8,0.00017347,2024-03-23 08:00:00.000
1711209600000,8,0.00020075,2024-03-23 16:00:00.000
1711238400000,8,0.00017925,2024-03-24 00:00:00.000
1711267200000,8,0.00010000,2024-03-24 08:00:00.000
1711296000000,8,0.00010000,2024-03-24 16:00:00.000
1711324800000,8,0.00025731,2024-03-25 00:00:00.000
1711353600001,8,0.00031148,2024-03-25 08:00:00.001
1711382400000,8,0.00017866,2024-03-25 16:00:00.000
1711411200000,8,0.00031497,2024-03-26 00:00:00.000
1711440000000,8,0.00025082,2024-03-26 08:00:00.000
1711468800000,8,0.00037310,2024-03-26 16:00:00.000
1711497600000,8,0.00044377,2024-03-27 00:00:00.000
1711526400001,8,0.00028566,2024-03-27 08:00:00.001
1711555200000,8,0.00028787,2024-03-27 16:00:00.000
1711584000000,8,0.00022590,2024-03-28 00:00:00.000
1711612800000,8,0.00053119,2024-03-28 08:00:00.000
1711641600000,8,0.00042955,2024-03-28 16:00:00.000
1711670400000,8,0.00046305,2024-03-29 00:00:00.000
1711699200000,8,0.00042196,2024-03-29 08:00:00.000
1711728000000,8,0.00045578,2024-03-29 16:00:00.000
1711756800000,8,0.00054182,2024-03-30 00:00:00.000
1711785600000,8,0.00055828,2024-03-30 08:00:00.000
1711814400000,8,0.00062463,2024-03-30 16:00:00.000
1711843200000,8,0.00051786,2024-03-31 00:00:00.000
1711872000000,8,0.00066486,2024-03-31 08:00:00.000
1711900800001,8,0.00062951,2024-03-31 16:00:00.001
1711929600000,8,0.00083806,2024-04-01 00:00:00.000
1711958400000,8,0.00042790,2024-04-01 08:00:00.000
1711987200000,8,0.00033138,2024-04-01 16:00:00.000
1712016000007,8,0.00034668,2024-04-02 00:00:00.007
1712044800015,8,0.00010000,2024-04-02 08:00:00.015
1712073600000,8,0.00010000,2024-04-02 16:00:00.000
1712102400000,8,0.00010000,2024-04-03 00:00:00.000
1712131200000,8,0.00011120,2024-04-03 08:00:00.000
1712160000000,8,0.00010000,2024-04-03 16:00:00.000
1712188800000,8,0.00010000,2024-04-04 00:00:00.000
1712217600000,8,0.00011701,2024-04-04 08:00:00.000
1712246400000,8,0.00010000,2024-04-04 16:00:00.000
1712275200000,8,0.00011965,2024-04-05 00:00:00.000
1712304000000,8,0.00010000,2024-04-05 08:00:00.000
1712332800000,8,0.00010000,2024-04-05 16:00:00.000
1712361600000,8,0.00017606,2024-04-06 00:00:00.000
1712390400000,8,0.00010000,2024-04-06 08:00:00.000
1712419200000,8,0.00010000,2024-04-06 16:00:00.000
1712448000000,8,0.00010000,2024-04-07 00:00:00.000
1712476800000,8,0.00010000,2024-04-07 08:00:00.000
1712505600000,8,0.00010000,2024-04-07 16:00:00.000
1712534400001,8,0.00015096,2024-04-08 00:00:00.001
1712563200000,8,0.00010673,2024-04-08 08:00:00.000
1712592000006,8,0.00014268,2024-04-08 16:00:00.006
1712620800000,8,0.00011530,2024-04-09 00:00:00.000
1712649600001,8,0.00018842,2024-04-09 08:00:00.001
1712678400001,8,0.00021100,2024-04-09 16:00:00.001
1712707200000,8,0.00021691,2024-04-10 00:00:00.000
1712736000001,8,0.00013493,2024-04-10 08:00:00.001
1712764800000,8,0.00022174,2024-04-10 16:00:00.000
1712793600000,8,0.00017016,2024-04-11 00:00:00.000
1712822400000,8,0.00013383,2024-04-11 08:00:00.000
1712851200000,8,0.00010000,2024-04-11 16:00:00.000
1712880000000,8,0.00011915,2024-04-12 00:00:00.000
1712908800001,8,0.00014917,2024-04-12 08:00:00.001
1712937600000,8,0.00011557,2024-04-12 16:00:00.000
1712966400000,8,0.00010000,2024-04-13 00:00:00.000
1712995200000,8,0.00010000,2024-04-13 08:00:00.000
1713024000001,8,0.00010000,2024-04-13 16:00:00.001
1713052800000,8,-0.00006294,2024-04-14 00:00:00.000
1713081600000,8,0.00010000,2024-04-14 08:00:00.000
1713110400000,8,0.00010000,2024-04-14 16:00:00.000
1713139200000,8,-0.00011122,2024-04-15 00:00:00.000
1713168000001,8,0.00002213,2024-04-15 08:00:00.001
1713196800000,8,0.00001025,2024-04-15 16:00:00.000
1713225600001,8,0.00010000,2024-04-16 00:00:00.001
1713254400000,8,-0.00008633,2024-04-16 08:00:00.000
1713283200000,8,0.00006030,2024-04-16 16:00:00.000
1713312000000,8,0.00003477,2024-04-17 00:00:00.000
1713340800000,8,0.00000455,2024-04-17 08:00:00.000
1713369600000,8,0.00003472,2024-04-17 16:00:00.000
1713398400000,8,0.00008154,2024-04-18 00:00:00.000
1713427200000,8,0.00009856,2024-04-18 08:00:00.000
1713456000000,8,-0.00000263,2024-04-18 16:00:00.000
1713484800001,8,0.00010000,2024-04-19 00:00:00.001
1713513600000,8,0.00005872,2024-04-19 08:00:00.000
1713542400000,8,0.00010000,2024-04-19 16:00:00.000
1713571200000,8,0.00007250,2024-04-20 00:00:00.000
1713600000000,8,-0.00010306,2024-04-20 08:00:00.000
1713628800000,8,-0.00000936,2024-04-20 16:00:00.000
1713657600000,8,-0.00005572,2024-04-21 00:00:00.000
1713686400000,8,-0.00007331,2024-04-21 08:00:00.000
1713715200000,8,-0.00010823,2024-04-21 16:00:00.000
1713744000000,8,-0.00007201,2024-04-22 00:00:00.000
1713772800000,8,0.00005736,2024-04-22 08:00:00.000
1713801600000,8,-0.00001442,2024-04-22 16:00:00.000
1713830400000,8,-0.00013462,2024-04-23 00:00:00.000
1713859200000,8,0E-8,2024-04-23 08:00:00.000
1713888000001,8,-0.00003381,2024-04-23 16:00:00.001
1713916800000,8,0.00003195,2024-04-24 00:00:00.000
1713945600000,8,0.00008467,2024-04-24 08:00:00.000
1713974400000,8,0.00001546,2024-04-24 16:00:00.000
1714003200000,8,0.00001399,2024-04-25 00:00:00.000
1714032000000,8,0.00005291,2024-04-25 08:00:00.000
1714060800010,8,0.00008803,2024-04-25 16:00:00.010
1714089600001,8,-0.00012022,2024-04-26 00:00:00.001
1714118400000,8,-0.00003628,2024-04-26 08:00:00.000
1714147200000,8,-0.00002578,2024-04-26 16:00:00.000
1714176000000,8,0.00003278,2024-04-27 00:00:00.000
1714204800001,8,0.00005409,2024-04-27 08:00:00.001
1714233600000,8,0.00003938,2024-04-27 16:00:00.000
1714262400000,8,0.00003187,2024-04-28 00:00:00.000
1714291200000,8,-0.00010129,2024-04-28 08:00:00.000
1714320000000,8,0.00002973,2024-04-28 16:00:00.000
1714348800000,8,0.00003092,2024-04-29 00:00:00.000
1714377600000,8,0.00003080,2024-04-29 08:00:00.000
1714406400000,8,0.00002100,2024-04-29 16:00:00.000
1714435200000,8,0.00008469,2024-04-30 00:00:00.000
1714464000000,8,-0.00002432,2024-04-30 08:00:00.000
1714492800000,8,0.00001566,2024-04-30 16:00:00.000
1714521600000,8,-0.00010209,2024-05-01 00:00:00.000
1714550400000,8,0.00006960,2024-05-01 08:00:00.000
1714579200000,8,0.00000656,2024-05-01 16:00:00.000
1714608000000,8,0.00006706,2024-05-02 00:00:00.000
1714636800000,8,0.00010000,2024-05-02 08:00:00.000
1714665600002,8,0.00004971,2024-05-02 16:00:00.002
1714694400000,8,-0.00002911,2024-05-03 00:00:00.000
1714723200000,8,0.00003993,2024-05-03 08:00:00.000
1714752000000,8,0.00009780,2024-05-03 16:00:00.000
1714780800000,8,0.00006379,2024-05-04 00:00:00.000
1714809600000,8,0.00010000,2024-05-04 08:00:00.000
1714838400000,8,0.00005294,2024-05-04 16:00:00.000
1714867200000,8,0.00007780,2024-05-05 00:00:00.000
1714896000000,8,0.00008475,2024-05-05 08:00:00.000
1714924800000,8,-0.00000440,2024-05-05 16:00:00.000
1714953600000,8,0.00004961,2024-05-06 00:00:00.000
1714982400000,8,0.00010000,2024-05-06 08:00:00.000
1715011200000,8,0.00010000,2024-05-06 16:00:00.000
1715040000000,8,0.00010000,2024-05-07 00:00:00.000
1715068800000,8,0.00008326,2024-05-07 08:00:00.000
1715097600000,8,0.00005793,2024-05-07 16:00:00.000
1715126400000,8,0.00010000,2024-05-08 00:00:00.000
1715155200000,8,0.00010000,2024-05-08 08:00:00.000
1715184000000,8,0.00010000,2024-05-08 16:00:00.000
1715212800000,8,0.00006419,2024-05-09 00:00:00.000
1715241600000,8,-0.00001162,2024-05-09 08:00:00.000
1715270400000,8,0.00005879,2024-05-09 16:00:00.000
1715299200000,8,-0.00000770,2024-05-10 00:00:00.000
1715328000000,8,0.00003559,2024-05-10 08:00:00.000
1715356800000,8,0.00010000,2024-05-10 16:00:00.000
1715385600000,8,0.00010000,2024-05-11 00:00:00.000
1715414400000,8,0.00010000,2024-05-11 08:00:00.000
1715443200000,8,0.00002328,2024-05-11 16:00:00.000
1715472000000,8,0.00006588,2024-05-12 00:00:00.000
1715500800000,8,0.00004785,2024-05-12 08:00:00.000
1715529600000,8,0.00004409,2024-05-12 16:00:00.000
1715558400001,8,0.00000173,2024-05-13 00:00:00.001
1715587200001,8,0.00008053,2024-05-13 08:00:00.001
1715616000000,8,0.00010000,2024-05-13 16:00:00.000
1715644800000,8,0.00010000,2024-05-14 00:00:00.000
1715673600000,8,0.00003254,2024-05-14 08:00:00.000
1715702400000,8,0.00010000,2024-05-14 16:00:00.000
1715731200000,8,0.00006712,2024-05-15 00:00:00.000
1715760000000,8,-0.00000250,2024-05-15 08:00:00.000
1715788800000,8,0.00010000,2024-05-15 16:00:00.000
1715817600004,8,0.00010000,2024-05-16 00:00:00.004
1715846400000,8,0.00010000,2024-05-16 08:00:00.000
1715875200000,8,0.00010000,2024-05-16 16:00:00.000
1715904000000,8,0.00010000,2024-05-17 00:00:00.000
1715932800000,8,0.00010000,2024-05-17 08:00:00.000
1715961600000,8,0.00010000,2024-05-17 16:00:00.000
1715990400000,8,0.00010000,2024-05-18 00:00:00.000
1716019200000,8,0.00007661,2024-05-18 08:00:00.000
1716048000000,8,0.00010000,2024-05-18 16:00:00.000
1716076800000,8,0.00010000,2024-05-19 00:00:00.000
1716105600000,8,0.00007311,2024-05-19 08:00:00.000
1716134400000,8,0.00010000,2024-05-19 16:00:00.000
1716163200000,8,0.00010000,2024-05-20 00:00:00.000
1716192000000,8,0.00008027,2024-05-20 08:00:00.000
1716220800003,8,0.00010000,2024-05-20 16:00:00.003
1716249600000,8,0.00010000,2024-05-21 00:00:00.000
1716278400001,8,0.00010000,2024-05-21 08:00:00.001
1716307200000,8,0.00010000,2024-05-21 16:00:00.000
1716336000000,8,0.00010000,2024-05-22 00:00:00.000
1716364800000,8,0.00010000,2024-05-22 08:00:00.000
1716393600000,8,0.00010000,2024-05-22 16:00:00.000
1716422400000,8,0.00011942,2024-05-23 00:00:00.000
1716451200000,8,0.00013987,2024-05-23 08:00:00.000
1716480000000,8,0.00010000,2024-05-23 16:00:00.000
1716508800000,8,0.00010000,2024-05-24 00:00:00.000
1716537600000,8,0.00010000,2024-05-24 08:00:00.000
1716566400000,8,0.00010000,2024-05-24 16:00:00.000
1716595200000,8,0.00010000,2024-05-25 00:00:00.000
1716624000000,8,0.00010000,2024-05-25 08:00:00.000
1716652800000,8,0.00010000,2024-05-25 16:00:00.000
1716681600000,8,0.00010000,2024-05-26 00:00:00.000
1716710400000,8,0.00010000,2024-05-26 08:00:00.000
1716739200000,8,0.00010000,2024-05-26 16:00:00.000
1716768000000,8,0.00010000,2024-05-27 00:00:00.000
1716796800000,8,0.00010000,2024-05-27 08:00:00.000
1716825600000,8,0.00010000,2024-05-27 16:00:00.000
1716854400000,8,0.00010000,2024-05-28 00:00:00.000
1716883200000,8,0.00010000,2024-05-28 08:00:00.000
1716912000000,8,0.00010000,2024-05-28 16:00:00.000
1716940800001,8,0.00015534,2024-05-29 00:00:00.001
1716969600000,8,0.00011189,2024-05-29 08:00:00.000
1716998400000,8,0.00016972,2024-05-29 16:00:00.000
1717027200000,8,0.00010000,2024-05-30 00:00:00.000
1717056000000,8,0.00010000,2024-05-30 08:00:00.000
1717084800000,8,0.00013477,2024-05-30 16:00:00.000
1717113600000,8,0.00010000,2024-05-31 00:00:00.000
1717142400000,8,0.00010000,2024-05-31 08:00:00.000
1717171200000,8,0.00010000,2024-05-31 16:00:00.000
1717200000000,8,0.00010000,2024-06-01 00:00:00.000
1717228800000,8,0.00012998,2024-06-01 08:00:00.000
1717257600001,8,0.00024564,2024-06-01 16:00:00.001
1717286400000,8,0.00014804,2024-06-02 00:00:00.000
1717315200000,8,0.00022327,2024-06-02 08:00:00.000
1717344000000,8,0.00019996,2024-06-02 16:00:00.000
1717372800000,8,0.00012069,2024-06-03 00:00:00.000
1717401600000,8,0.00012317,2024-06-03 08:00:00.000
1717430400000,8,0.00012404,2024-06-03 16:00:00.000
1717459200000,8,0.00010198,2024-06-04 00:00:00.000
1717488000000,8,0.00010000,2024-06-04 08:00:00.000
1717516800000,8,0.00010000,2024-06-04 16:00:00.000
1717545600000,8,0.00023887,2024-06-05 00:00:00.000
1717574400000,8,0.00019027,2024-06-05 08:00:00.000
1717603200000,8,0.00020176,2024-06-05 16:00:00.000
1717632000000,8,0.00021190,2024-06-06 00:00:00.000
1717660800008,8,0.00015581,2024-06-06 08:00:00.008
1717689600000,8,0.00018346,2024-06-06 16:00:00.000
1717718400000,8,0.00015329,2024-06-07 00:00:00.000
1717747200000,8,0.00010000,2024-06-07 08:00:00.000
1717776000000,8,0.00024431,2024-06-07 16:00:00.000
1717804800000,8,0.00010000,2024-06-08 00:00:00.000
1717833600000,8,0.00010000,2024-06-08 08:00:00.000
1717862400000,8,0.00010000,2024-06-08 16:00:00.000
1717891200000,8,0.00010000,2024-06-09 00:00:00.000
1717920000000,8,0.00010000,2024-06-09 08:00:00.000
1717948800001,8,0.00010000,2024-06-09 16:00:00.001
1717977600000,8,0.00010000,2024-06-10 00:00:00.000
1718006400000,8,0.00010000,2024-06-10 08:00:00.000
1718035200001,8,0.00010000,2024-06-10 16:00:00.001
1718064000001,8,0.00010000,2024-06-11 00:00:00.001
1718092800000,8,0.00010000,2024-06-11 08:00:00.000
1718121600000,8,0.00010000,2024-06-11 16:00:00.000
1718150400000,8,0.00010000,2024-06-12 00:00:00.000
1718179200000,8,0.00010000,2024-06-12 08:00:00.000
1718208000000,8,0.00010000,2024-06-12 16:00:00.000
1718236800000,8,0.00010000,2024-06-13 00:00:00.000
1718265600001,8,0.00010000,2024-06-13 08:00:00.001
1718294400000,8,0.00010000,2024-06-13 16:00:00.000
1718323200000,8,0.00010000,2024-06-14 00:00:00.000
1718352000000,8,0.00010000,2024-06-14 08:00:00.000
1718380800000,8,0.00010000,2024-06-14 16:00:00.000
1718409600000,8,0.00005224,2024-06-15 00:00:00.000
1718438400000,8,0.00009619,2024-06-15 08:00:00.000
1718467200000,8,0.00010000,2024-06-15 16:00:00.000
1718496000001,8,0.00010000,2024-06-16 00:00:00.001
1718524800000,8,0.00010000,2024-06-16 08:00:00.000
1718553600000,8,0.00010000,2024-06-16 16:00:00.000
1718582400000,8,0.00010000,2024-06-17 00:00:00.000
1718611200000,8,0.00009622,2024-06-17 08:00:00.000
1718640000000,8,0.00010000,2024-06-17 16:00:00.000
1718668800000,8,0.00010000,2024-06-18 00:00:00.000
1718697600000,8,0.00001491,2024-06-18 08:00:00.000
1718726400000,8,0.00005027,2024-06-18 16:00:00.000
1718755200001,8,0.00001537,2024-06-19 00:00:00.001
1718784000001,8,-0.00011542,2024-06-19 08:00:00.001
1718812800000,8,0.00005326,2024-06-19 16:00:00.000
1718841600000,8,0.00008400,2024-06-20 00:00:00.000
1718870400000,8,0.00002707,2024-06-20 08:00:00.000
1718899200000,8,-0.00000606,2024-06-20 16:00:00.000
1718928000000,8,0.00005402,2024-06-21 00:00:00.000
1718956800000,8,0.00000570,2024-06-21 08:00:00.000
1718985600000,8,0.00010000,2024-06-21 16:00:00.000
1719014400000,8,0.00010000,2024-06-22 00:00:00.000
1719043200000,8,0.00010000,2024-06-22 08:00:00.000
1719072000000,8,-0.00003097,2024-06-22 16:00:00.000
1719100800000,8,0.00006512,2024-06-23 00:00:00.000
1719129600000,8,-0.00006142,2024-06-23 08:00:00.000
1719158400000,8,-0.00005927,2024-06-23 16:00:00.000
1719187200002,8,-0.00006016,2024-06-24 00:00:00.002
1719216000000,8,0.00010000,2024-06-24 08:00:00.000
1719244800000,8,0.00010000,2024-06-24 16:00:00.000
1719273600000,8,0.00010000,2024-06-25 00:00:00.000
1719302400000,8,0.00004708,2024-06-25 08:00:00.000
1719331200000,8,0.00010000,2024-06-25 16:00:00.000
1719360000002,8,0.00010000,2024-06-26 00:00:00.002
1719388800000,8,0.00002881,2024-06-26 08:00:00.000
1719417600000,8,0.00008993,2024-06-26 16:00:00.000
1719446400000,8,-0.00001530,2024-06-27 00:00:00.000
1719475200001,8,0.00003318,2024-06-27 08:00:00.001
1719504000000,8,0.00006470,2024-06-27 16:00:00.000
1719532800000,8,0.00010000,2024-06-28 00:00:00.000
1719561600000,8,-0.00002713,2024-06-28 08:00:00.000
1719590400000,8,0.00005718,2024-06-28 16:00:00.000
1719619200001,8,0.00010000,2024-06-29 00:00:00.001
1719648000000,8,0.00010000,2024-06-29 08:00:00.000
1719676800000,8,0.00010000,2024-06-29 16:00:00.000
1719705600000,8,0.00010000,2024-06-30 00:00:00.000
1719734400000,8,0.00010000,2024-06-30 08:00:00.000
1719763200000,8,0.00010000,2024-06-30 16:00:00.000
1719792000000,8,0.00010000,2024-07-01 00:00:00.000
1719820800000,8,0.00010000,2024-07-01 08:00:00.000
1719849600001,8,0.00010000,2024-07-01 16:00:00.001
1719878400000,8,0.00010000,2024-07-02 00:00:00.000
1719907200000,8,0.00010000,2024-07-02 08:00:00.000
1719936000000,8,0.00004541,2024-07-02 16:00:00.000
1719964800000,8,0.00010000,2024-07-03 00:00:00.000
1719993600001,8,0.00010000,2024-07-03 08:00:00.001
1720022400000,8,0.00010000,2024-07-03 16:00:00.000
1720051200000,8,0.00010000,2024-07-04 00:00:00.000
1720080000000,8,0.00010000,2024-07-04 08:00:00.000
1720108800000,8,0.00009355,2024-07-04 16:00:00.000
1720137600000,8,0.00005453,2024-07-05 00:00:00.000
1720166400000,8,-0.00016551,2024-07-05 08:00:00.000
1720195200000,8,0.00001672,2024-07-05 16:00:00.000
1720224000000,8,0.00001245,2024-07-06 00:00:00.000
1720252800000,8,0.00002897,2024-07-06 08:00:00.000
1720281600000,8,0.00000971,2024-07-06 16:00:00.000
1720310400001,8,0.00008533,2024-07-07 00:00:00.001
1720339200000,8,0.00010000,2024-07-07 08:00:00.000
1720368000000,8,0.00006563,2024-07-07 16:00:00.000
1720396800000,8,0.00010000,2024-07-08 00:00:00.000
1720425600000,8,0.00007026,2024-07-08 08:00:00.000
1720454400000,8,0.00010000,2024-07-08 16:00:00.000
1720483200000,8,0.00010000,2024-07-09 00:00:00.000
1720512000001,8,-0.00008439,2024-07-09 08:00:00.001
1720540800000,8,0.00002148,2024-07-09 16:00:00.000
1720569600000,8,0.00010000,2024-07-10 00:00:00.000
1720598400000,8,0.00010000,2024-07-10 08:00:00.000
1720627200000,8,0.00010000,2024-07-10 16:00:00.000
1720656000002,8,-0.00002148,2024-07-11 00:00:00.002
1720684800002,8,-0.00002673,2024-07-11 08:00:00.002
1720713600004,8,-0.00011560,2024-07-11 16:00:00.004
1720742400000,8,-0.00008403,2024-07-12 00:00:00.000
1720771200000,8,0.00002612,2024-07-12 08:00:00.000
1720800000000,8,0.00006490,2024-07-12 16:00:00.000
1720828800000,8,-0.00005678,2024-07-13 00:00:00.000
1720857600000,8,0.00008254,2024-07-13 08:00:00.000
1720886400000,8,-0.00007175,2024-07-13 16:00:00.000
1720915200000,8,0.00004124,2024-07-14 00:00:00.000
1720944000000,8,-0.00003987,2024-07-14 08:00:00.000
1720972800000,8,-0.00006366,2024-07-14 16:00:00.000
1721001600000,8,-0.00000361,2024-07-15 00:00:00.000
1721030400000,8,0.00001807,2024-07-15 08:00:00.000
1721059200000,8,-0.00013978,2024-07-15 16:00:00.000
1721088000000,8,0.00010000,2024-07-16 00:00:00.000
1721116800000,8,0.00003648,2024-07-16 08:00:00.000
1721145600000,8,-0.00005184,2024-07-16 16:00:00.000
1721174400000,8,0.00002408,2024-07-17 00:00:00.000
1721203200001,8,0.00006270,2024-07-17 08:00:00.001
1721232000000,8,-0.00003293,2024-07-17 16:00:00.000
1721260800000,8,0.00010000,2024-07-18 00:00:00.000
1721289600000,8,0.00006697,2024-07-18 08:00:00.000
1721318400000,8,-0.00007145,2024-07-18 16:00:00.000
1721347200000,8,-0.00004197,2024-07-19 00:00:00.000
1721376000000,8,-0.00000708,2024-07-19 08:00:00.000
1721404800000,8,0.00000957,2024-07-19 16:00:00.000
1721433600001,8,0.00007892,2024-07-20 00:00:00.001
1721462400000,8,0.00010000,2024-07-20 08:00:00.000
1721491200000,8,0.00004607,2024-07-20 16:00:00.000
1721520000000,8,0.00010000,2024-07-21 00:00:00.000
1721548800000,8,0.00010000,2024-07-21 08:00:00.000
1721577600000,8,0.00010000,2024-07-21 16:00:00.000
1721606400000,8,0.00010000,2024-07-22 00:00:00.000
1721635200000,8,0.00010000,2024-07-22 08:00:00.000
1721664000000,8,0.00010000,2024-07-22 16:00:00.000
1721692800000,8,0.00010000,2024-07-23 00:00:00.000
1721721600000,8,0.00008337,2024-07-23 08:00:00.000
1721750400000,8,-0.00003400,2024-07-23 16:00:00.000
1721779200000,8,-0.00007016,2024-07-24 00:00:00.000
1721808000000,8,-0.00012399,2024-07-24 08:00:00.000
1721836800000,8,0.00010000,2024-07-24 16:00:00.000
1721865600000,8,0.00010000,2024-07-25 00:00:00.000
1721894400000,8,-0.00000876,2024-07-25 08:00:00.000
1721923200000,8,-0.00013094,2024-07-25 16:00:00.000
1721952000000,8,-0.00015478,2024-07-26 00:00:00.000
1721980800000,8,-0.00024973,2024-07-26 08:00:00.000
1722009600000,8,-0.00006980,2024-07-26 16:00:00.000
1722038400000,8,-0.00005255,2024-07-27 00:00:00.000
1722067200000,8,0.00006227,2024-07-27 08:00:00.000
1722096000000,8,-0.00005097,2024-07-27 16:00:00.000
1722124800000,8,-0.00006412,2024-07-28 00:00:00.000
1722153600000,8,-0.00001330,2024-07-28 08:00:00.000
1722182400001,8,-0.00025337,2024-07-28 16:00:00.001
1722211200001,8,-0.00035459,2024-07-29 00:00:00.001
1722240000000,8,0.00000118,2024-07-29 08:00:00.000
1722268800001,8,-0.00000941,2024-07-29 16:00:00.001
1722297600000,8,-0.00039414,2024-07-30 00:00:00.000
1722326400001,8,-0.00028592,2024-07-30 08:00:00.001
1722355200000,8,-0.00017798,2024-07-30 16:00:00.000
1722384000000,8,-0.00016956,2024-07-31 00:00:00.000
1722412800000,8,0.00010000,2024-07-31 08:00:00.000
1722441600000,8,-0.00010684,2024-07-31 16:00:00.000
1722470400000,8,-0.00008588,2024-08-01 00:00:00.000
1722499200000,8,-0.00006929,2024-08-01 08:00:00.000
1722528000000,8,-0.00003815,2024-08-01 16:00:00.000
1722556800000,8,-0.00023542,2024-08-02 00:00:00.000
1722585600001,8,0.00001417,2024-08-02 08:00:00.001
1722614400000,8,-0.00013571,2024-08-02 16:00:00.000
1722643200000,8,-0.00019328,2024-08-03 00:00:00.000
1722672000000,8,-0.00006371,2024-08-03 08:00:00.000
1722700800001,8,-0.00013470,2024-08-03 16:00:00.001
1722729600000,8,-0.00016748,2024-08-04 00:00:00.000
1722758400000,8,-0.00010687,2024-08-04 08:00:00.000
1722787200000,8,-0.00023368,2024-08-04 16:00:00.000
1722816000000,8,-0.00008400,2024-08-05 00:00:00.000
1722844800000,8,-0.00038437,2024-08-05 08:00:00.000
1722873600000,8,-0.00018649,2024-08-05 16:00:00.000
1722902400000,8,-0.00016979,2024-08-06 00:00:00.000
1722931200000,8,-0.00045507,2024-08-06 08:00:00.000
1722960000000,8,-0.00023828,2024-08-06 16:00:00.000
1722988800000,8,-0.00020619,2024-08-07 00:00:00.000
1723017600001,8,-0.00028376,2024-08-07 08:00:00.001
1723046400000,8,-0.00025843,2024-08-07 16:00:00.000
1723075200001,8,-0.00010291,2024-08-08 00:00:00.001
1723104000000,8,-0.00011894,2024-08-08 08:00:00.000
1723132800000,8,-0.00009201,2024-08-08 16:00:00.000
1723161600000,8,-0.00013680,2024-08-09 00:00:00.000
1723190400000,8,-0.00004762,2024-08-09 08:00:00.000
1723219200000,8,-0.00015677,2024-08-09 16:00:00.000
1723248000000,8,-0.00010102,2024-08-10 00:00:00.000
1723276800000,8,-0.00004234,2024-08-10 08:00:00.000
1723305600000,8,-0.00027488,2024-08-10 16:00:00.000
1723334400000,8,-0.00032438,2024-08-11 00:00:00.000
1723363200000,8,-0.00009391,2024-08-11 08:00:00.000
1723392000001,8,-0.00033072,2024-08-11 16:00:00.001
1723420800000,8,-0.00037232,2024-08-12 00:00:00.000
1723449600000,8,-0.00018964,2024-08-12 08:00:00.000
1723478400000,8,-0.00017200,2024-08-12 16:00:00.000
1723507200000,8,-0.00028962,2024-08-13 00:00:00.000
1723536000000,8,-0.00036940,2024-08-13 08:00:00.000
1723564800000,8,-0.00024248,2024-08-13 16:00:00.000
1723593600000,8,-0.00002654,2024-08-14 00:00:00.000
1723622400000,8,-0.00002370,2024-08-14 08:00:00.000
1723651200000,8,-0.00019190,2024-08-14 16:00:00.000
1723680000000,8,-0.00005146,2024-08-15 00:00:00.000
1723708800000,8,-0.00004975,2024-08-15 08:00:00.000
1723737600000,8,-0.00003135,2024-08-15 16:00:00.000
1723766400000,8,-0.00039148,2024-08-16 00:00:00.000
1723795200000,8,-0.00024390,2024-08-16 08:00:00.000
1723824000000,8,-0.00025046,2024-08-16 16:00:00.000
1723852800000,8,-0.00004856,2024-08-17 00:00:00.000
1723881600000,8,-0.00009688,2024-08-17 08:00:00.000
1723910400000,8,-0.00005041,2024-08-17 16:00:00.000
1723939200000,8,-0.00013313,2024-08-18 00:00:00.000
1723968000000,8,-0.00008766,2024-08-18 08:00:00.000
1723996800000,8,0.00000853,2024-08-18 16:00:00.000
1724025600000,8,0.00007799,2024-08-19 00:00:00.000
1724054400000,8,-0.00010787,2024-08-19 08:00:00.000
1724083200002,8,-0.00009285,2024-08-19 16:00:00.002
1724112000000,8,-0.00018766,2024-08-20 00:00:00.000
1724140800000,8,0.00007855,2024-08-20 08:00:00.000
1724169600001,8,0.00003385,2024-08-20 16:00:00.001
1724198400001,8,0.00004938,2024-08-21 00:00:00.001
1724227200000,8,-0.00004116,2024-08-21 08:00:00.000
1724256000001,8,-0.00000938,2024-08-21 16:00:00.001
1724284800000,8,-0.00008936,2024-08-22 00:00:00.000
1724313600000,8,-0.00001759,2024-08-22 08:00:00.000
1724342400008,8,-0.00004288,2024-08-22 16:00:00.008
1724371200000,8,-0.00009641,2024-08-23 00:00:00.000
1724400000000,8,-0.00003519,2024-08-23 08:00:00.000
1724428800000,8,0.00001234,2024-08-23 16:00:00.000
1724457600000,8,-0.00008347,2024-08-24 00:00:00.000
1724486400005,8,-0.00015408,2024-08-24 08:00:00.005
1724515200000,8,9E-8,2024-08-24 16:00:00.000
1724544000000,8,0.00007134,2024-08-25 00:00:00.000
1724572800000,8,0.00001339,2024-08-25 08:00:00.000
1724601600000,8,-0.00005005,2024-08-25 16:00:00.000
1724630400000,8,-0.00002336,2024-08-26 00:00:00.000
1724659200001,8,0.00006217,2024-08-26 08:00:00.001
1724688000000,8,0.00004313,2024-08-26 16:00:00.000
1724716800001,8,0.00000978,2024-08-27 00:00:00.001
1724745600000,8,0.00003067,2024-08-27 08:00:00.000
1724774400000,8,0.00007828,2024-08-27 16:00:00.000
1724803200000,8,-0.00005919,2024-08-28 00:00:00.000
1724832000000,8,-0.00009814,2024-08-28 08:00:00.000
1724860800001,8,-0.00006989,2024-08-28 16:00:00.001
1724889600000,8,-0.00005849,2024-08-29 00:00:00.000
1724918400001,8,-0.00013522,2024-08-29 08:00:00.001
1724947200000,8,-0.00017556,2024-08-29 16:00:00.000
1724976000000,8,-0.00003943,2024-08-30 00:00:00.000
1725004800000,8,-0.00003979,2024-08-30 08:00:00.000
1725033600000,8,-0.00011917,2024-08-30 16:00:00.000
1725062400000,8,0.00003957,2024-08-31 00:00:00.000
1725091200000,8,0.00005597,2024-08-31 08:00:00.000
1725120000000,8,0.00005589,2024-08-31 16:00:00.000
1725148800000,8,-0.00002813,2024-09-01 00:00:00.000
1725177600001,8,-0.00010052,2024-09-01 08:00:00.001
1725206400000,8,-0.00006034,2024-09-01 16:00:00.000
1725235200001,8,-0.00020278,2024-09-02 00:00:00.001
1725264000001,8,-0.00009646,2024-09-02 08:00:00.001
1725292800000,8,-0.00019719,2024-09-02 16:00:00.000
1725321600000,8,-0.00016686,2024-09-03 00:00:00.000
1725350400001,8,-0.00013357,2024-09-03 08:00:00.001
1725379200000,8,-0.00012328,2024-09-03 16:00:00.000
1725408000000,8,-0.00011750,2024-09-04 00:00:00.000
1725436800000,8,-0.00006899,2024-09-04 08:00:00.000
1725465600000,8,-0.00005478,2024-09-04 16:00:00.000
1725494400000,8,-0.00004935,2024-09-05 00:00:00.000
1725523200000,8,-0.00008864,2024-09-05 08:00:00.000
1725552000005,8,-0.00010906,2024-09-05 16:00:00.005
1725580800000,8,-0.00000362,2024-09-06 00:00:00.000
1725609600001,8,-0.00006802,2024-09-06 08:00:00.001
1725638400000,8,-0.00002926,2024-09-06 16:00:00.000
1725667200000,8,-0.00012327,2024-09-07 00:00:00.000
1725696000000,8,-0.00006212,2024-09-07 08:00:00.000
1725724800000,8,-0.00004238,2024-09-07 16:00:00.000
1725753600000,8,0.00002022,2024-09-08 00:00:00.000
1725782400000,8,0.00010000,2024-09-08 08:00:00.000
1725811200000,8,0.00008247,2024-09-08 16:00:00.000
1725840000000,8,-0.00000918,2024-09-09 00:00:00.000
1725868800000,8,0.00006069,2024-09-09 08:00:00.000
1725897600001,8,-0.00000726,2024-09-09 16:00:00.001
1725926400000,8,-0.00001522,2024-09-10 00:00:00.000
1725955200000,8,-0.00016100,2024-09-10 08:00:00.000
1725984000000,8,-0.00003599,2024-09-10 16:00:00.000
1726012800000,8,0.00004957,2024-09-11 00:00:00.000
1726041600000,8,-0.00001489,2024-09-11 08:00:00.000
1726070400000,8,-0.00005715,2024-09-11 16:00:00.000
1726099200000,8,-0.00006667,2024-09-12 00:00:00.000
1726128000000,8,-0.00031640,2024-09-12 08:00:00.000
1726156800000,8,-0.00014502,2024-09-12 16:00:00.000
1726185600000,8,0.00000134,2024-09-13 00:00:00.000
1726214400001,8,0.00000328,2024-09-13 08:00:00.001
1726243200001,8,0.00007261,2024-09-13 16:00:00.001
1726272000000,8,0.00003677,2024-09-14 00:00:00.000
1726300800000,8,0.00007820,2024-09-14 08:00:00.000
1726329600001,8,0.00003640,2024-09-14 16:00:00.001
1726358400000,8,0.00006399,2024-09-15 00:00:00.000
1726387200000,8,-0.00003515,2024-09-15 08:00:00.000
1726416000000,8,-0.00003035,2024-09-15 16:00:00.000
1726444800000,8,-0.00003637,2024-09-16 00:00:00.000
1726473600001,8,-0.00016976,2024-09-16 08:00:00.001
1726502400000,8,-0.00000414,2024-09-16 16:00:00.000
1726531200001,8,-0.00008535,2024-09-17 00:00:00.001
1726560000000,8,-0.00012485,2024-09-17 08:00:00.000
1726588800000,8,0.00001040,2024-09-17 16:00:00.000
1726617600000,8,0.00001319,2024-09-18 00:00:00.000
1726646400000,8,-0.00011362,2024-09-18 08:00:00.000
1726675200004,8,-0.00024975,2024-09-18 16:00:00.004
1726704000000,8,0.00007935,2024-09-19 00:00:00.000
1726732800000,8,0.00010000,2024-09-19 08:00:00.000
1726761600001,8,0.00006056,2024-09-19 16:00:00.001
1726790400000,8,0.00010000,2024-09-20 00:00:00.000
1726819200001,8,0.00001141,2024-09-20 08:00:00.001
1726848000000,8,0.00010000,2024-09-20 16:00:00.000
1726876800001,8,-0.00000792,2024-09-21 00:00:00.001
1726905600000,8,0.00010000,2024-09-21 08:00:00.000
1726934400000,8,0.00010000,2024-09-21 16:00:00.000
1726963200000,8,0.00009162,2024-09-22 00:00:00.000
1726992000000,8,0.00004873,2024-09-22 08:00:00.000
1727020800000,8,0.00010000,2024-09-22 16:00:00.000
1727049600000,8,0.00005021,2024-09-23 00:00:00.000
1727078400000,8,0.00003463,2024-09-23 08:00:00.000
1727107200000,8,0.00006821,2024-09-23 16:00:00.000
1727136000000,8,0.00010000,2024-09-24 00:00:00.000
1727164800000,8,0.00010000,2024-09-24 08:00:00.000
1727193600001,8,-0.00004294,2024-09-24 16:00:00.001
1727222400000,8,0.00010000,2024-09-25 00:00:00.000
1727251200003,8,0.00008150,2024-09-25 08:00:00.003
1727280000000,8,0.00010000,2024-09-25 16:00:00.000
1727308800005,8,-7.2E-7,2024-09-26 00:00:00.005
1727337600000,8,0.00010000,2024-09-26 08:00:00.000
1727366400000,8,0.00010000,2024-09-26 16:00:00.000
1727395200000,8,0.00010000,2024-09-27 00:00:00.000
1727424000000,8,0.00010000,2024-09-27 08:00:00.000
1727452800000,8,0.00010000,2024-09-27 16:00:00.000
1727481600000,8,0.00010000,2024-09-28 00:00:00.000
1727510400001,8,0.00010000,2024-09-28 08:00:00.001
1727539200000,8,0.00010000,2024-09-28 16:00:00.000
1727568000001,8,0.00008441,2024-09-29 00:00:00.001
1727596800000,8,0.00010000,2024-09-29 08:00:00.000
1727625600000,8,-0.00006757,2024-09-29 16:00:00.000
1727654400000,8,-0.00006796,2024-09-30 00:00:00.000
1727683200001,8,0.00005946,2024-09-30 08:00:00.001
1727712000000,8,0.00004130,2024-09-30 16:00:00.000
1727740800000,8,-0.00001538,2024-10-01 00:00:00.000
1727769600000,8,0.00002264,2024-10-01 08:00:00.000
1727798400001,8,-0.00008854,2024-10-01 16:00:00.001
1727827200000,8,-0.00009911,2024-10-02 00:00:00.000
1727856000000,8,-0.00013828,2024-10-02 08:00:00.000
1727884800000,8,0.00001241,2024-10-02 16:00:00.000
1727913600000,8,-0.00011105,2024-10-03 00:00:00.000
1727942400000,8,-0.00014586,2024-10-03 08:00:00.000
1727971200000,8,-0.00020334,2024-10-03 16:00:00.000
1728000000000,8,-0.00041478,2024-10-04 00:00:00.000
1728028800000,8,-0.00029116,2024-10-04 08:00:00.000
1728057600001,8,-0.00045387,2024-10-04 16:00:00.001
1728086400000,8,-0.00005122,2024-10-05 00:00:00.000
1728115200000,8,0.00000580,2024-10-05 08:00:00.000
1728144000000,8,-0.00003097,2024-10-05 16:00:00.000
1728172800000,8,-0.00009697,2024-10-06 00:00:00.000
1728201600001,8,-0.00006710,2024-10-06 08:00:00.001
1728230400000,8,-0.00000954,2024-10-06 16:00:00.000
1728259200000,8,0.00007865,2024-10-07 00:00:00.000
1728288000000,8,-0.00002738,2024-10-07 08:00:00.000
1728316800001,8,-0.00000409,2024-10-07 16:00:00.001
1728345600000,8,0.00006262,2024-10-08 00:00:00.000
1728374400000,8,0.00003536,2024-10-08 08:00:00.000
1728403200000,8,0.00000325,2024-10-08 16:00:00.000
1728432000000,8,0.00002748,2024-10-09 00:00:00.000
1728460800000,8,-0.00011487,2024-10-09 08:00:00.000
1728489600000,8,0.00001711,2024-10-09 16:00:00.000
1728518400000,8,0.00006712,2024-10-10 00:00:00.000
1728547200000,8,-0.00001035,2024-10-10 08:00:00.000
1728576000000,8,-0.00001936,2024-10-10 16:00:00.000
1728604800000,8,-0.00008407,2024-10-11 00:00:00.000
1728633600000,8,-0.00001061,2024-10-11 08:00:00.000
1728662400001,8,0.00007160,2024-10-11 16:00:00.001
1728691200000,8,0.00010000,2024-10-12 00:00:00.000
1728720000001,8,0.00010000,2024-10-12 08:00:00.001
1728748800000,8,0.00010000,2024-10-12 16:00:00.000
1728777600000,8,0.00010000,2024-10-13 00:00:00.000
1728806400000,8,0.00010000,2024-10-13 08:00:00.000
1728835200000,8,0.00010000,2024-10-13 16:00:00.000
1728864000000,8,0.00010000,2024-10-14 00:00:00.000
1728892800000,8,0.00010000,2024-10-14 08:00:00.000
1728921600000,8,0.00004341,2024-10-14 16:00:00.000
1728950400000,8,-0.00007493,2024-10-15 00:00:00.000
1728979200000,8,0.00007248,2024-10-15 08:00:00.000
1729008000000,8,-0.00009021,2024-10-15 16:00:00.000
1729036800000,8,-0.00011908,2024-10-16 00:00:00.000
1729065600001,8,-0.00011770,2024-10-16 08:00:00.001
1729094400000,8,-0.00003102,2024-10-16 16:00:00.000
1729123200000,8,0.00004453,2024-10-17 00:00:00.000
1729152000000,8,0.00005767,2024-10-17 08:00:00.000
1729180800001,8,0.00004914,2024-10-17 16:00:00.001
1729209600010,8,0.00002244,2024-10-18 00:00:00.010
1729238400001,8,0.00004322,2024-10-18 08:00:00.001
1729267200000,8,0.00001327,2024-10-18 16:00:00.000
1729296000000,8,0.00008096,2024-10-19 00:00:00.000
1729324800000,8,0.00007822,2024-10-19 08:00:00.000
1729353600000,8,0.00005845,2024-10-19 16:00:00.000
1729382400000,8,0.00007942,2024-10-20 00:00:00.000
1729411200000,8,0.00006654,2024-10-20 08:00:00.000
1729440000000,8,0.00006826,2024-10-20 16:00:00.000
1729468800000,8,0.00010000,2024-10-21 00:00:00.000
1729497600000,8,0.00010000,2024-10-21 08:00:00.000
1729526400000,8,0.00010000,2024-10-21 16:00:00.000
1729555200000,8,0.00000699,2024-10-22 00:00:00.000
1729584000000,8,0.00010000,2024-10-22 08:00:00.000
1729612800000,8,0.00004547,2024-10-22 16:00:00.000
1729641600000,8,0.00009935,2024-10-23 00:00:00.000
1729670400000,8,-0.00003332,2024-10-23 08:00:00.000
1729699200000,8,-0.00014626,2024-10-23 16:00:00.000
1729728000000,8,0.00000135,2024-10-24 00:00:00.000
1729756800000,8,0.00003859,2024-10-24 08:00:00.000
1729785600000,8,0.00010000,2024-10-24 16:00:00.000
1729814400000,8,0.00010000,2024-10-25 00:00:00.000
1729843200000,8,-0.00011919,2024-10-25 08:00:00.000
1729872000000,8,-0.00000947,2024-10-25 16:00:00.000
1729900800000,8,-0.00017851,2024-10-26 00:00:00.000
1729929600001,8,-0.00031813,2024-10-26 08:00:00.001
1729958400000,8,-0.00007290,2024-10-26 16:00:00.000
1729987200000,8,-0.00008053,2024-10-27 00:00:00.000
1730016000000,8,-0.00023747,2024-10-27 08:00:00.000
1730044800000,8,-0.00007456,2024-10-27 16:00:00.000
1730073600000,8,-0.00010925,2024-10-28 00:00:00.000
1730102400001,8,-0.00006118,2024-10-28 08:00:00.001
1730131200000,8,-0.00004278,2024-10-28 16:00:00.000
1730160000000,8,0.00010000,2024-10-29 00:00:00.000
1730188800000,8,0.00009964,2024-10-29 08:00:00.000
1730217600004,8,0.00008578,2024-10-29 16:00:00.004
1730246400000,8,0.00010000,2024-10-30 00:00:00.000
1730275200000,8,0.00010000,2024-10-30 08:00:00.000
1730304000013,8,0.00010000,2024-10-30 16:00:00.013
1730332800000,8,0.00010000,2024-10-31 00:00:00.000
1730361600000,8,-0.00005124,2024-10-31 08:00:00.000
1730390400000,8,-0.00013588,2024-10-31 16:00:00.000
1730419200000,8,-0.00044336,2024-11-01 00:00:00.000
1730448000000,8,-0.00003866,2024-11-01 08:00:00.000
1730476800000,8,-0.00012913,2024-11-01 16:00:00.000
1730505600000,8,-0.00005531,2024-11-02 00:00:00.000
1730534400000,8,-0.00004229,2024-11-02 08:00:00.000
1730563200000,8,-0.00023040,2024-11-02 16:00:00.000
1730592000000,8,-0.00024547,2024-11-03 00:00:00.000
1730620800000,8,-0.00012996,2024-11-03 08:00:00.000
1730649600000,8,-0.00003036,2024-11-03 16:00:00.000
1730678400000,8,-0.00023818,2024-11-04 00:00:00.000
1730707200000,8,-0.00023076,2024-11-04 08:00:00.000
1730736000000,8,-0.00004208,2024-11-04 16:00:00.000
1730764800000,8,-0.00001141,2024-11-05 00:00:00.000
1730793600003,8,-0.00001254,2024-11-05 08:00:00.003
1730822400001,8,-0.00000485,2024-11-05 16:00:00.001
1730851200000,8,0.00010000,2024-11-06 00:00:00.000
1730880000000,8,0.00010000,2024-11-06 08:00:00.000
1730908800000,8,0.00010000,2024-11-06 16:00:00.000
1730937600000,8,0.00010000,2024-11-07 00:00:00.000
1730966400000,8,0.00010000,2024-11-07 08:00:00.000
1730995200000,8,0.00010000,2024-11-07 16:00:00.000
1731024000000,8,0.00010000,2024-11-08 00:00:00.000
1731052800000,8,0.00010000,2024-11-08 08:00:00.000
1731081600000,8,0.00010000,2024-11-08 16:00:00.000
1731110400000,8,0.00010000,2024-11-09 00:00:00.000
1731139200000,8,0.00010000,2024-11-09 08:00:00.000
1731168000000,8,0.00010000,2024-11-09 16:00:00.000
1731196800000,8,0.00010000,2024-11-10 00:00:00.000
1731225600000,8,0.00010000,2024-11-10 08:00:00.000
1731254400000,8,0.00017318,2024-11-10 16:00:00.000
1731283200001,8,0.00016011,2024-11-11 00:00:00.001
1731312000000,8,0.00018792,2024-11-11 08:00:00.000
1731340800000,8,0.00010000,2024-11-11 16:00:00.000
1731369600002,8,0.00030821,2024-11-12 00:00:00.002
1731398400000,8,0.00036437,2024-11-12 08:00:00.000
1731427200000,8,0.00049131,2024-11-12 16:00:00.000
1731456000000,8,0.00012998,2024-11-13 00:00:00.000
1731484800010,8,0.00010560,2024-11-13 08:00:00.010
1731513600000,8,0.00010000,2024-11-13 16:00:00.000
1731542400001,8,0.00010000,2024-11-14 00:00:00.001
1731571200000,8,0.00010000,2024-11-14 08:00:00.000
1731600000000,8,0.00010000,2024-11-14 16:00:00.000
1731628800000,8,0.00010000,2024-11-15 00:00:00.000
1731657600000,8,0.00010000,2024-11-15 08:00:00.000
1731686400000,8,0.00010000,2024-11-15 16:00:00.000
1731715200001,8,0.00010000,2024-11-16 00:00:00.001
1731744000001,8,0.00010000,2024-11-16 08:00:00.001
1731772800000,8,0.00010000,2024-11-16 16:00:00.000
1731801600000,8,0.00010000,2024-11-17 00:00:00.000
1731830400000,8,0.00010000,2024-11-17 08:00:00.000
1731859200001,8,0.00018744,2024-11-17 16:00:00.001
1731888000000,8,0.00010000,2024-11-18 00:00:00.000
1731916800000,8,0.00010000,2024-11-18 08:00:00.000
1731945600000,8,0.00010000,2024-11-18 16:00:00.000
1731974400000,8,0.00019752,2024-11-19 00:00:00.000
1732003200000,8,0.00018132,2024-11-19 08:00:00.000
1732032000000,8,0.00010000,2024-11-19 16:00:00.000
1732060800003,8,0.00010000,2024-11-20 00:00:00.003
1732089600000,8,0.00010000,2024-11-20 08:00:00.000
1732118400000,8,0.00010000,2024-11-20 16:00:00.000
1732147200001,8,0.00010000,2024-11-21 00:00:00.001
1732176000000,8,0.00010000,2024-11-21 08:00:00.000
1732204800001,8,0.00010000,2024-11-21 16:00:00.001
1732233600000,8,0.00037199,2024-11-22 00:00:00.000
1732262400000,8,0.00017879,2024-11-22 08:00:00.000
1732291200001,8,0.00026420,2024-11-22 16:00:00.001
1732320000000,8,0.00016639,2024-11-23 00:00:00.000
1732348800000,8,0.00032581,2024-11-23 08:00:00.000
1732377600000,8,0.00040219,2024-11-23 16:00:00.000
1732406400001,8,0.00025758,2024-11-24 00:00:00.001
1732435200000,8,0.00029555,2024-11-24 08:00:00.000
1732464000000,8,0.00019210,2024-11-24 16:00:00.000
1732492800000,8,0.00010000,2024-11-25 00:00:00.000
1732521600000,8,0.00017432,2024-11-25 08:00:00.000
1732550400000,8,0.00024666,2024-11-25 16:00:00.000
1732579200000,8,0.00016271,2024-11-26 00:00:00.000
1732608000000,8,0.00010000,2024-11-26 08:00:00.000
1732636800000,8,0.00010000,2024-11-26 16:00:00.000
1732665600000,8,0.00013199,2024-11-27 00:00:00.000
1732694400000,8,0.00010000,2024-11-27 08:00:00.000
1732723200001,8,0.00010000,2024-11-27 16:00:00.001
1732752000000,8,0.00010474,2024-11-28 00:00:00.000
1732780800000,8,0.00010000,2024-11-28 08:00:00.000
1732809600000,8,0.00010000,2024-11-28 16:00:00.000
1732838400000,8,0.00010000,2024-11-29 00:00:00.000
1732867200000,8,0.00019268,2024-11-29 08:00:00.000
1732896000000,8,0.00016663,2024-11-29 16:00:00.000
1732924800000,8,0.00018446,2024-11-30 00:00:00.000
1732953600000,8,0.00019090,2024-11-30 08:00:00.000
1732982400000,8,0.00024661,2024-11-30 16:00:00.000
1733011200000,8,0.00023396,2024-12-01 00:00:00.000
1733040000000,8,0.00011693,2024-12-01 08:00:00.000
1733068800000,8,0.00010000,2024-12-01 16:00:00.000
1733097600001,8,0.00040734,2024-12-02 00:00:00.001
1733126400001,8,0.00010000,2024-12-02 08:00:00.001
1733155200000,8,0.00025591,2024-12-02 16:00:00.000
1733184000000,8,0.00017128,2024-12-03 00:00:00.000
1733212800000,8,0.00047279,2024-12-03 08:00:00.000
1733241600000,8,0.00022109,2024-12-03 16:00:00.000
1733270400000,8,0.00019138,2024-12-04 00:00:00.000
1733299200000,8,0.00040200,2024-12-04 08:00:00.000
1733328000000,8,0.00041775,2024-12-04 16:00:00.000
1733356800001,8,0.00037917,2024-12-05 00:00:00.001
1733385600000,8,0.00032937,2024-12-05 08:00:00.000
1733414400000,8,0.00048724,2024-12-05 16:00:00.000
1733443200000,8,0.00013142,2024-12-06 00:00:00.000
1733472000000,8,0.00039418,2024-12-06 08:00:00.000
1733500800000,8,0.00014007,2024-12-06 16:00:00.000
1733529600000,8,0.00050826,2024-12-07 00:00:00.000
1733558400000,8,0.00044077,2024-12-07 08:00:00.000
1733587200000,8,0.00038482,2024-12-07 16:00:00.000
1733616000000,8,0.00027071,2024-12-08 00:00:00.000
1733644800000,8,0.00010000,2024-12-08 08:00:00.000
1733673600000,8,0.00025955,2024-12-08 16:00:00.000
1733702400000,8,0.00034107,2024-12-09 00:00:00.000
1733731200000,8,0.00010000,2024-12-09 08:00:00.000
1733760000001,8,0.00010000,2024-12-09 16:00:00.001
1733788800007,8,0.00010000,2024-12-10 00:00:00.007
1733817600000,8,0.00010000,2024-12-10 08:00:00.000
1733846400000,8,0.00010000,2024-12-10 16:00:00.000
1733875200000,8,0.00010000,2024-12-11 00:00:00.000
1733904000000,8,0.00010000,2024-12-11 08:00:00.000
1733932800001,8,0.00010000,2024-12-11 16:00:00.001
1733961600001,8,0.00010000,2024-12-12 00:00:00.001
1733990400000,8,0.00010000,2024-12-12 08:00:00.000
1734019200001,8,0.00010000,2024-12-12 16:00:00.001
1734048000000,8,0.00010000,2024-12-13 00:00:00.000
1734076800000,8,0.00010000,2024-12-13 08:00:00.000
1734105600001,8,0.00010000,2024-12-13 16:00:00.001
1734134400000,8,0.00010000,2024-12-14 00:00:00.000
1734163200000,8,0.00010000,2024-12-14 08:00:00.000
1734192000000,8,0.00010000,2024-12-14 16:00:00.000
1734220800000,8,0.00010000,2024-12-15 00:00:00.000
1734249600000,8,0.00010000,2024-12-15 08:00:00.000
1734278400000,8,0.00007017,2024-12-15 16:00:00.000
1734307200000,8,0.00010000,2024-12-16 00:00:00.000
1734336000001,8,0.00010000,2024-12-16 08:00:00.001
1734364800000,8,0.00010000,2024-12-16 16:00:00.000
1734393600000,8,0.00010000,2024-12-17 00:00:00.000
1734422400000,8,0.00010000,2024-12-17 08:00:00.000
1734451200000,8,0.00010000,2024-12-17 16:00:00.000
1734480000000,8,0.00010000,2024-12-18 00:00:00.000
1734508800000,8,0.00010000,2024-12-18 08:00:00.000
1734537600000,8,0.00010000,2024-12-18 16:00:00.000
1734566400000,8,0.00008090,2024-12-19 00:00:00.000
1734595200000,8,-0.00003161,2024-12-19 08:00:00.000
1734624000000,8,-0.00001157,2024-12-19 16:00:00.000
1734652800000,8,-0.00004235,2024-12-20 00:00:00.000
1734681600001,8,0.00010000,2024-12-20 08:00:00.001
1734710400014,8,-0.00010293,2024-12-20 16:00:00.014
1734739200000,8,0.00010000,2024-12-21 00:00:00.000
1734768000000,8,0.00007826,2024-12-21 08:00:00.000
1734796800001,8,0.00010000,2024-12-21 16:00:00.001
1734825600000,8,0.00009291,2024-12-22 00:00:00.000
1734854400000,8,0.00010000,2024-12-22 08:00:00.000
1734883200000,8,0.00002695,2024-12-22 16:00:00.000
1734912000000,8,0.00010000,2024-12-23 00:00:00.000
1734940800000,8,0.00006721,2024-12-23 08:00:00.000
1734969600001,8,0.00004044,2024-12-23 16:00:00.001
1734998400000,8,0.00010000,2024-12-24 00:00:00.000
1735027200000,8,0.00002771,2024-12-24 08:00:00.000
1735056000001,8,0.00005849,2024-12-24 16:00:00.001
1735084800001,8,0.00003763,2024-12-25 00:00:00.001
1735113600000,8,0.00006567,2024-12-25 08:00:00.000
1735142400000,8,0.00002147,2024-12-25 16:00:00.000
1735171200000,8,0.00005041,2024-12-26 00:00:00.000
1735200000000,8,0.00010000,2024-12-26 08:00:00.000
1735228800000,8,0.00010000,2024-12-26 16:00:00.000
1735257600000,8,0.00008622,2024-12-27 00:00:00.000
1735286400000,8,0.00001283,2024-12-27 08:00:00.000
1735315200000,8,-0.00008497,2024-12-27 16:00:00.000
1735344000001,8,0.00010000,2024-12-28 00:00:00.001
1735372800000,8,0.00002098,2024-12-28 08:00:00.000
1735401600000,8,-0.00001702,2024-12-28 16:00:00.000
1735430400000,8,0.00008359,2024-12-29 00:00:00.000
1735459200000,8,0.00010000,2024-12-29 08:00:00.000
1735488000000,8,0.00008552,2024-12-29 16:00:00.000
1735516800000,8,0.00003506,2024-12-30 00:00:00.000
1735545600001,8,0.00010000,2024-12-30 08:00:00.001
1735574400000,8,0.00010000,2024-12-30 16:00:00.000
1735603200000,8,0.00010000,2024-12-31 00:00:00.000
1735632000000,8,-0.00000533,2024-12-31 08:00:00.000
1735660800000,8,0.00010000,2024-12-31 16:00:00.000
1735689600015,8,0.00010000,2025-01-01 00:00:00.015
1735718400000,8,0.00007855,2025-01-01 08:00:00.000
1735747200001,8,0.00008928,2025-01-01 16:00:00.001
1735776000000,8,0.00010000,2025-01-02 00:00:00.000
1735804800006,8,0.00010000,2025-01-02 08:00:00.006
1735833600000,8,0.00010000,2025-01-02 16:00:00.000
1735862400000,8,0.00010000,2025-01-03 00:00:00.000
1735891200000,8,0.00010000,2025-01-03 08:00:00.000
1735920000000,8,0.00010000,2025-01-03 16:00:00.000
1735948800000,8,0.00010000,2025-01-04 00:00:00.000
1735977600000,8,0.00010000,2025-01-04 08:00:00.000
1736006400000,8,0.00010000,2025-01-04 16:00:00.000
1736035200000,8,0.00010000,2025-01-05 00:00:00.000
1736064000000,8,0.00010000,2025-01-05 08:00:00.000
1736092800000,8,0.00010000,2025-01-05 16:00:00.000
1736121600000,8,0.00010000,2025-01-06 00:00:00.000
1736150400001,8,0.00010000,2025-01-06 08:00:00.001
1736179200000,8,0.00010000,2025-01-06 16:00:00.000
1736208000000,8,0.00010000,2025-01-07 00:00:00.000
1736236800000,8,0.00010000,2025-01-07 08:00:00.000
1736265600008,8,0.00010000,2025-01-07 16:00:00.008
1736294400001,8,0.00010000,2025-01-08 00:00:00.001
1736323200000,8,0.00010000,2025-01-08 08:00:00.000
1736352000000,8,0.00008209,2025-01-08 16:00:00.000
1736380800000,8,0.00002433,2025-01-09 00:00:00.000
1736409600000,8,0.00009336,2025-01-09 08:00:00.000
1736438400000,8,0.00006136,2025-01-09 16:00:00.000
1736467200000,8,0.00008323,2025-01-10 00:00:00.000
1736496000000,8,0.00002357,2025-01-10 08:00:00.000
1736524800000,8,0.00010000,2025-01-10 16:00:00.000
1736553600000,8,0.00008807,2025-01-11 00:00:00.000
1736582400000,8,0.00007803,2025-01-11 08:00:00.000
1736611200000,8,0.00002195,2025-01-11 16:00:00.000
1736640000000,8,0.00010000,2025-01-12 00:00:00.000
1736668800000,8,0.00007548,2025-01-12 08:00:00.000
1736697600000,8,0.00008709,2025-01-12 16:00:00.000
1736726400000,8,0.00001008,2025-01-13 00:00:00.000
1736755200000,8,-0.00015342,2025-01-13 08:00:00.000
1736784000000,8,-0.00003098,2025-01-13 16:00:00.000
1736812800000,8,0.00000391,2025-01-14 00:00:00.000
1736841600000,8,0.00010000,2025-01-14 08:00:00.000
1736870400000,8,0.00002821,2025-01-14 16:00:00.000
1736899200000,8,0.00006878,2025-01-15 00:00:00.000
1736928000000,8,0.00010000,2025-01-15 08:00:00.000
1736956800000,8,0.00010000,2025-01-15 16:00:00.000
1736985600000,8,0.00010000,2025-01-16 00:00:00.000
1737014400000,8,0.00006904,2025-01-16 08:00:00.000
1737043200000,8,0.00010000,2025-01-16 16:00:00.000
1737072000004,8,0.00010000,2025-01-17 00:00:00.004
1737100800000,8,0.00010000,2025-01-17 08:00:00.000
1737129600008,8,0.00010000,2025-01-17 16:00:00.008
1737158400000,8,0.00010000,2025-01-18 00:00:00.000
1737187200007,8,0.00010000,2025-01-18 08:00:00.007
1737216000000,8,0.00010000,2025-01-18 16:00:00.000
1737244800000,8,0.00010000,2025-01-19 00:00:00.000
1737273600000,8,0.00010000,2025-01-19 08:00:00.000
1737302400000,8,0.00008540,2025-01-19 16:00:00.000
1737331200000,8,0.00010000,2025-01-20 00:00:00.000
1737360000009,8,0.00010000,2025-01-20 08:00:00.009
1737388800000,8,0.00010000,2025-01-20 16:00:00.000
1737417600000,8,0.00010000,2025-01-21 00:00:00.000
1737446400000,8,-0.00006506,2025-01-21 08:00:00.000
1737475200000,8,0.00010000,2025-01-21 16:00:00.000
1737504000000,8,0.00010000,2025-01-22 00:00:00.000
1737532800000,8,0.00010000,2025-01-22 08:00:00.000
1737561600000,8,0.00010000,2025-01-22 16:00:00.000
1737590400001,8,0.00010000,2025-01-23 00:00:00.001
1737619200000,8,0.00010000,2025-01-23 08:00:00.000
1737648000000,8,0.00010000,2025-01-23 16:00:00.000
1737676800000,8,0.00010000,2025-01-24 00:00:00.000
1737705600000,8,0.00010000,2025-01-24 08:00:00.000
1737734400000,8,0.00010000,2025-01-24 16:00:00.000
1737763200000,8,0.00010000,2025-01-25 00:00:00.000
1737792000000,8,0.00010000,2025-01-25 08:00:00.000
1737820800001,8,0.00010000,2025-01-25 16:00:00.001
1737849600000,8,0.00010000,2025-01-26 00:00:00.000
1737878400000,8,0.00010000,2025-01-26 08:00:00.000
1737907200000,8,0.00010000,2025-01-26 16:00:00.000
1737936000000,8,0.00010000,2025-01-27 00:00:00.000
1737964800000,8,-0.00001943,2025-01-27 08:00:00.000
1737993600000,8,-0.00009551,2025-01-27 16:00:00.000
1738022400000,8,-0.00000806,2025-01-28 00:00:00.000
1738051200000,8,0.00001961,2025-01-28 08:00:00.000
1738080000000,8,0.00001280,2025-01-28 16:00:00.000
1738108800000,8,-0.00011638,2025-01-29 00:00:00.000
1738137600000,8,0.00005429,2025-01-29 08:00:00.000
1738166400000,8,0.00000690,2025-01-29 16:00:00.000
1738195200000,8,0.00007026,2025-01-30 00:00:00.000
1738224000000,8,0.00010000,2025-01-30 08:00:00.000
1738252800000,8,0.00010000,2025-01-30 16:00:00.000
1738281600000,8,0.00010000,2025-01-31 00:00:00.000
1738310400000,8,0.00010000,2025-01-31 08:00:00.000
1738339200000,8,0.00010000,2025-01-31 16:00:00.000
1738368000000,8,0.00010000,2025-02-01 00:00:00.000
1738396800000,8,0.00010000,2025-02-01 08:00:00.000
1738425600000,8,0.00010000,2025-02-01 16:00:00.000
1738454400001,8,0.00001895,2025-02-02 00:00:00.001
1738483200000,8,-0.00003339,2025-02-02 08:00:00.000
1738512000000,8,-0.00001527,2025-02-02 16:00:00.000
1738540800000,8,-0.00005576,2025-02-03 00:00:00.000
1738569600000,8,-0.00033471,2025-02-03 08:00:00.000
1738598400000,8,-0.00037199,2025-02-03 16:00:00.000
1738627200000,8,-0.00002821,2025-02-04 00:00:00.000
1738656000001,8,-0.00015998,2025-02-04 08:00:00.001
1738684800000,8,-0.00011478,2025-02-04 16:00:00.000
1738713600001,8,6E-8,2025-02-05 00:00:00.001
1738742400001,8,0.00004051,2025-02-05 08:00:00.001
1738771200000,8,0.00004612,2025-02-05 16:00:00.000
1738800000001,8,0.00002867,2025-02-06 00:00:00.001
1738828800001,8,0.00001079,2025-02-06 08:00:00.001
1738857600000,8,-0.00000904,2025-02-06 16:00:00.000
1738886400000,8,0.00000934,2025-02-07 00:00:00.000
1738915200000,8,0.00003721,2025-02-07 08:00:00.000
1738944000000,8,-0.00003273,2025-02-07 16:00:00.000
1738972800000,8,-0.00005762,2025-02-08 00:00:00.000
1739001600000,8,0.00004729,2025-02-08 08:00:00.000
1739030400000,8,-0.00001195,2025-02-08 16:00:00.000
1739059200000,8,-0.00002351,2025-02-09 00:00:00.000
1739088000000,8,-0.00006122,2025-02-09 08:00:00.000
1739116800000,8,0.00008959,2025-02-09 16:00:00.000
1739145600000,8,-0.00001968,2025-02-10 00:00:00.000
1739174400000,8,0.00006363,2025-02-10 08:00:00.000
1739203200000,8,0.00006662,2025-02-10 16:00:00.000
1739232000000,8,0.00006394,2025-02-11 00:00:00.000
1739260800000,8,0.00003095,2025-02-11 08:00:00.000
1739289600000,8,0.00002962,2025-02-11 16:00:00.000
1739318400000,8,-0.00010130,2025-02-12 00:00:00.000
1739347200000,8,0.00000922,2025-02-12 08:00:00.000
1739376000001,8,0.00001594,2025-02-12 16:00:00.001
1739404800001,8,0.00010000,2025-02-13 00:00:00.001
1739433600000,8,0.00006300,2025-02-13 08:00:00.000
1739462400001,8,-0.00004496,2025-02-13 16:00:00.001
1739491200000,8,0.00002146,2025-02-14 00:00:00.000
1739520000001,8,0.00006066,2025-02-14 08:00:00.001
1739548800000,8,0.00006439,2025-02-14 16:00:00.000
1739577600000,8,0.00010000,2025-02-15 00:00:00.000
1739606400000,8,0.00004839,2025-02-15 08:00:00.000
1739635200000,8,-0.00002061,2025-02-15 16:00:00.000
1739664000000,8,-0.00012862,2025-02-16 00:00:00.000
1739692800000,8,-0.00013871,2025-02-16 08:00:00.000
1739721600000,8,-0.00010420,2025-02-16 16:00:00.000
1739750400000,8,-0.00011121,2025-02-17 00:00:00.000
1739779200000,8,-0.00006387,2025-02-17 08:00:00.000
1739808000000,8,0.00004145,2025-02-17 16:00:00.000
1739836800000,8,-0.00003184,2025-02-18 00:00:00.000
1739865600000,8,-0.00023069,2025-02-18 08:00:00.000
1739894400000,8,-0.00023210,2025-02-18 16:00:00.000
1739923200000,8,-0.00002500,2025-02-19 00:00:00.000
1739952000000,8,-0.00004733,2025-02-19 08:00:00.000
1739980800000,8,-0.00006609,2025-02-19 16:00:00.000
1740009600000,8,-0.00013228,2025-02-20 00:00:00.000
1740038400000,8,0.00003375,2025-02-20 08:00:00.000
1740067200000,8,0.00008701,2025-02-20 16:00:00.000
1740096000001,8,0.00010000,2025-02-21 00:00:00.001
1740124800000,8,0.00010000,2025-02-21 08:00:00.000
1740153600000,8,0.00010000,2025-02-21 16:00:00.000
1740182400000,8,-0.00018926,2025-02-22 00:00:00.000
1740211200000,8,-0.00002917,2025-02-22 08:00:00.000
1740240000000,8,0.00000512,2025-02-22 16:00:00.000
1740268800000,8,0.00010000,2025-02-23 00:00:00.000
1740297600000,8,0.00010000,2025-02-23 08:00:00.000
1740326400000,8,0.00010000,2025-02-23 16:00:00.000
1740355200000,8,-0.00010557,2025-02-24 00:00:00.000
1740384000000,8,-0.00004936,2025-02-24 08:00:00.000
1740412800000,8,-0.00002914,2025-02-24 16:00:00.000
1740441600000,8,-0.00012324,2025-02-25 00:00:00.000
1740470400000,8,-0.00008922,2025-02-25 08:00:00.000
1740499200000,8,-0.00006756,2025-02-25 16:00:00.000
1740528000000,8,-0.00007528,2025-02-26 00:00:00.000
1740556800000,8,-0.00011330,2025-02-26 08:00:00.000
1740585600000,8,0.00002289,2025-02-26 16:00:00.000
1740614400001,8,0.00008239,2025-02-27 00:00:00.001
1740643200000,8,0.00005192,2025-02-27 08:00:00.000
1740672000000,8,0.00007116,2025-02-27 16:00:00.000
1740700800001,8,0.00001081,2025-02-28 00:00:00.001
1740729600000,8,-0.00001701,2025-02-28 08:00:00.000
1740758400000,8,0.00000820,2025-02-28 16:00:00.000
1740787200000,8,0.00006070,2025-03-01 00:00:00.000
1740816000000,8,0.00000746,2025-03-01 08:00:00.000
1740844800001,8,0.00004032,2025-03-01 16:00:00.001
1740873600000,8,0.00002516,2025-03-02 00:00:00.000
1740902400000,8,0.00007467,2025-03-02 08:00:00.000
1740931200000,8,0.00004881,2025-03-02 16:00:00.000
1740960000001,8,0.00010000,2025-03-03 00:00:00.001
1740988800000,8,0.00008470,2025-03-03 08:00:00.000
1741017600000,8,0.00006869,2025-03-03 16:00:00.000
1741046400001,8,-0.00024457,2025-03-04 00:00:00.001
1741075200005,8,-0.00037182,2025-03-04 08:00:00.005
1741104000000,8,-0.00041858,2025-03-04 16:00:00.000
1741132800000,8,-0.00011102,2025-03-05 00:00:00.000
1741161600000,8,-0.00023251,2025-03-05 08:00:00.000
1741190400000,8,-0.00009907,2025-03-05 16:00:00.000
1741219200000,8,-0.00001963,2025-03-06 00:00:00.000
1741248000001,8,0.00006057,2025-03-06 08:00:00.001
1741276800000,8,0.00003195,2025-03-06 16:00:00.000
1741305600000,8,0.00001998,2025-03-07 00:00:00.000
1741334400001,8,0.00003604,2025-03-07 08:00:00.001
1741363200000,8,-0.00000767,2025-03-07 16:00:00.000
1741392000000,8,0.00005265,2025-03-08 00:00:00.000
1741420800001,8,-0.00003524,2025-03-08 08:00:00.001
1741449600001,8,-0.00012959,2025-03-08 16:00:00.001
1741478400001,8,0.00006537,2025-03-09 00:00:00.001
1741507200000,8,-0.00000672,2025-03-09 08:00:00.000
1741536000000,8,-0.00010440,2025-03-09 16:00:00.000
1741564800000,8,-0.00031252,2025-03-10 00:00:00.000
1741593600000,8,-0.00019534,2025-03-10 08:00:00.000
1741622400000,8,-0.00015464,2025-03-10 16:00:00.000
1741651200000,8,-0.00007422,2025-03-11 00:00:00.000
1741680000000,8,-0.00005278,2025-03-11 08:00:00.000
1741708800001,8,0.00006259,2025-03-11 16:00:00.001
1741737600000,8,0.00004556,2025-03-12 00:00:00.000
1741766400000,8,-0.00002562,2025-03-12 08:00:00.000
1741795200001,8,-0.00001805,2025-03-12 16:00:00.001
1741824000000,8,0.00001394,2025-03-13 00:00:00.000
1741852800000,8,-0.00000992,2025-03-13 08:00:00.000
1741881600000,8,0.00003423,2025-03-13 16:00:00.000
1741910400000,8,-0.00002284,2025-03-14 00:00:00.000
1741939200000,8,0.00003308,2025-03-14 08:00:00.000
1741968000000,8,0.00004456,2025-03-14 16:00:00.000
1741996800000,8,-0.00002726,2025-03-15 00:00:00.000
1742025600000,8,-0.00003619,2025-03-15 08:00:00.000
1742054400000,8,-0.00020421,2025-03-15 16:00:00.000
1742083200000,8,0.00000418,2025-03-16 00:00:00.000
1742112000000,8,-0.00002758,2025-03-16 08:00:00.000
1742140800000,8,-0.00028621,2025-03-16 16:00:00.000
1742169600000,8,-0.00019707,2025-03-17 00:00:00.000
1742198400000,8,-0.00017139,2025-03-17 08:00:00.000
1742227200000,8,-0.00030160,2025-03-17 16:00:00.000
1742256000000,8,0.00002693,2025-03-18 00:00:00.000
1742284800000,8,0.00002512,2025-03-18 08:00:00.000
1742313600000,8,-0.00007391,2025-03-18 16:00:00.000
1742342400000,8,0.00001619,2025-03-19 00:00:00.000
1742371200000,8,0.00010000,2025-03-19 08:00:00.000
1742400000000,8,0.00010000,2025-03-19 16:00:00.000
1742428800000,8,0.00010000,2025-03-20 00:00:00.000
1742457600000,8,-8.1E-7,2025-03-20 08:00:00.000
1742486400000,8,-0.00018911,2025-03-20 16:00:00.000
1742515200000,8,-0.00020934,2025-03-21 00:00:00.000
1742544000000,8,0.00004365,2025-03-21 08:00:00.000
1742572800000,8,-0.00011967,2025-03-21 16:00:00.000
1742601600000,8,0.00005015,2025-03-22 00:00:00.000
1742630400004,8,0.00004940,2025-03-22 08:00:00.004
1742659200000,8,0.00010000,2025-03-22 16:00:00.000
1742688000000,8,0.00010000,2025-03-23 00:00:00.000
1742716800000,8,0.00010000,2025-03-23 08:00:00.000
1742745600000,8,3.7E-7,2025-03-23 16:00:00.000
1742774400000,8,0.00004762,2025-03-24 00:00:00.000
1742803200000,8,0.00010000,2025-03-24 08:00:00.000
1742832000000,8,0.00010000,2025-03-24 16:00:00.000
1742860800001,8,0.00004750,2025-03-25 00:00:00.001
1742889600000,8,0.00003985,2025-03-25 08:00:00.000
1742918400000,8,0.00005945,2025-03-25 16:00:00.000
1742947200000,8,0.00007970,2025-03-26 00:00:00.000
1742976000000,8,-0.00001606,2025-03-26 08:00:00.000
1743004800001,8,0.00004544,2025-03-26 16:00:00.001
1743033600001,8,0.00010000,2025-03-27 00:00:00.001
1743062400001,8,0.00000662,2025-03-27 08:00:00.001
1743091200002,8,-0.00006813,2025-03-27 16:00:00.002
1743120000001,8,-0.00011691,2025-03-28 00:00:00.001
1743148800001,8,0.00002846,2025-03-28 08:00:00.001
1743177600000,8,-0.00009608,2025-03-28 16:00:00.000
1743206400000,8,-0.00024923,2025-03-29 00:00:00.000
1743235200000,8,-0.00009148,2025-03-29 08:00:00.000
1743264000000,8,-0.00010204,2025-03-29 16:00:00.000
1743292800000,8,-0.00016268,2025-03-30 00:00:00.000
1743321600000,8,-0.00027717,2025-03-30 08:00:00.000
1743350400000,8,-0.00019832,2025-03-30 16:00:00.000
1743379200000,8,-0.00018997,2025-03-31 00:00:00.000
1743408000000,8,-0.00010020,2025-03-31 08:00:00.000
1743436800000,8,-0.00013575,2025-03-31 16:00:00.000
1743465600000,8,-0.00008870,2025-04-01 00:00:00.000
1743494400001,8,-0.00016330,2025-04-01 08:00:00.001
1743523200000,8,-0.00004882,2025-04-01 16:00:00.000
1743552000001,8,-0.00006840,2025-04-02 00:00:00.001
1743580800000,8,0.00000512,2025-04-02 08:00:00.000
1743609600000,8,0.00001110,2025-04-02 16:00:00.000
1743638400000,8,-0.00012809,2025-04-03 00:00:00.000
1743667200000,8,0.00002640,2025-04-03 08:00:00.000
1743696000000,8,-0.00006030,2025-04-03 16:00:00.000
1743724800000,8,0.00000293,2025-04-04 00:00:00.000
1743753600000,8,-0.00005308,2025-04-04 08:00:00.000
1743782400000,8,-0.00004890,2025-04-04 16:00:00.000
1743811200000,8,-0.00002694,2025-04-05 00:00:00.000
1743840000000,8,0.00001389,2025-04-05 08:00:00.000
1743868800000,8,-0.00006389,2025-04-05 16:00:00.000
1743897600000,8,0.00004796,2025-04-06 00:00:00.000
1743926400000,8,-0.00029818,2025-04-06 08:00:00.000
1743955200002,8,-0.00028242,2025-04-06 16:00:00.002
1743984000000,8,-0.00017171,2025-04-07 00:00:00.000
1744012800000,8,-0.00004636,2025-04-07 08:00:00.000
1744041600000,8,-0.00022415,2025-04-07 16:00:00.000
1744070400000,8,-0.00003946,2025-04-08 00:00:00.000
1744099200000,8,-0.00029629,2025-04-08 08:00:00.000
1744128000000,8,-0.00027654,2025-04-08 16:00:00.000
1744156800000,8,-0.00020782,2025-04-09 00:00:00.000
1744185600001,8,-0.00028204,2025-04-09 08:00:00.001
1744214400000,8,-0.00009150,2025-04-09 16:00:00.000
1744243200000,8,0.00010000,2025-04-10 00:00:00.000
1744272000000,8,-0.00006468,2025-04-10 08:00:00.000
1744300800000,8,-0.00014973,2025-04-10 16:00:00.000
1744329600001,8,-0.00000110,2025-04-11 00:00:00.001
1744358400000,8,-0.00002494,2025-04-11 08:00:00.000
1744387200000,8,-0.00017701,2025-04-11 16:00:00.000
1744416000000,8,0.00000755,2025-04-12 00:00:00.000
1744444800001,8,-0.00011747,2025-04-12 08:00:00.001
1744473600000,8,-0.00029956,2025-04-12 16:00:00.000
1744502400000,8,-0.00008334,2025-04-13 00:00:00.000
1744531200000,8,-0.00009214,2025-04-13 08:00:00.000
1744560000000,8,-0.00015207,2025-04-13 16:00:00.000
1744588800000,8,-0.00002024,2025-04-14 00:00:00.000
1744617600000,8,-0.00021842,2025-04-14 08:00:00.000
1744646400000,8,-0.00021055,2025-04-14 16:00:00.000
1744675200000,8,-0.00006348,2025-04-15 00:00:00.000
1744704000000,8,-0.00019026,2025-04-15 08:00:00.000
1744732800001,8,-0.00030170,2025-04-15 16:00:00.001
1744761600000,8,-0.00003097,2025-04-16 00:00:00.000
1744790400000,8,-0.00012763,2025-04-16 08:00:00.000
1744819200000,8,-0.00019811,2025-04-16 16:00:00.000
1744848000001,8,-0.00005542,2025-04-17 00:00:00.001
1744876800000,8,0.00007844,2025-04-17 08:00:00.000
1744905600001,8,0.00000706,2025-04-17 16:00:00.001
1744934400000,8,0.00000455,2025-04-18 00:00:00.000
1744963200000,8,0.00000697,2025-04-18 08:00:00.000
1744992000000,8,-0.00014198,2025-04-18 16:00:00.000
1745020800000,8,0.00010000,2025-04-19 00:00:00.000
1745049600000,8,0.00007867,2025-04-19 08:00:00.000
1745078400000,8,0.00006920,2025-04-19 16:00:00.000
1745107200000,8,0.00010000,2025-04-20 00:00:00.000
1745136000000,8,0.00000119,2025-04-20 08:00:00.000
1745164800000,8,0.00000816,2025-04-20 16:00:00.000
1745193600000,8,-0.00003798,2025-04-21 00:00:00.000
1745222400005,8,0.00010000,2025-04-21 08:00:00.005
1745251200003,8,0.00010000,2025-04-21 16:00:00.003
1745280000008,8,0.00007053,2025-04-22 00:00:00.008
1745308800000,8,-0.00006386,2025-04-22 08:00:00.000
1745337600000,8,0.00010000,2025-04-22 16:00:00.000
1745366400000,8,0.00010000,2025-04-23 00:00:00.000
1745395200002,8,0.00010000,2025-04-23 08:00:00.002
1745424000000,8,0.00010000,2025-04-23 16:00:00.000
1745452800000,8,0.00010000,2025-04-24 00:00:00.000
1745481600001,8,0.00010000,2025-04-24 08:00:00.001
1745510400001,8,0.00010000,2025-04-24 16:00:00.001
1745539200007,8,0.00010000,2025-04-25 00:00:00.007
1745568000002,8,0.00010000,2025-04-25 08:00:00.002
1745596800003,8,-0.00001623,2025-04-25 16:00:00.003
1745625600002,8,0.00007483,2025-04-26 00:00:00.002
1745654400000,8,-0.00003229,2025-04-26 08:00:00.000
1745683200002,8,-0.00010466,2025-04-26 16:00:00.002
1745712000001,8,-0.00000802,2025-04-27 00:00:00.001
1745740800000,8,0.00001143,2025-04-27 08:00:00.000
1745769600000,8,-0.00010986,2025-04-27 16:00:00.000
1745798400001,8,-0.00010207,2025-04-28 00:00:00.001
1745827200003,8,0.00004325,2025-04-28 08:00:00.003
1745856000005,8,-0.00006542,2025-04-28 16:00:00.005
1745884800000,8,0.00010000,2025-04-29 00:00:00.000
1745913600000,8,0.00009640,2025-04-29 08:00:00.000
1745942400010,8,0.00010000,2025-04-29 16:00:00.010
1745971200001,8,-0.00011355,2025-04-30 00:00:00.001
1746000000000,8,-0.00002935,2025-04-30 08:00:00.000
1746028800003,8,-0.00015933,2025-04-30 16:00:00.003
1746057600000,8,0.00003621,2025-05-01 00:00:00.000
1746086400000,8,0.00008760,2025-05-01 08:00:00.000
1746115200001,8,-0.00002038,2025-05-01 16:00:00.001
1746144000000,8,0.00010000,2025-05-02 00:00:00.000
1746172800000,8,0.00007888,2025-05-02 08:00:00.000
1746201600003,8,-0.00007177,2025-05-02 16:00:00.003
1746230400000,8,-0.00015483,2025-05-03 00:00:00.000
1746259200000,8,-0.00010877,2025-05-03 08:00:00.000
1746288000000,8,-0.00011234,2025-05-03 16:00:00.000
1746316800001,8,-0.00005602,2025-05-04 00:00:00.001
1746345600001,8,-0.00016607,2025-05-04 08:00:00.001
1746374400002,8,-0.00020554,2025-05-04 16:00:00.002
1746403200000,8,-0.00018839,2025-05-05 00:00:00.000
1746432000000,8,0.00003843,2025-05-05 08:00:00.000
1746460800006,8,-0.00015190,2025-05-05 16:00:00.006
1746489600002,8,-0.00012103,2025-05-06 00:00:00.002
1746518400005,8,-0.00000774,2025-05-06 08:00:00.005
1746547200000,8,0.00005227,2025-05-06 16:00:00.000
1746576000002,8,0.00007720,2025-05-07 00:00:00.002
1746604800000,8,-0.00000163,2025-05-07 08:00:00.000
1746633600006,8,-0.00016988,2025-05-07 16:00:00.006
1746662400000,8,0.00003140,2025-05-08 00:00:00.000
1746691200001,8,0.00010000,2025-05-08 08:00:00.001
1746720000002,8,0.00010000,2025-05-08 16:00:00.002
1746748800001,8,0.00010000,2025-05-09 00:00:00.001
1746777600006,8,0.00010000,2025-05-09 08:00:00.006
1746806400000,8,0.00010000,2025-05-09 16:00:00.000
1746835200001,8,0.00010000,2025-05-10 00:00:00.001
1746864000000,8,0.00010000,2025-05-10 08:00:00.000
1746892800001,8,0.00010000,2025-05-10 16:00:00.001
1746921600000,8,0.00010000,2025-05-11 00:00:00.000
1746950400001,8,0.00010000,2025-05-11 08:00:00.001
1746979200001,8,0.00010000,2025-05-11 16:00:00.001
1747008000004,8,0.00010000,2025-05-12 00:00:00.004
1747036800000,8,0.00010000,2025-05-12 08:00:00.000
1747065600000,8,0.00010000,2025-05-12 16:00:00.000
1747094400000,8,0.00010000,2025-05-13 00:00:00.000
1747123200008,8,0.00009081,2025-05-13 08:00:00.008
1747152000001,8,0.00010000,2025-05-13 16:00:00.001
1747180800007,8,0.00010000,2025-05-14 00:00:00.007
1747209600000,8,0.00010000,2025-05-14 08:00:00.000
1747238400002,8,0.00010000,2025-05-14 16:00:00.002
1747267200000,8,0.00010000,2025-05-15 00:00:00.000
1747296000003,8,0.00007085,2025-05-15 08:00:00.003
1747324800000,8,0.00003698,2025-05-15 16:00:00.000
1747353600001,8,0.00002132,2025-05-16 00:00:00.001
1747382400000,8,0.00003938,2025-05-16 08:00:00.000
1747411200000,8,0.00005752,2025-05-16 16:00:00.000
1747440000000,8,0.00004895,2025-05-17 00:00:00.000
1747468800001,8,0.00002919,2025-05-17 08:00:00.001
1747497600004,8,0.00003576,2025-05-17 16:00:00.004
1747526400000,8,0.00000638,2025-05-18 00:00:00.000
1747555200000,8,-0.00005436,2025-05-18 08:00:00.000
1747584000000,8,-0.00005244,2025-05-18 16:00:00.000
1747612800000,8,-0.00003598,2025-05-19 00:00:00.000
1747641600006,8,5.7E-7,2025-05-19 08:00:00.006
1747670400010,8,-0.00002011,2025-05-19 16:00:00.010
1747699200000,8,0.00010000,2025-05-20 00:00:00.000
1747728000002,8,0.00003254,2025-05-20 08:00:00.002
1747756800000,8,0.00003244,2025-05-20 16:00:00.000
1747785600000,8,0.00008089,2025-05-21 00:00:00.000
1747814400001,8,0.00010000,2025-05-21 08:00:00.001
1747843200004,8,0.00006244,2025-05-21 16:00:00.004
1747872000001,8,0.00008662,2025-05-22 00:00:00.001
1747900800000,8,0.00010000,2025-05-22 08:00:00.000
1747929600002,8,0.00010000,2025-05-22 16:00:00.002
1747958400006,8,0.00010000,2025-05-23 00:00:00.006
1747987200000,8,0.00010000,2025-05-23 08:00:00.000
1748016000007,8,0.00010000,2025-05-23 16:00:00.007
1748044800010,8,0.00010000,2025-05-24 00:00:00.010
1748073600000,8,-0.00005367,2025-05-24 08:00:00.000
1748102400003,8,-0.00007400,2025-05-24 16:00:00.003
1748131200004,8,-0.00006709,2025-05-25 00:00:00.004
1748160000000,8,-0.00003129,2025-05-25 08:00:00.000
1748188800000,8,-0.00009897,2025-05-25 16:00:00.000
1748217600000,8,-0.00007407,2025-05-26 00:00:00.000
1748246400000,8,-0.00001411,2025-05-26 08:00:00.000
1748275200002,8,0.00005253,2025-05-26 16:00:00.002
1748304000003,8,-0.00005915,2025-05-27 00:00:00.003
1748332800001,8,0.00004806,2025-05-27 08:00:00.001
1748361600005,8,0.00007756,2025-05-27 16:00:00.005
1748390400002,8,0.00003645,2025-05-28 00:00:00.002
1748419200003,8,0.00002512,2025-05-28 08:00:00.003
1748448000002,8,-0.00004014,2025-05-28 16:00:00.002
1748476800000,8,0.00000711,2025-05-29 00:00:00.000
1748505600006,8,0.00010000,2025-05-29 08:00:00.006
1748534400000,8,-0.00003080,2025-05-29 16:00:00.000
1748563200003,8,-0.00007683,2025-05-30 00:00:00.003
1748592000003,8,-0.00025091,2025-05-30 08:00:00.003
1748620800000,8,-0.00008610,2025-05-30 16:00:00.000
1748649600000,8,-0.00012519,2025-05-31 00:00:00.000
1748678400000,8,-0.00017394,2025-05-31 08:00:00.000
1748707200000,8,-0.00009842,2025-05-31 16:00:00.000
1748736000001,8,-0.00004205,2025-06-01 00:00:00.001
1748764800002,8,-0.00003631,2025-06-01 08:00:00.002
1748793600000,8,-0.00004566,2025-06-01 16:00:00.000
1748822400001,8,-0.00006084,2025-06-02 00:00:00.001
1748851200000,8,-0.00002796,2025-06-02 08:00:00.000
1748880000000,8,0.00005462,2025-06-02 16:00:00.000
1748908800000,8,0.00007780,2025-06-03 00:00:00.000
1748937600000,8,0.00008970,2025-06-03 08:00:00.000
1748966400001,8,0.00007066,2025-06-03 16:00:00.001
1748995200000,8,0.00000316,2025-06-04 00:00:00.000
1749024000000,8,0.00000347,2025-06-04 08:00:00.000
1749052800000,8,-0.00003378,2025-06-04 16:00:00.000
1749081600016,8,-0.00003792,2025-06-05 00:00:00.016
1749110400000,8,-0.00003280,2025-06-05 08:00:00.000
1749139200000,8,-0.00001419,2025-06-05 16:00:00.000
1749168000002,8,-0.00018426,2025-06-06 00:00:00.002
1749196800000,8,-0.00018400,2025-06-06 08:00:00.000
1749225600006,8,-0.00004184,2025-06-06 16:00:00.006
1749254400000,8,-0.00005348,2025-06-07 00:00:00.000
1749283200000,8,0.00002024,2025-06-07 08:00:00.000
1749312000002,8,0.00008637,2025-06-07 16:00:00.002
1749340800000,8,0.00002890,2025-06-08 00:00:00.000
1749369600000,8,-0.00003957,2025-06-08 08:00:00.000
1749398400000,8,0.00003980,2025-06-08 16:00:00.000
1749427200000,8,0.00010000,2025-06-09 00:00:00.000
1749456000001,8,-0.00007676,2025-06-09 08:00:00.001
1749484800001,8,0.00002877,2025-06-09 16:00:00.001
1749513600000,8,0.00010000,2025-06-10 00:00:00.000
1749542400001,8,0.00010000,2025-06-10 08:00:00.001
1749571200003,8,0.00010000,2025-06-10 16:00:00.003
1749600000000,8,0.00010000,2025-06-11 00:00:00.000
1749628800000,8,0.00010000,2025-06-11 08:00:00.000
1749657600010,8,0.00010000,2025-06-11 16:00:00.010
1749686400002,8,0.00010000,2025-06-12 00:00:00.002
1749715200003,8,0.00006008,2025-06-12 08:00:00.003
1749744000001,8,-0.00002708,2025-06-12 16:00:00.001
1749772800000,8,-0.00001067,2025-06-13 00:00:00.000
1749801600001,8,-0.00017593,2025-06-13 08:00:00.001
1749830400004,8,-0.00007489,2025-06-13 16:00:00.004
1749859200000,8,0.00003129,2025-06-14 00:00:00.000
1749888000000,8,-0.00001538,2025-06-14 08:00:00.000
1749916800000,8,-0.00003025,2025-06-14 16:00:00.000
1749945600005,8,0.00005438,2025-06-15 00:00:00.005
1749974400009,8,-0.00009264,2025-06-15 08:00:00.009
1750003200000,8,0.00002420,2025-06-15 16:00:00.000
1750032000000,8,-0.00002710,2025-06-16 00:00:00.000
1750060800000,8,0.00008404,2025-06-16 08:00:00.000
1750089600003,8,0.00003242,2025-06-16 16:00:00.003
1750118400000,8,0.00006771,2025-06-17 00:00:00.000
1750147200006,8,0.00008167,2025-06-17 08:00:00.006
1750176000001,8,-0.00009539,2025-06-17 16:00:00.001
1750204800001,8,-0.00002812,2025-06-18 00:00:00.001
1750233600001,8,0.00003537,2025-06-18 08:00:00.001
1750262400001,8,-0.00015652,2025-06-18 16:00:00.001
1750291200005,8,0.00001013,2025-06-19 00:00:00.005
1750320000003,8,-0.00015597,2025-06-19 08:00:00.003
1750348800000,8,-0.00020285,2025-06-19 16:00:00.000
1750377600000,8,0.00004512,2025-06-20 00:00:00.000
1750406400002,8,0.00008850,2025-06-20 08:00:00.002
1750435200001,8,-0.00003063,2025-06-20 16:00:00.001
1750464000002,8,-0.00002015,2025-06-21 00:00:00.002
1750492800005,8,0.00000425,2025-06-21 08:00:00.005
1750521600000,8,-0.00002460,2025-06-21 16:00:00.000
1750550400005,8,0.00000491,2025-06-22 00:00:00.005
1750579200000,8,0.00002452,2025-06-22 08:00:00.000
1750608000003,8,0.00002262,2025-06-22 16:00:00.003
1750636800000,8,-0.00001023,2025-06-23 00:00:00.000
1750665600004,8,-0.00007795,2025-06-23 08:00:00.004
1750694400013,8,0.00003124,2025-06-23 16:00:00.013
1750723200003,8,0.00003476,2025-06-24 00:00:00.003
1750752000000,8,0.00001328,2025-06-24 08:00:00.000
1750780800000,8,0.00000991,2025-06-24 16:00:00.000
1750809600005,8,0.00004774,2025-06-25 00:00:00.005
1750838400000,8,0.00010000,2025-06-25 08:00:00.000
1750867200005,8,0.00000524,2025-06-25 16:00:00.005
1750896000000,8,0.00006960,2025-06-26 00:00:00.000
1750924800006,8,-0.00000886,2025-06-26 08:00:00.006
1750953600007,8,0.00007578,2025-06-26 16:00:00.007
1750982400000,8,0.00005498,2025-06-27 00:00:00.000
1751011200000,8,0.00001270,2025-06-27 08:00:00.000
1751040000009,8,-0.00004237,2025-06-27 16:00:00.009
1751068800001,8,0.00000651,2025-06-28 00:00:00.001
1751097600002,8,0.00004379,2025-06-28 08:00:00.002
1751126400000,8,0.00002416,2025-06-28 16:00:00.000
1751155200004,8,0.00004474,2025-06-29 00:00:00.004
1751184000001,8,0.00008854,2025-06-29 08:00:00.001
1751212800001,8,0.00003383,2025-06-29 16:00:00.001
1751241600000,8,0.00010000,2025-06-30 00:00:00.000
1751270400005,8,0.00005783,2025-06-30 08:00:00.005
1751299200002,8,0.00006213,2025-06-30 16:00:00.002
1751328000007,8,0.00005998,2025-07-01 00:00:00.007
1751356800002,8,-0.00010590,2025-07-01 08:00:00.002
1751385600000,8,0.00001310,2025-07-01 16:00:00.000
1751414400001,8,-0.00009383,2025-07-02 00:00:00.001
1751443200000,8,-0.00006310,2025-07-02 08:00:00.000
1751472000003,8,0.00010000,2025-07-02 16:00:00.003
1751500800006,8,0.00010000,2025-07-03 00:00:00.006
1751529600003,8,0.00010000,2025-07-03 08:00:00.003
1751558400003,8,0.00010000,2025-07-03 16:00:00.003
1751587200005,8,0.00010000,2025-07-04 00:00:00.005
1751616000003,8,0.00010000,2025-07-04 08:00:00.003
1751644800001,8,-0.00005577,2025-07-04 16:00:00.001
1751673600004,8,-0.00013936,2025-07-05 00:00:00.004
1751702400009,8,-0.00010665,2025-07-05 08:00:00.009
1751731200006,8,-0.00002736,2025-07-05 16:00:00.006
1751760000001,8,-0.00006610,2025-07-06 00:00:00.001
1751788800002,8,-0.00009936,2025-07-06 08:00:00.002
1751817600004,8,0.00003339,2025-07-06 16:00:00.004
1751846400000,8,0.00009604,2025-07-07 00:00:00.000
1751875200007,8,0.00010000,2025-07-07 08:00:00.007
1751904000000,8,0.00004546,2025-07-07 16:00:00.000
1751932800010,8,0.00004471,2025-07-08 00:00:00.010
1751961600003,8,-0.00000732,2025-07-08 08:00:00.003
1751990400000,8,0.00007188,2025-07-08 16:00:00.000
1752019200002,8,0.00010000,2025-07-09 00:00:00.002
1752048000006,8,0.00010000,2025-07-09 08:00:00.006
1752076800001,8,0.00010000,2025-07-09 16:00:00.001
1752105600003,8,0.00010000,2025-07-10 00:00:00.003
1752134400000,8,0.00010000,2025-07-10 08:00:00.000
1752163200004,8,0.00010000,2025-07-10 16:00:00.004
1752192000004,8,0.00010000,2025-07-11 00:00:00.004
1752220800007,8,0.00010000,2025-07-11 08:00:00.007
1752249600001,8,0.00010000,2025-07-11 16:00:00.001
1752278400000,8,0.00010000,2025-07-12 00:00:00.000
1752307200001,8,0.00010000,2025-07-12 08:00:00.001
1752336000002,8,0.00010000,2025-07-12 16:00:00.002
1752364800006,8,0.00010000,2025-07-13 00:00:00.006
1752393600001,8,0.00007013,2025-07-13 08:00:00.001
1752422400003,8,0.00008910,2025-07-13 16:00:00.003
1752451200000,8,0.00007225,2025-07-14 00:00:00.000
1752480000000,8,0.00010000,2025-07-14 08:00:00.000
1752508800000,8,0.00010000,2025-07-14 16:00:00.000
1752537600002,8,0.00004688,2025-07-15 00:00:00.002
1752566400000,8,0.00008674,2025-07-15 08:00:00.000
1752595200000,8,0.00006731,2025-07-15 16:00:00.000
1752624000000,8,0.00010000,2025-07-16 00:00:00.000
1752652800000,8,0.00010000,2025-07-16 08:00:00.000
1752681600008,8,0.00010000,2025-07-16 16:00:00.008
1752710400003,8,0.00010000,2025-07-17 00:00:00.003
1752739200000,8,0.00010000,2025-07-17 08:00:00.000
1752768000000,8,0.00010000,2025-07-17 16:00:00.000
1752796800004,8,0.00010000,2025-07-18 00:00:00.004
1752825600000,8,0.00010000,2025-07-18 08:00:00.000
1752854400000,8,0.00010000,2025-07-18 16:00:00.000
1752883200009,8,0.00010000,2025-07-19 00:00:00.009
1752912000000,8,0.00010000,2025-07-19 08:00:00.000
1752940800002,8,0.00010000,2025-07-19 16:00:00.002
1752969600000,8,0.00010000,2025-07-20 00:00:00.000
1752998400000,8,0.00010000,2025-07-20 08:00:00.000
1753027200000,8,0.00010000,2025-07-20 16:00:00.000
1753056000001,8,0.00010000,2025-07-21 00:00:00.001
1753084800000,8,0.00010000,2025-07-21 08:00:00.000
1753113600001,8,0.00010000,2025-07-21 16:00:00.001
1753142400000,8,0.00010000,2025-07-22 00:00:00.000
1753171200010,8,0.00010000,2025-07-22 08:00:00.010
1753200000007,8,0.00010000,2025-07-22 16:00:00.007
1753228800000,8,0.00010000,2025-07-23 00:00:00.000
1753257600004,8,0.00010000,2025-07-23 08:00:00.004
1753286400002,8,0.00010000,2025-07-23 16:00:00.002
1753315200000,8,0.00010000,2025-07-24 00:00:00.000
1753344000001,8,0.00007045,2025-07-24 08:00:00.001
1753372800000,8,0.00010000,2025-07-24 16:00:00.000
1753401600000,8,0.00010000,2025-07-25 00:00:00.000
1753430400000,8,0.00001297,2025-07-25 08:00:00.000
1753459200000,8,0.00010000,2025-07-25 16:00:00.000
1753488000001,8,0.00010000,2025-07-26 00:00:00.001
1753516800005,8,0.00010000,2025-07-26 08:00:00.005
1753545600001,8,0.00010000,2025-07-26 16:00:00.001
1753574400001,8,0.00010000,2025-07-27 00:00:00.001
1753603200000,8,0.00010000,2025-07-27 08:00:00.000
1753632000008,8,0.00010000,2025-07-27 16:00:00.008
1753660800005,8,0.00010000,2025-07-28 00:00:00.005
1753689600000,8,0.00010000,2025-07-28 08:00:00.000
1753718400000,8,0.00010000,2025-07-28 16:00:00.000
1753747200001,8,0.00010000,2025-07-29 00:00:00.001
1753776000000,8,0.00005839,2025-07-29 08:00:00.000
1753804800000,8,0.00004066,2025-07-29 16:00:00.000
1753833600011,8,-0.00001345,2025-07-30 00:00:00.011
1753862400000,8,-0.00000516,2025-07-30 08:00:00.000
1753891200008,8,0.00004371,2025-07-30 16:00:00.008
1753920000000,8,0.00003826,2025-07-31 00:00:00.000
1753948800009,8,0.00007595,2025-07-31 08:00:00.009
1753977600000,8,-0.00002256,2025-07-31 16:00:00.000
1754006400001,8,-0.00005463,2025-08-01 00:00:00.001
1754035200003,8,0.00005662,2025-08-01 08:00:00.003
1754064000000,8,0.00002547,2025-08-01 16:00:00.000
1754092800004,8,0.00010000,2025-08-02 00:00:00.004
1754121600000,8,0.00010000,2025-08-02 08:00:00.000
1754150400000,8,0.00006685,2025-08-02 16:00:00.000
1754179200000,8,0.00010000,2025-08-03 00:00:00.000
1754208000000,8,0.00008227,2025-08-03 08:00:00.000
1754236800003,8,0.00005055,2025-08-03 16:00:00.003
1754265600004,8,0.00000325,2025-08-04 00:00:00.004
1754294400000,8,-0.00001958,2025-08-04 08:00:00.000
1754323200002,8,0.00002688,2025-08-04 16:00:00.002
1754352000000,8,0.00006070,2025-08-05 00:00:00.000
1754380800000,8,0.00003299,2025-08-05 08:00:00.000
1754409600000,8,0.00010000,2025-08-05 16:00:00.000
1754438400005,8,0.00000959,2025-08-06 00:00:00.005
1754467200000,8,0.00010000,2025-08-06 08:00:00.000
1754496000000,8,0.00006205,2025-08-06 16:00:00.000
1754524800003,8,0.00009385,2025-08-07 00:00:00.003
1754553600002,8,0.00010000,2025-08-07 08:00:00.002
1754582400002,8,0.00010000,2025-08-07 16:00:00.002
1754611200002,8,0.00010000,2025-08-08 00:00:00.002
1754640000004,8,0.00010000,2025-08-08 08:00:00.004
1754668800000,8,0.00010000,2025-08-08 16:00:00.000
1754697600005,8,0.00010000,2025-08-09 00:00:00.005
1754726400000,8,0.00010000,2025-08-09 08:00:00.000
1754755200007,8,0.00010000,2025-08-09 16:00:00.007
1754784000003,8,0.00010000,2025-08-10 00:00:00.003
1754812800005,8,0.00010000,2025-08-10 08:00:00.005
1754841600002,8,0.00010000,2025-08-10 16:00:00.002
1754870400000,8,0.00010000,2025-08-11 00:00:00.000
1754899200000,8,0.00010000,2025-08-11 08:00:00.000
1754928000000,8,0.00002384,2025-08-11 16:00:00.000
1754956800000,8,-2.2E-7,2025-08-12 00:00:00.000
1754985600001,8,0.00004313,2025-08-12 08:00:00.001
1755014400005,8,0.00010000,2025-08-12 16:00:00.005
1755043200000,8,0.00010000,2025-08-13 00:00:00.000
1755072000002,8,0.00010000,2025-08-13 08:00:00.002
1755100800006,8,0.00010000,2025-08-13 16:00:00.006
1755129600002,8,0.00010000,2025-08-14 00:00:00.002
1755158400003,8,0.00010000,2025-08-14 08:00:00.003
1755187200000,8,0.00010000,2025-08-14 16:00:00.000
1755216000000,8,0.00002695,2025-08-15 00:00:00.000
1755244800000,8,0.00010000,2025-08-15 08:00:00.000
1755273600000,8,0.00010000,2025-08-15 16:00:00.000
1755302400004,8,-0.00014130,2025-08-16 00:00:00.004
1755331200000,8,0.00001004,2025-08-16 08:00:00.000
1755360000002,8,0.00007213,2025-08-16 16:00:00.002
1755388800000,8,0.00008594,2025-08-17 00:00:00.000
1755417600001,8,0.00010000,2025-08-17 08:00:00.001
1755446400007,8,0.00010000,2025-08-17 16:00:00.007
1755475200000,8,0.00010000,2025-08-18 00:00:00.000
1755504000001,8,-0.00016208,2025-08-18 08:00:00.001
1755532800002,8,-0.00007532,2025-08-18 16:00:00.002
1755561600000,8,0.00007399,2025-08-19 00:00:00.000
1755590400001,8,-0.00009655,2025-08-19 08:00:00.001
1755619200000,8,0.00001440,2025-08-19 16:00:00.000
1755648000000,8,0.00004597,2025-08-20 00:00:00.000
1755676800000,8,-0.00000858,2025-08-20 08:00:00.000
1755705600000,8,0.00010000,2025-08-20 16:00:00.000
1755734400006,8,0.00010000,2025-08-21 00:00:00.006
1755763200000,8,0.00010000,2025-08-21 08:00:00.000
1755792000003,8,0.00010000,2025-08-21 16:00:00.003
1755820800010,8,0.00010000,2025-08-22 00:00:00.010
1755849600007,8,0.00010000,2025-08-22 08:00:00.007
1755878400001,8,0.00010000,2025-08-22 16:00:00.001
1755907200004,8,0.00010000,2025-08-23 00:00:00.004
1755936000006,8,0.00010000,2025-08-23 08:00:00.006
1755964800000,8,0.00010000,2025-08-23 16:00:00.000
1755993600001,8,0.00010000,2025-08-24 00:00:00.001
1756022400002,8,0.00010000,2025-08-24 08:00:00.002
1756051200001,8,0.00010000,2025-08-24 16:00:00.001
1756080000000,8,0.00010000,2025-08-25 00:00:00.000
1756108800002,8,0.00010000,2025-08-25 08:00:00.002
1756137600002,8,-0.00007257,2025-08-25 16:00:00.002
1756166400000,8,-0.00008551,2025-08-26 00:00:00.000
1756195200000,8,-0.00001087,2025-08-26 08:00:00.000
1756224000000,8,0.00006382,2025-08-26 16:00:00.000
1756252800003,8,0.00010000,2025-08-27 00:00:00.003
1756281600000,8,0.00010000,2025-08-27 08:00:00.000
1756310400009,8,0.00010000,2025-08-27 16:00:00.009
1756339200000,8,0.00010000,2025-08-28 00:00:00.000
1756368000005,8,0.00010000,2025-08-28 08:00:00.005
1756396800004,8,0.00007493,2025-08-28 16:00:00.004
1756425600000,8,0.00010000,2025-08-29 00:00:00.000
1756454400000,8,0.00010000,2025-08-29 08:00:00.000
1756483200005,8,0.00002413,2025-08-29 16:00:00.005
1756512000000,8,0.00007189,2025-08-30 00:00:00.000
1756540800002,8,0.00010000,2025-08-30 08:00:00.002
1756569600003,8,0.00005072,2025-08-30 16:00:00.003
1756598400016,8,0.00008643,2025-08-31 00:00:00.016
1756627200000,8,0.00010000,2025-08-31 08:00:00.000
1756656000001,8,0.00010000,2025-08-31 16:00:00.001
1756684800000,8,-0.00000998,2025-09-01 00:00:00.000
1756713600000,8,-0.00007953,2025-09-01 08:00:00.000
1756742400001,8,0.00010000,2025-09-01 16:00:00.001
1756771200000,8,-0.00010841,2025-09-02 00:00:00.000
1756800000005,8,0.00010000,2025-09-02 08:00:00.005
1756828800007,8,0.00010000,2025-09-02 16:00:00.007
1756857600006,8,0.00010000,2025-09-03 00:00:00.006
1756886400002,8,0.00010000,2025-09-03 08:00:00.002
1756915200002,8,0.00010000,2025-09-03 16:00:00.002
1756944000002,8,0.00010000,2025-09-04 00:00:00.002
1756972800000,8,0.00010000,2025-09-04 08:00:00.000
1757001600000,8,0.00010000,2025-09-04 16:00:00.000
1757030400001,8,0.00003477,2025-09-05 00:00:00.001
1757059200006,8,0.00004504,2025-09-05 08:00:00.006
1757088000000,8,0.00010000,2025-09-05 16:00:00.000
1757116800000,8,0.00010000,2025-09-06 00:00:00.000
1757145600005,8,0.00005766,2025-09-06 08:00:00.005
1757174400000,8,0.00010000,2025-09-06 16:00:00.000
1757203200000,8,0.00010000,2025-09-07 00:00:00.000
1757232000000,8,0.00010000,2025-09-07 08:00:00.000
1757260800000,8,0.00010000,2025-09-07 16:00:00.000
1757289600007,8,0.00010000,2025-09-08 00:00:00.007
1757318400000,8,0.00010000,2025-09-08 08:00:00.000
1757347200000,8,0.00010000,2025-09-08 16:00:00.000
1757376000000,8,0.00010000,2025-09-09 00:00:00.000
1757404800000,8,0.00010000,2025-09-09 08:00:00.000
1757433600000,8,0.00010000,2025-09-09 16:00:00.000
1757462400000,8,0.00010000,2025-09-10 00:00:00.000
1757491200002,8,0.00010000,2025-09-10 08:00:00.002
1757520000000,8,0.00010000,2025-09-10 16:00:00.000
1757548800000,8,0.00010000,2025-09-11 00:00:00.000
1757577600000,8,0.00010000,2025-09-11 08:00:00.000
1757606400001,8,0.00009879,2025-09-11 16:00:00.001
1757635200002,8,0.00004899,2025-09-12 00:00:00.002
1757664000001,8,0.00006657,2025-09-12 08:00:00.001
1757692800005,8,-0.00001437,2025-09-12 16:00:00.005
1757721600005,8,0.00007266,2025-09-13 00:00:00.005
1757750400002,8,0.00010000,2025-09-13 08:00:00.002
1757779200000,8,0.00010000,2025-09-13 16:00:00.000
1757808000006,8,-0.00009514,2025-09-14 00:00:00.006
1757836800000,8,0.00004558,2025-09-14 08:00:00.000
1757865600001,8,0.00004187,2025-09-14 16:00:00.001
1757894400006,8,0.00010000,2025-09-15 00:00:00.006
1757923200002,8,-0.00004093,2025-09-15 08:00:00.002
1757952000001,8,-0.00002835,2025-09-15 16:00:00.001
1757980800001,8,0.00010000,2025-09-16 00:00:00.001
1758009600000,8,0.00010000,2025-09-16 08:00:00.000
1758038400000,8,0.00010000,2025-09-16 16:00:00.000
1758067200001,8,0.00001000,2025-09-17 00:00:00.001
1758096000000,8,0.00001351,2025-09-17 08:00:00.000
1758124800003,8,-0.00000996,2025-09-17 16:00:00.003
1758153600006,8,0.00010000,2025-09-18 00:00:00.006
1758182400002,8,0.00010000,2025-09-18 08:00:00.002
1758211200000,8,0.00010000,2025-09-18 16:00:00.000
1758240000000,8,0.00010000,2025-09-19 00:00:00.000
1758268800005,8,0.00010000,2025-09-19 08:00:00.005
1758297600000,8,0.00010000,2025-09-19 16:00:00.000
1758326400000,8,0.00010000,2025-09-20 00:00:00.000
1758355200000,8,3.5E-7,2025-09-20 08:00:00.000
1758384000002,8,-0.00004382,2025-09-20 16:00:00.002
1758412800000,8,-0.00005963,2025-09-21 00:00:00.000
1758441600000,8,0.00010000,2025-09-21 08:00:00.000
1758470400000,8,0.00007117,2025-09-21 16:00:00.000
1758499200005,8,0.00001599,2025-09-22 00:00:00.005
1758528000003,8,-0.00002971,2025-09-22 08:00:00.003
1758556800000,8,0.00010000,2025-09-22 16:00:00.000
1758585600000,8,0.00010000,2025-09-23 00:00:00.000
1758614400001,8,0.00010000,2025-09-23 08:00:00.001
1758643200000,8,0.00010000,2025-09-23 16:00:00.000
1758672000003,8,-0.00002640,2025-09-24 00:00:00.003
1758700800001,8,0.00002535,2025-09-24 08:00:00.001
1758729600002,8,0.00007734,2025-09-24 16:00:00.002
1758758400000,8,-0.00002175,2025-09-25 00:00:00.000
1758787200001,8,0.00000137,2025-09-25 08:00:00.001
1758816000000,8,0.00009259,2025-09-25 16:00:00.000
1758844800000,8,0.00002414,2025-09-26 00:00:00.000
1758873600000,8,0.00009031,2025-09-26 08:00:00.000
1758902400008,8,0.00002573,2025-09-26 16:00:00.008
1758931200000,8,-0.00000283,2025-09-27 00:00:00.000
1758960000010,8,0.00010000,2025-09-27 08:00:00.010
1758988800003,8,0.00000709,2025-09-27 16:00:00.003
1759017600000,8,0.00010000,2025-09-28 00:00:00.000
1759046400000,8,0.00010000,2025-09-28 08:00:00.000
1759075200000,8,0.00010000,2025-09-28 16:00:00.000
1759104000000,8,0.00010000,2025-09-29 00:00:00.000
1759132800002,8,0.00004536,2025-09-29 08:00:00.002
1759161600001,8,0.00005735,2025-09-29 16:00:00.001
1759190400002,8,0.00009104,2025-09-30 00:00:00.002
1759219200005,8,-0.00002524,2025-09-30 08:00:00.005
1759248000000,8,-0.00000612,2025-09-30 16:00:00.000
1759276800000,8,0.00010000,2025-10-01 00:00:00.000
1759305600000,8,0.00010000,2025-10-01 08:00:00.000
1759334400000,8,0.00001998,2025-10-01 16:00:00.000
1759363200000,8,0.00009717,2025-10-02 00:00:00.000
1759392000013,8,-0.00001316,2025-10-02 08:00:00.013
1759420800000,8,-0.00008954,2025-10-02 16:00:00.000
1759449600006,8,0.00010000,2025-10-03 00:00:00.006
1759478400006,8,0.00010000,2025-10-03 08:00:00.006
1759507200000,8,-0.00005156,2025-10-03 16:00:00.000
1759536000001,8,0.00010000,2025-10-04 00:00:00.001
1759564800000,8,0.00010000,2025-10-04 08:00:00.000
1759593600000,8,-0.00014455,2025-10-04 16:00:00.000
1759622400000,8,-0.00016766,2025-10-05 00:00:00.000
1759651200003,8,0.00010000,2025-10-05 08:00:00.003
1759680000009,8,-0.00009755,2025-10-05 16:00:00.009
1759708800004,8,-0.00018863,2025-10-06 00:00:00.004
1759737600002,8,0.00010000,2025-10-06 08:00:00.002
1759766400004,8,0.00010000,2025-10-06 16:00:00.004
1759795200000,8,0.00010000,2025-10-07 00:00:00.000
1759824000003,8,0.00010000,2025-10-07 08:00:00.003
1759852800000,8,-0.00016040,2025-10-07 16:00:00.000
1759881600000,8,0.00004142,2025-10-08 00:00:00.000
1759910400006,8,-0.00003537,2025-10-08 08:00:00.006
1759939200002,8,-0.00001182,2025-10-08 16:00:00.002
1759968000001,8,0.00010000,2025-10-09 00:00:00.001
1759996800000,8,0.00010000,2025-10-09 08:00:00.000
1760025600000,8,0.00006446,2025-10-09 16:00:00.000
1760054400005,8,0.00010000,2025-10-10 00:00:00.005
1760083200002,8,0.00010000,2025-10-10 08:00:00.002
1760112000014,8,0.00010000,2025-10-10 16:00:00.014
1760140800000,8,0.00010000,2025-10-11 00:00:00.000
1760169600003,8,-0.00026718,2025-10-11 08:00:00.003
1760198400000,8,-0.00027333,2025-10-11 16:00:00.000
1760227200004,8,-0.00009953,2025-10-12 00:00:00.004
1760256000002,8,-0.00023162,2025-10-12 08:00:00.002
1760284800000,8,-0.00053536,2025-10-12 16:00:00.000
1760313600003,8,-0.00066280,2025-10-13 00:00:00.003
1760342400002,8,-0.00051614,2025-10-13 08:00:00.002
1760371200003,8,-0.00014938,2025-10-13 16:00:00.003
1760400000000,8,0.00002897,2025-10-14 00:00:00.000
1760428800000,8,-0.00015632,2025-10-14 08:00:00.000
1760457600000,8,-0.00029769,2025-10-14 16:00:00.000
1760486400006,8,0.00002027,2025-10-15 00:00:00.006
1760515200002,8,-0.00008911,2025-10-15 08:00:00.002
1760544000000,8,-0.00026345,2025-10-15 16:00:00.000
1760572800000,8,-0.00020520,2025-10-16 00:00:00.000
1760601600003,8,-0.00020345,2025-10-16 08:00:00.003
1760630400002,8,-0.00004769,2025-10-16 16:00:00.002
1760659200001,8,-0.00025880,2025-10-17 00:00:00.001
1760688000005,8,0.00007469,2025-10-17 08:00:00.005
1760716800003,8,-0.00002137,2025-10-17 16:00:00.003
1760745600000,8,0.00007571,2025-10-18 00:00:00.000
1760774400002,8,0.00003564,2025-10-18 08:00:00.002
1760803200001,8,0.00005427,2025-10-18 16:00:00.001
1760832000001,8,0.00003651,2025-10-19 00:00:00.001
1760860800001,8,0.00005833,2025-10-19 08:00:00.001
1760889600001,8,0.00005545,2025-10-19 16:00:00.001
1760918400004,8,-0.00004892,2025-10-20 00:00:00.004
1760947200001,8,0.00007537,2025-10-20 08:00:00.001
1760976000000,8,-0.00017217,2025-10-20 16:00:00.000
1761004800009,8,0.00010000,2025-10-21 00:00:00.009
1761033600000,8,-0.00012126,2025-10-21 08:00:00.000
1761062400000,8,0.00007501,2025-10-21 16:00:00.000
1761091200004,8,0.00010000,2025-10-22 00:00:00.004
1761120000000,8,-0.00008648,2025-10-22 08:00:00.000
1761148800000,8,0.00000338,2025-10-22 16:00:00.000
1761177600000,8,-0.00000938,2025-10-23 00:00:00.000
1761206400001,8,-0.00008649,2025-10-23 08:00:00.001
1761235200004,8,0.00010000,2025-10-23 16:00:00.004
1761264000000,8,0.00010000,2025-10-24 00:00:00.000
1761292800000,8,0.00010000,2025-10-24 08:00:00.000
1761321600009,8,-0.00002149,2025-10-24 16:00:00.009
1761350400000,8,0.00010000,2025-10-25 00:00:00.000
1761379200001,8,0.00010000,2025-10-25 08:00:00.001
1761408000001,8,-0.00000114,2025-10-25 16:00:00.001
1761436800001,8,0.00010000,2025-10-26 00:00:00.001
1761465600001,8,0.00004657,2025-10-26 08:00:00.001
1761494400000,8,0.00002498,2025-10-26 16:00:00.000
1761523200000,8,0.00009672,2025-10-27 00:00:00.000
1761552000005,8,-0.00006474,2025-10-27 08:00:00.005
1761580800000,8,0.00006498,2025-10-27 16:00:00.000
1761609600000,8,-0.00014360,2025-10-28 00:00:00.000
1761638400000,8,-0.00006008,2025-10-28 08:00:00.000
1761667200004,8,-0.00007477,2025-10-28 16:00:00.004
1761696000004,8,-0.00015923,2025-10-29 00:00:00.004
1761724800005,8,-0.00001607,2025-10-29 08:00:00.005
1761753600000,8,-0.00001011,2025-10-29 16:00:00.000
1761782400004,8,0.00007321,2025-10-30 00:00:00.004
1761811200008,8,-0.00006709,2025-10-30 08:00:00.008
1761840000001,8,-0.00039812,2025-10-30 16:00:00.001
1761868800000,8,-0.00032409,2025-10-31 00:00:00.000
1761897600008,8,-0.00017287,2025-10-31 08:00:00.008
1761926400007,8,-0.00016495,2025-10-31 16:00:00.007
1761955200001,8,-0.00005841,2025-11-01 00:00:00.001
1761984000000,8,-0.00004186,2025-11-01 08:00:00.000
1762012800000,8,0.00008591,2025-11-01 16:00:00.000
1762041600007,8,0.00005762,2025-11-02 00:00:00.007
1762070400000,8,0.00002421,2025-11-02 08:00:00.000
1762099200001,8,-0.00006520,2025-11-02 16:00:00.001
1762128000000,8,-0.00022845,2025-11-03 00:00:00.000
1762156800010,8,-0.00045881,2025-11-03 08:00:00.010
1762185600000,8,-0.00022582,2025-11-03 16:00:00.000
1762214400002,8,-0.00032402,2025-11-04 00:00:00.002
1762243200004,8,0.00003225,2025-11-04 08:00:00.004
1762272000000,8,0.00004729,2025-11-04 16:00:00.000
1762300800000,8,0.00004429,2025-11-05 00:00:00.000
1762329600000,8,0.00003148,2025-11-05 08:00:00.000
1762358400004,8,-0.00007199,2025-11-05 16:00:00.004
1762387200001,8,0.00009319,2025-11-06 00:00:00.001
1762416000000,8,-0.00001947,2025-11-06 08:00:00.000
1762444800001,8,-0.00007415,2025-11-06 16:00:00.001
1762473600005,8,-0.00001097,2025-11-07 00:00:00.005
1762502400003,8,0.00008768,2025-11-07 08:00:00.003
1762531200005,8,0.00002819,2025-11-07 16:00:00.005
1762560000011,8,0.00010000,2025-11-08 00:00:00.011
1762588800015,8,0.00010000,2025-11-08 08:00:00.015
1762617600001,8,0.00000292,2025-11-08 16:00:00.001
1762646400004,8,-0.00002506,2025-11-09 00:00:00.004
1762675200000,8,-0.00007441,2025-11-09 08:00:00.000
1762704000005,8,-0.00009611,2025-11-09 16:00:00.005
1762732800000,8,0.00006986,2025-11-10 00:00:00.000
1762761600000,8,-0.00005556,2025-11-10 08:00:00.000
1762790400003,8,-0.00011515,2025-11-10 16:00:00.003
1762819200007,8,0.00000493,2025-11-11 00:00:00.007
1762848000000,8,-0.00006623,2025-11-11 08:00:00.000
1762876800009,8,-0.00013108,2025-11-11 16:00:00.009
1762905600000,8,-0.00003555,2025-11-12 00:00:00.000
1762934400002,8,-0.00027446,2025-11-12 08:00:00.002
1762963200000,8,-0.00007449,2025-11-12 16:00:00.000
1762992000002,8,-0.00041211,2025-11-13 00:00:00.002
1763020800000,8,0.00004726,2025-11-13 08:00:00.000
1763049600001,8,0.00007101,2025-11-13 16:00:00.001
1763078400000,8,-0.00051425,2025-11-14 00:00:00.000
1763107200000,8,-0.00014474,2025-11-14 08:00:00.000
1763136000001,8,-0.00021089,2025-11-14 16:00:00.001
1763164800005,8,-0.00035835,2025-11-15 00:00:00.005
1763193600000,8,-0.00020236,2025-11-15 08:00:00.000
1763222400001,8,-0.00002679,2025-11-15 16:00:00.001
1763251200001,8,-0.00008437,2025-11-16 00:00:00.001
1763280000000,8,-0.00007318,2025-11-16 08:00:00.000
1763308800000,8,-0.00021347,2025-11-16 16:00:00.000
1763337600003,8,-0.00015899,2025-11-17 00:00:00.003
1763366400003,8,0.00002233,2025-11-17 08:00:00.003
1763395200000,8,0.00002362,2025-11-17 16:00:00.000
1763424000002,8,-0.00031184,2025-11-18 00:00:00.002
1763452800004,8,0.00010000,2025-11-18 08:00:00.004
1763481600000,8,0.00008149,2025-11-18 16:00:00.000
1763510400000,8,0.00010000,2025-11-19 00:00:00.000
1763539200000,8,-0.00036276,2025-11-19 08:00:00.000
1763568000008,8,0.00004941,2025-11-19 16:00:00.008
1763596800000,8,0.00010000,2025-11-20 00:00:00.000
1763625600000,8,0.00010000,2025-11-20 08:00:00.000
1763654400000,8,0.00010000,2025-11-20 16:00:00.000
1763683200001,8,-0.00012666,2025-11-21 00:00:00.001
1763712000000,8,-0.00025188,2025-11-21 08:00:00.000
1763740800001,8,-0.00006584,2025-11-21 16:00:00.001
1763769600004,8,-0.00026411,2025-11-22 00:00:00.004
1763798400000,8,-0.00019033,2025-11-22 08:00:00.000
1763827200000,8,-0.00030168,2025-11-22 16:00:00.000
1763856000000,8,-0.00007921,2025-11-23 00:00:00.000
1763884800008,8,-0.00004784,2025-11-23 08:00:00.008
1763913600003,8,-0.00030629,2025-11-23 16:00:00.003
1763942400004,8,-0.00013773,2025-11-24 00:00:00.004
1763971200000,8,0.00009762,2025-11-24 08:00:00.000
1764000000006,8,0.00001047,2025-11-24 16:00:00.006
1764028800000,8,0.00009583,2025-11-25 00:00:00.000
1764057600009,8,-0.00023848,2025-11-25 08:00:00.009
1764086400007,8,-0.00026325,2025-11-25 16:00:00.007
1764115200001,8,0.00010000,2025-11-26 00:00:00.001
1764144000001,8,-0.00015033,2025-11-26 08:00:00.001
1764172800000,8,-0.00022828,2025-11-26 16:00:00.000
1764201600013,8,0.00010000,2025-11-27 00:00:00.013
1764230400000,8,-0.00042724,2025-11-27 08:00:00.000
1764259200004,8,-0.00013988,2025-11-27 16:00:00.004
1764288000008,8,-0.00018374,2025-11-28 00:00:00.008
1764316800000,8,-0.00013977,2025-11-28 08:00:00.000
1764345600008,8,-0.00023493,2025-11-28 16:00:00.008
1764374400000,8,-0.00035723,2025-11-29 00:00:00.000
1764403200005,8,-0.00022956,2025-11-29 08:00:00.005
1764432000001,8,0.00006718,2025-11-29 16:00:00.001
1764460800003,8,-0.00023187,2025-11-30 00:00:00.003
1764489600000,8,-0.00017582,2025-11-30 08:00:00.000
1764518400004,8,-0.00022210,2025-11-30 16:00:00.004
1764547200000,8,-0.00022615,2025-12-01 00:00:00.000
1764576000004,8,-0.00029747,2025-12-01 08:00:00.004
1764604800000,8,-0.00007768,2025-12-01 16:00:00.000
1764633600004,8,-0.00031049,2025-12-02 00:00:00.004
1764662400000,8,-0.00015567,2025-12-02 08:00:00.000
1764691200000,8,0.00000849,2025-12-02 16:00:00.000
1764720000000,8,0.00010000,2025-12-03 00:00:00.000
1764748800000,8,0.00010000,2025-12-03 08:00:00.000
1764777600005,8,0.00002826,2025-12-03 16:00:00.005
1764806400012,8,0.00010000,2025-12-04 00:00:00.012
1764835200000,8,-0.00002219,2025-12-04 08:00:00.000
1764864000011,8,0.00005795,2025-12-04 16:00:00.011
1764892800000,8,-0.00003530,2025-12-05 00:00:00.000
1764921600000,8,0.00000152,2025-12-05 08:00:00.000
1764950400010,8,-0.00048547,2025-12-05 16:00:00.010
1764979200001,8,-0.00031245,2025-12-06 00:00:00.001
1765008000001,8,-0.00029315,2025-12-06 08:00:00.001
1765036800008,8,-0.00018505,2025-12-06 16:00:00.008
1765065600000,8,-0.00016270,2025-12-07 00:00:00.000
1765094400004,8,-0.00001474,2025-12-07 08:00:00.004
1765123200000,8,-0.00006954,2025-12-07 16:00:00.000
1765152000000,8,-0.00002728,2025-12-08 00:00:00.000
1765180800000,8,0.00004090,2025-12-08 08:00:00.000
1765209600001,8,0.00004153,2025-12-08 16:00:00.001
1765238400001,8,0.00008315,2025-12-09 00:00:00.001
1765267200001,8,-0.00002959,2025-12-09 08:00:00.001
1765296000007,8,-0.00003152,2025-12-09 16:00:00.007
1765324800007,8,0.00010000,2025-12-10 00:00:00.007
1765353600002,8,0.00010000,2025-12-10 08:00:00.002
1765382400012,8,-0.00003527,2025-12-10 16:00:00.012
1765411200001,8,-0.00003851,2025-12-11 00:00:00.001
1765440000000,8,-0.00043297,2025-12-11 08:00:00.000
1765468800000,8,-0.00026648,2025-12-11 16:00:00.000
1765497600005,8,-0.00006569,2025-12-12 00:00:00.005
1765526400007,8,0.00010000,2025-12-12 08:00:00.007
1765555200002,8,0.00001966,2025-12-12 16:00:00.002
1765584000001,8,-0.00007446,2025-12-13 00:00:00.001
1765612800006,8,0.00010000,2025-12-13 08:00:00.006
1765641600000,8,0.00010000,2025-12-13 16:00:00.000
1765670400000,8,-0.00002531,2025-12-14 00:00:00.000
1765699200003,8,-0.00006531,2025-12-14 08:00:00.003
1765728000005,8,-0.00016370,2025-12-14 16:00:00.005
1765756800000,8,-0.00025413,2025-12-15 00:00:00.000
1765785600000,8,0.00010000,2025-12-15 08:00:00.000
1765814400000,8,-0.00018294,2025-12-15 16:00:00.000
1765843200002,8,-0.00027778,2025-12-16 00:00:00.002
1765872000000,8,-0.00007292,2025-12-16 08:00:00.000
1765900800002,8,-0.00012936,2025-12-16 16:00:00.002
1765929600004,8,0.00007735,2025-12-17 00:00:00.004
1765958400000,8,0.00005814,2025-12-17 08:00:00.000
1765987200000,8,0.00007046,2025-12-17 16:00:00.000
1766016000005,8,-0.00016516,2025-12-18 00:00:00.005
1766044800007,8,-0.00018937,2025-12-18 08:00:00.007
1766073600001,8,-0.00004017,2025-12-18 16:00:00.001
1766102400000,8,0.00000252,2025-12-19 00:00:00.000
1766131200001,8,0.00000892,2025-12-19 08:00:00.001
1766160000000,8,0.00008514,2025-12-19 16:00:00.000
1766188800005,8,0.00004946,2025-12-20 00:00:00.005
1766217600000,8,-0.00004413,2025-12-20 08:00:00.000
1766246400002,8,0.00007084,2025-12-20 16:00:00.002
1766275200000,8,-0.00009783,2025-12-21 00:00:00.000
1766304000009,8,-0.00002829,2025-12-21 08:00:00.009
1766332800000,8,-0.00019875,2025-12-21 16:00:00.000
1766361600000,8,0.00000222,2025-12-22 00:00:00.000
1766390400005,8,-0.00004666,2025-12-22 08:00:00.005
1766419200009,8,0.00007228,2025-12-22 16:00:00.009
1766448000000,8,-0.00040648,2025-12-23 00:00:00.000
1766476800000,8,-0.00017327,2025-12-23 08:00:00.000
1766505600001,8,-0.00030833,2025-12-23 16:00:00.001
1766534400001,8,0.00010000,2025-12-24 00:00:00.001
1766563200001,8,-0.00022531,2025-12-24 08:00:00.001
1766592000000,8,0.00001332,2025-12-24 16:00:00.000
1766620800000,8,0.00006002,2025-12-25 00:00:00.000
1766649600001,8,0.00010000,2025-12-25 08:00:00.001
1766678400005,8,0.00007241,2025-12-25 16:00:00.005
1766707200004,8,0.00010000,2025-12-26 00:00:00.004
1766736000001,8,0.00010000,2025-12-26 08:00:00.001
1766764800007,8,0.00001613,2025-12-26 16:00:00.007
1766793600000,8,0.00007759,2025-12-27 00:00:00.000
1766822400000,8,0.00010000,2025-12-27 08:00:00.000
1766851200011,8,0.00010000,2025-12-27 16:00:00.011
1766880000008,8,0.00010000,2025-12-28 00:00:00.008
1766908800000,8,0.00010000,2025-12-28 08:00:00.000
1766937600000,8,0.00004229,2025-12-28 16:00:00.000
1766966400016,8,-0.00003938,2025-12-29 00:00:00.016
1766995200001,8,0.00010000,2025-12-29 08:00:00.001
1767024000000,8,-0.00007252,2025-12-29 16:00:00.000
1767052800005,8,-0.00019558,2025-12-30 00:00:00.005
1767081600001,8,-0.00001846,2025-12-30 08:00:00.001
1767110400003,8,0.00006737,2025-12-30 16:00:00.003
1767139200004,8,-0.00001228,2025-12-31 00:00:00.004
1767168000001,8,0.00010000,2025-12-31 08:00:00.001
1767196800001,8,-0.00004850,2025-12-31 16:00:00.001
1767225600008,8,-0.00032128,2026-01-01 00:00:00.008
1767254400002,8,-0.00017522,2026-01-01 08:00:00.002
1767283200001,8,0.00010000,2026-01-01 16:00:00.001
1767312000006,8,0.00010000,2026-01-02 00:00:00.006
1767340800007,8,0.00010000,2026-01-02 08:00:00.007
1767369600000,8,0.00010000,2026-01-02 16:00:00.000
1767398400001,8,0.00000628,2026-01-03 00:00:00.001
1767427200000,8,0.00010000,2026-01-03 08:00:00.000
1767456000000,8,0.00010000,2026-01-03 16:00:00.000
1767484800000,8,0.00002393,2026-01-04 00:00:00.000
1767513600000,8,-0.00007504,2026-01-04 08:00:00.000
1767542400001,8,-0.00003204,2026-01-04 16:00:00.001
1767571200000,8,0.00005057,2026-01-05 00:00:00.000
1767600000000,8,-0.00003513,2026-01-05 08:00:00.000
1767628800000,8,0.00002317,2026-01-05 16:00:00.000
1767657600010,8,0.00010000,2026-01-06 00:00:00.010
1767686400000,8,-0.00002719,2026-01-06 08:00:00.000
1767715200000,8,0.00008095,2026-01-06 16:00:00.000
1767744000001,8,0.00010000,2026-01-07 00:00:00.001
1767772800001,8,-0.00022571,2026-01-07 08:00:00.001
1767801600001,8,-0.00023088,2026-01-07 16:00:00.001
1767830400001,8,0.00003646,2026-01-08 00:00:00.001
1767859200000,8,-0.00002932,2026-01-08 08:00:00.000
1767888000000,8,-0.00004638,2026-01-08 16:00:00.000
1767916800003,8,0.00008719,2026-01-09 00:00:00.003
1767945600000,8,0.00005423,2026-01-09 08:00:00.000
1767974400001,8,0.00002423,2026-01-09 16:00:00.001
1768003200000,8,0.00007392,2026-01-10 00:00:00.000
1768032000002,8,0.00004184,2026-01-10 08:00:00.002
1768060800001,8,0.00010000,2026-01-10 16:00:00.001
1768089600003,8,0.00002517,2026-01-11 00:00:00.003
1768118400006,8,0.00006140,2026-01-11 08:00:00.006
1768147200000,8,0.00003998,2026-01-11 16:00:00.000
1768176000005,8,-0.00008889,2026-01-12 00:00:00.005
1768204800000,8,0.00010000,2026-01-12 08:00:00.000
1768233600000,8,-0.00020954,2026-01-12 16:00:00.000
1768262400007,8,0.00002736,2026-01-13 00:00:00.007
1768291200009,8,0.00006528,2026-01-13 08:00:00.009
1768320000002,8,0.00010000,2026-01-13 16:00:00.002
1768348800000,8,0.00010000,2026-01-14 00:00:00.000
1768377600001,8,0.00010000,2026-01-14 08:00:00.001
1768406400004,8,0.00010000,2026-01-14 16:00:00.004
1768435200000,8,0.00010000,2026-01-15 00:00:00.000
1768464000004,8,0.00003052,2026-01-15 08:00:00.004
1768492800002,8,0.00006731,2026-01-15 16:00:00.002
1768521600000,8,-0.00008092,2026-01-16 00:00:00.000
1768550400000,8,-0.00010694,2026-01-16 08:00:00.000
1768579200001,8,-0.00008500,2026-01-16 16:00:00.001
1768608000000,8,-0.00006898,2026-01-17 00:00:00.000
1768636800000,8,-0.00006190,2026-01-17 08:00:00.000
1768665600002,8,0.00006693,2026-01-17 16:00:00.002
1768694400001,8,0.00005900,2026-01-18 00:00:00.001
1768723200000,8,-0.00015182,2026-01-18 08:00:00.000
1768752000000,8,-0.00011080,2026-01-18 16:00:00.000
1768780800007,8,-0.00002658,2026-01-19 00:00:00.007
1768809600007,8,-0.00013154,2026-01-19 08:00:00.007
1768838400007,8,-0.00006765,2026-01-19 16:00:00.007
1768867200005,8,0.00006924,2026-01-20 00:00:00.005
1768896000001,8,0.00004469,2026-01-20 08:00:00.001
1768924800009,8,-0.00006301,2026-01-20 16:00:00.009
1768953600001,8,-0.00010767,2026-01-21 00:00:00.001
1768982400011,8,-0.00004449,2026-01-21 08:00:00.011
1769011200011,8,-0.00013232,2026-01-21 16:00:00.011
1769040000010,8,-0.00016248,2026-01-22 00:00:00.010
1769068800003,8,-0.00013554,2026-01-22 08:00:00.003
1769097600005,8,-0.00013209,2026-01-22 16:00:00.005
1769126400005,8,0.00003615,2026-01-23 00:00:00.005
1769155200000,8,-0.00005667,2026-01-23 08:00:00.000
1769184000011,8,-0.00002167,2026-01-23 16:00:00.011
1769212800011,8,-0.00010217,2026-01-24 00:00:00.011
1769241600002,8,-0.00009832,2026-01-24 08:00:00.002
1769270400001,8,-0.00010302,2026-01-24 16:00:00.001
1769299200002,8,-0.00011989,2026-01-25 00:00:00.002
1769328000011,8,-0.00002698,2026-01-25 08:00:00.011
1769356800005,8,0.00001641,2026-01-25 16:00:00.005
1769385600000,8,-0.00008031,2026-01-26 00:00:00.000
1769414400003,8,-0.00001959,2026-01-26 08:00:00.003
1769443200000,8,-0.00006103,2026-01-26 16:00:00.000
1769472000002,8,-0.00002800,2026-01-27 00:00:00.002
1769500800000,8,-0.00017009,2026-01-27 08:00:00.000
1769529600000,8,-0.00009695,2026-01-27 16:00:00.000
1769558400000,8,0.00008299,2026-01-28 00:00:00.000
1769587200000,8,-0.00010146,2026-01-28 08:00:00.000
1769616000000,8,-0.00004468,2026-01-28 16:00:00.000
1769644800000,8,-0.00003268,2026-01-29 00:00:00.000
1769673600009,8,-0.00010514,2026-01-29 08:00:00.009
1769702400000,8,-0.00040579,2026-01-29 16:00:00.000
1769731200008,8,-0.00025243,2026-01-30 00:00:00.008
1769760000000,8,-0.00010311,2026-01-30 08:00:00.000
1769788800001,8,-0.00008556,2026-01-30 16:00:00.001
1769817600000,8,-0.00004705,2026-01-31 00:00:00.000
1769846400001,8,-0.00018237,2026-01-31 08:00:00.001
1769875200009,8,-0.00009802,2026-01-31 16:00:00.009
1769904000001,8,-0.00027652,2026-02-01 00:00:00.001
1769932800004,8,-0.00002716,2026-02-01 08:00:00.004
1769961600000,8,-0.00000659,2026-02-01 16:00:00.000
1769990400000,8,-0.00019592,2026-02-02 00:00:00.000
1770019200014,8,-0.00008593,2026-02-02 08:00:00.014
1770048000000,8,-0.00007085,2026-02-02 16:00:00.000
1770076800000,8,-0.00007997,2026-02-03 00:00:00.000
1770105600007,8,-0.00020017,2026-02-03 08:00:00.007
1770134400000,8,-0.00013048,2026-02-03 16:00:00.000
1770163200002,8,0.00000707,2026-02-04 00:00:00.002
1770192000007,8,0.00000275,2026-02-04 08:00:00.007
1770220800000,8,-0.00007374,2026-02-04 16:00:00.000
1770249600011,8,0.00002379,2026-02-05 00:00:00.011
1770278400000,8,0.00000864,2026-02-05 08:00:00.000
1770307200007,8,-0.00004897,2026-02-05 16:00:00.007
1770336000000,8,-0.00002224,2026-02-06 00:00:00.000
1770364800001,8,-0.00011395,2026-02-06 08:00:00.001
1770393600000,8,-0.00010395,2026-02-06 16:00:00.000
1770422400003,8,-0.00012259,2026-02-07 00:00:00.003
1770451200000,8,-0.00003046,2026-02-07 08:00:00.000
1770480000010,8,0.00001478,2026-02-07 16:00:00.010
1770508800003,8,0.00000817,2026-02-08 00:00:00.003
1770537600000,8,-0.00002859,2026-02-08 08:00:00.000
1770566400000,8,-0.00010932,2026-02-08 16:00:00.000
1770595200002,8,-0.00001527,2026-02-09 00:00:00.002
1770624000001,8,-0.00005167,2026-02-09 08:00:00.001
1770652800007,8,-0.00003650,2026-02-09 16:00:00.007
1770681600000,8,0.00003100,2026-02-10 00:00:00.000
1770710400007,8,-0.00010413,2026-02-10 08:00:00.007
1770739200000,8,-0.00009657,2026-02-10 16:00:00.000
1770768000000,8,0.00004151,2026-02-11 00:00:00.000
1770796800006,8,-0.00020844,2026-02-11 08:00:00.006
1770825600000,8,-0.00017654,2026-02-11 16:00:00.000
1770854400000,8,-0.00016221,2026-02-12 00:00:00.000
1770883200001,8,-0.00002035,2026-02-12 08:00:00.001
1770912000001,8,-0.00004439,2026-02-12 16:00:00.001
1770940800007,8,0.00006568,2026-02-13 00:00:00.007
1770969600003,8,-0.00007825,2026-02-13 08:00:00.003
1770998400005,8,0.00000244,2026-02-13 16:00:00.005
1771027200002,8,0.00004457,2026-02-14 00:00:00.002
1771056000004,8,0.00001984,2026-02-14 08:00:00.004
1771084800002,8,0.00008281,2026-02-14 16:00:00.002
1771113600000,8,0.00004932,2026-02-15 00:00:00.000
1771142400002,8,0.00007451,2026-02-15 08:00:00.002
1771171200000,8,-0.00005073,2026-02-15 16:00:00.000
1771200000001,8,-0.00012161,2026-02-16 00:00:00.001
1771228800003,8,0.00000878,2026-02-16 08:00:00.003
1771257600000,8,-0.00009667,2026-02-16 16:00:00.000
1771286400008,8,0.00010000,2026-02-17 00:00:00.008
1771315200001,8,-0.00002604,2026-02-17 08:00:00.001
1771344000002,8,0.00002971,2026-02-17 16:00:00.002
1771372800000,8,0.00010000,2026-02-18 00:00:00.000
1771401600000,8,-0.00003168,2026-02-18 08:00:00.000
1771430400011,8,-0.00000165,2026-02-18 16:00:00.011
1771459200013,8,-0.00018518,2026-02-19 00:00:00.013
1771488000000,8,-0.00012315,2026-02-19 08:00:00.000
1771516800003,8,-0.00020288,2026-02-19 16:00:00.003
1771545600000,8,0.00007332,2026-02-20 00:00:00.000
1771574400000,8,0.00010000,2026-02-20 08:00:00.000
1771603200000,8,-0.00001021,2026-02-20 16:00:00.000
1771632000004,8,0.00010000,2026-02-21 00:00:00.004
1771660800000,8,0.00010000,2026-02-21 08:00:00.000
1771689600005,8,0.00010000,2026-02-21 16:00:00.005
1771718400001,8,-0.00004892,2026-02-22 00:00:00.001
1771747200004,8,-0.00019539,2026-02-22 08:00:00.004
1771776000000,8,-0.00008429,2026-02-22 16:00:00.000
1771804800001,8,-0.00025411,2026-02-23 00:00:00.001
1771833600000,8,-0.00024751,2026-02-23 08:00:00.000
1771862400000,8,0.00005861,2026-02-23 16:00:00.000
1771891200007,8,-0.00007179,2026-02-24 00:00:00.007
1771920000000,8,-0.00014540,2026-02-24 08:00:00.000
1771948800001,8,-0.00019095,2026-02-24 16:00:00.001
1771977600001,8,-0.00005472,2026-02-25 00:00:00.001
1772006400007,8,-5.8E-7,2026-02-25 08:00:00.007
1772035200000,8,0.00010000,2026-02-25 16:00:00.000
1772064000000,8,0.00010000,2026-02-26 00:00:00.000
1772092800006,8,0.00009521,2026-02-26 08:00:00.006
1772121600002,8,0.00001331,2026-02-26 16:00:00.002
1772150400007,8,0.00007697,2026-02-27 00:00:00.007
1772179200000,8,0.00010000,2026-02-27 08:00:00.000
1772208000001,8,-0.00011331,2026-02-27 16:00:00.001
1772236800000,8,-0.00011378,2026-02-28 00:00:00.000
1772265600000,8,-0.00003551,2026-02-28 08:00:00.000
1772294400004,8,-0.00007364,2026-02-28 16:00:00.004
1772323200005,8,0.00010000,2026-03-01 00:00:00.005
1772352000000,8,0.00010000,2026-03-01 08:00:00.000
1772380800002,8,0.00007448,2026-03-01 16:00:00.002
1772409600001,8,0.00000366,2026-03-02 00:00:00.001
1772438400007,8,0.00010000,2026-03-02 08:00:00.007
1772467200000,8,0.00003843,2026-03-02 16:00:00.000
1772496000000,8,0.00002090,2026-03-03 00:00:00.000
1772524800000,8,-0.00003858,2026-03-03 08:00:00.000
1772553600007,8,-0.00011151,2026-03-03 16:00:00.007
1772582400001,8,0.00008140,2026-03-04 00:00:00.001
1772611200005,8,0.00008291,2026-03-04 08:00:00.005
1772640000000,8,0.00010000,2026-03-04 16:00:00.000
1772668800000,8,0.00010000,2026-03-05 00:00:00.000
1772697600000,8,0.00001206,2026-03-05 08:00:00.000
1772726400004,8,0.00001535,2026-03-05 16:00:00.004
1772755200001,8,0.00007637,2026-03-06 00:00:00.001
1772784000001,8,-0.00006713,2026-03-06 08:00:00.001
1772812800004,8,-0.00022904,2026-03-06 16:00:00.004
1772841600001,8,-0.00000955,2026-03-07 00:00:00.001
1772870400012,8,-0.00006226,2026-03-07 08:00:00.012
1772899200001,8,-0.00014645,2026-03-07 16:00:00.001
1772928000001,8,-0.00013545,2026-03-08 00:00:00.001
1772956800000,8,-0.00014220,2026-03-08 08:00:00.000
1772985600002,8,0.00002183,2026-03-08 16:00:00.002
1773014400000,8,-0.00016421,2026-03-09 00:00:00.000
1773043200004,8,0.00010000,2026-03-09 08:00:00.004
1773072000003,8,0.00010000,2026-03-09 16:00:00.003
1773100800012,8,0.00010000,2026-03-10 00:00:00.012
1773129600002,8,0.00010000,2026-03-10 08:00:00.002
1773158400001,8,0.00010000,2026-03-10 16:00:00.001
1773187200000,8,0.00010000,2026-03-11 00:00:00.000
1773216000007,8,0.00004794,2026-03-11 08:00:00.007
1773244800010,8,0.00005721,2026-03-11 16:00:00.010
1773273600000,8,0.00003407,2026-03-12 00:00:00.000
1773302400000,8,-0.00001745,2026-03-12 08:00:00.000
1773331200000,8,-0.00004792,2026-03-12 16:00:00.000
1773360000006,8,0.00010000,2026-03-13 00:00:00.006
1773388800001,8,0.00010000,2026-03-13 08:00:00.001
1773417600000,8,0.00005978,2026-03-13 16:00:00.000
1773446400001,8,-0.00003892,2026-03-14 00:00:00.001
1773475200000,8,0.00006986,2026-03-14 08:00:00.000
1773504000007,8,-0.00017038,2026-03-14 16:00:00.007
1773532800000,8,-0.00012817,2026-03-15 00:00:00.000
1773561600000,8,0.00006670,2026-03-15 08:00:00.000
1773590400000,8,0.00010000,2026-03-15 16:00:00.000
1773619200000,8,0.00006667,2026-03-16 00:00:00.000
1773648000010,8,0.00010000,2026-03-16 08:00:00.010
1773676800000,8,0.00006928,2026-03-16 16:00:00.000
1773705600000,8,0.00006745,2026-03-17 00:00:00.000
1773734400002,8,-0.00009192,2026-03-17 08:00:00.002
1773763200011,8,-0.00007364,2026-03-17 16:00:00.011
1773792000002,8,0.00010000,2026-03-18 00:00:00.002
1773820800002,8,0.00000214,2026-03-18 08:00:00.002
1773849600005,8,-0.00018495,2026-03-18 16:00:00.005
1773878400000,8,-0.00005210,2026-03-19 00:00:00.000
1773907200003,8,0.00004224,2026-03-19 08:00:00.003
1773936000003,8,0.00003639,2026-03-19 16:00:00.003
1773964800002,8,-0.00006435,2026-03-20 00:00:00.002
1773993600000,8,0.00005319,2026-03-20 08:00:00.000
1774022400000,8,0.00007169,2026-03-20 16:00:00.000
1774051200000,8,-0.00001362,2026-03-21 00:00:00.000
1774080000000,8,0.00000980,2026-03-21 08:00:00.000
1774108800014,8,0.00010000,2026-03-21 16:00:00.014
1774137600012,8,0.00005271,2026-03-22 00:00:00.012
1774166400007,8,-0.00006941,2026-03-22 08:00:00.007
1774195200002,8,-0.00024677,2026-03-22 16:00:00.002
1774224000000,8,-0.00001936,2026-03-23 00:00:00.000
1774252800003,8,0.00004707,2026-03-23 08:00:00.003
1774281600002,8,0.00010000,2026-03-23 16:00:00.002
1774310400000,8,0.00002947,2026-03-24 00:00:00.000
1774339200000,8,0.00007594,2026-03-24 08:00:00.000
1774368000003,8,0.00004978,2026-03-24 16:00:00.003
1774396800000,8,0.00010000,2026-03-25 00:00:00.000
1774425600000,8,0.00010000,2026-03-25 08:00:00.000
1774454400013,8,0.00010000,2026-03-25 16:00:00.013
1774483200001,8,0.00010000,2026-03-26 00:00:00.001
1774512000001,8,-0.00002701,2026-03-26 08:00:00.001
1774540800000,8,-0.00003088,2026-03-26 16:00:00.000
1774569600006,8,-0.00019598,2026-03-27 00:00:00.006
1774598400000,8,-0.00006933,2026-03-27 08:00:00.000
1774627200000,8,-0.00009949,2026-03-27 16:00:00.000
1774656000005,8,-0.00006645,2026-03-28 00:00:00.005
1774684800005,8,-0.00012344,2026-03-28 08:00:00.005
1774713600000,8,0.00003463,2026-03-28 16:00:00.000
1774742400003,8,-0.00000891,2026-03-29 00:00:00.003
1774771200001,8,0.00001594,2026-03-29 08:00:00.001
1774800000000,8,-0.00002535,2026-03-29 16:00:00.000
1774828800000,8,-0.00000278,2026-03-30 00:00:00.000
1774857600005,8,0.00008233,2026-03-30 08:00:00.005
1774886400000,8,0.00010000,2026-03-30 16:00:00.000
1774915200000,8,0.00000830,2026-03-31 00:00:00.000
1774944000000,8,0.00005857,2026-03-31 08:00:00.000
1774972800000,8,0.00005153,2026-03-31 16:00:00.000
1775001600000,8,0.00004414,2026-04-01 00:00:00.000
1775030400000,8,0.00010000,2026-04-01 08:00:00.000
1775059200000,8,0.00005184,2026-04-01 16:00:00.000
1775088000003,8,-0.00003318,2026-04-02 00:00:00.003
1775116800001,8,-0.00021589,2026-04-02 08:00:00.001
1775145600001,8,-0.00007622,2026-04-02 16:00:00.001
1775174400000,8,-0.00006291,2026-04-03 00:00:00.000
1775203200008,8,0.00010000,2026-04-03 08:00:00.008
1775232000008,8,0.00010000,2026-04-03 16:00:00.008
1775260800000,8,0.00010000,2026-04-04 00:00:00.000
1775289600003,8,-0.00003734,2026-04-04 08:00:00.003
1775318400000,8,-0.00002070,2026-04-04 16:00:00.000
1775347200008,8,0.00010000,2026-04-05 00:00:00.008
1775376000000,8,0.00010000,2026-04-05 08:00:00.000
1775404800001,8,-0.00007541,2026-04-05 16:00:00.001
1775433600004,8,0.00007568,2026-04-06 00:00:00.004
1775462400001,8,0.00010000,2026-04-06 08:00:00.001
1775491200003,8,0.00010000,2026-04-06 16:00:00.003
1775520000000,8,0.00002909,2026-04-07 00:00:00.000
1775548800000,8,-0.00039068,2026-04-07 08:00:00.000
1775577600000,8,-0.00033297,2026-04-07 16:00:00.000
1775606400000,8,0.00010000,2026-04-08 00:00:00.000
1775635200000,8,0.00010000,2026-04-08 08:00:00.000
1775664000006,8,0.00010000,2026-04-08 16:00:00.006
1775692800000,8,0.00010000,2026-04-09 00:00:00.000
1775721600010,8,0.00010000,2026-04-09 08:00:00.010
1775750400001,8,0.00010000,2026-04-09 16:00:00.001
1775779200000,8,0.00010000,2026-04-10 00:00:00.000
1775808000005,8,0.00004899,2026-04-10 08:00:00.005
1775836800000,8,0.00006798,2026-04-10 16:00:00.000
1775865600000,8,0.00009138,2026-04-11 00:00:00.000
1775894400000,8,-0.00012922,2026-04-11 08:00:00.000
1775923200003,8,-0.00006367,2026-04-11 16:00:00.003
1775952000000,8,0.00010000,2026-04-12 00:00:00.000
1775980800000,8,-0.00010747,2026-04-12 08:00:00.000
1776009600000,8,-0.00002044,2026-04-12 16:00:00.000
1776038400011,8,0.00002741,2026-04-13 00:00:00.011
1776067200006,8,0.00003448,2026-04-13 08:00:00.006
1776096000000,8,0.00009669,2026-04-13 16:00:00.000
1776124800005,8,0.00010000,2026-04-14 00:00:00.005
1776153600003,8,0.00010000,2026-04-14 08:00:00.003
1776182400001,8,-0.00002119,2026-04-14 16:00:00.001
1776211200000,8,-0.00007680,2026-04-15 00:00:00.000
1776240000000,8,0.00008944,2026-04-15 08:00:00.000
1776268800000,8,0.00010000,2026-04-15 16:00:00.000
1776297600013,8,0.00010000,2026-04-16 00:00:00.013
1776326400000,8,0.00009049,2026-04-16 08:00:00.000
1776355200000,8,0.00004125,2026-04-16 16:00:00.000
1776384000001,8,0.00010000,2026-04-17 00:00:00.001
1776412800011,8,0.00001607,2026-04-17 08:00:00.011
1776441600001,8,0.00010000,2026-04-17 16:00:00.001
1776470400001,8,0.00002286,2026-04-18 00:00:00.001
1776499200006,8,0.00000169,2026-04-18 08:00:00.006
1776528000000,8,-0.00014487,2026-04-18 16:00:00.000
1776556800002,8,-0.00001700,2026-04-19 00:00:00.002
1776585600010,8,-0.00005152,2026-04-19 08:00:00.010
1776614400001,8,-0.00006607,2026-04-19 16:00:00.001
1776643200000,8,-0.00012451,2026-04-20 00:00:00.000
1776672000000,8,0.00006762,2026-04-20 08:00:00.000
1776700800001,8,0.00003814,2026-04-20 16:00:00.001
1776729600000,8,0.00010000,2026-04-21 00:00:00.000
1776758400004,8,0.00005977,2026-04-21 08:00:00.004
1776787200004,8,0.00010000,2026-04-21 16:00:00.004
1776816000004,8,0.00007630,2026-04-22 00:00:00.004
1776844800000,8,0.00010000,2026-04-22 08:00:00.000
1776873600000,8,0.00006902,2026-04-22 16:00:00.000
1776902400000,8,0.00001153,2026-04-23 00:00:00.000
1776931200000,8,-0.00010462,2026-04-23 08:00:00.000
1776960000004,8,0.00002475,2026-04-23 16:00:00.004
1776988800006,8,0.00001636,2026-04-24 00:00:00.006
1777017600000,8,0.00007408,2026-04-24 08:00:00.000
1777046400000,8,0.00010000,2026-04-24 16:00:00.000
1777075200000,8,0.00010000,2026-04-25 00:00:00.000
1777104000002,8,0.00009159,2026-04-25 08:00:00.002
1777132800002,8,0.00007239,2026-04-25 16:00:00.002
1777161600003,8,-0.00011823,2026-04-26 00:00:00.003
1777190400007,8,0.00007142,2026-04-26 08:00:00.007
1777219200004,8,0.00010000,2026-04-26 16:00:00.004
1777248000004,8,0.00004208,2026-04-27 00:00:00.004
1777276800000,8,-0.00018166,2026-04-27 08:00:00.000
1777305600002,8,-0.00018323,2026-04-27 16:00:00.002
1777334400001,8,-0.00001531,2026-04-28 00:00:00.001
1777363200000,8,0.00003606,2026-04-28 08:00:00.000
1777392000004,8,0.00003877,2026-04-28 16:00:00.004
1777420800006,8,0.00000318,2026-04-29 00:00:00.006
1777449600011,8,0.00010000,2026-04-29 08:00:00.011
1777478400003,8,-0.00003289,2026-04-29 16:00:00.003
1777507200002,8,-0.00008624,2026-04-30 00:00:00.002
1777536000000,8,-0.00000442,2026-04-30 08:00:00.000
1777564800000,8,-0.00001738,2026-04-30 16:00:00.000
1777593600000,8,0.00005137,2026-05-01 00:00:00.000
1777622400005,8,-0.00006777,2026-05-01 08:00:00.005
1777651200000,8,0.00010000,2026-05-01 16:00:00.000
1777680000006,8,-0.00008260,2026-05-02 00:00:00.006
1777708800000,8,-0.00008057,2026-05-02 08:00:00.000
1777737600010,8,8.7E-7,2026-05-02 16:00:00.010
1777766400005,8,0.00010000,2026-05-03 00:00:00.005
1777795200003,8,-0.00020803,2026-05-03 08:00:00.003
1777824000000,8,0.00001803,2026-05-03 16:00:00.000
1777852800000,8,0.00006460,2026-05-04 00:00:00.000
1777881600000,8,0.00010000,2026-05-04 08:00:00.000
1777910400003,8,0.00002346,2026-05-04 16:00:00.003
1777939200000,8,-0.00001253,2026-05-05 00:00:00.000
1777968000011,8,0.00010000,2026-05-05 08:00:00.011
1777996800000,8,0.00010000,2026-05-05 16:00:00.000
1778025600010,8,0.00010000,2026-05-06 00:00:00.010
1778054400000,8,0.00010000,2026-05-06 08:00:00.000
1778083200002,8,0.00006940,2026-05-06 16:00:00.002
1778112000000,8,0.00010000,2026-05-07 00:00:00.000
1778140800000,8,0.00009263,2026-05-07 08:00:00.000
1778169600004,8,-0.00003445,2026-05-07 16:00:00.004
1778198400003,8,0.00005496,2026-05-08 00:00:00.003
1778227200002,8,0.00010000,2026-05-08 08:00:00.002
1778256000003,8,0.00010000,2026-05-08 16:00:00.003
1778284800000,8,0.00010000,2026-05-09 00:00:00.000
1778313600001,8,0.00005611,2026-05-09 08:00:00.001
1778342400002,8,0.00002991,2026-05-09 16:00:00.002
1778371200003,8,-0.00004902,2026-05-10 00:00:00.003
1778400000000,8,0.00004454,2026-05-10 08:00:00.000
1778428800000,8,0.00004816,2026-05-10 16:00:00.000
1778457600000,8,0.00010000,2026-05-11 00:00:00.000
1778486400000,8,-0.00005202,2026-05-11 08:00:00.000
1778515200000,8,0.00003243,2026-05-11 16:00:00.000
1778544000002,8,-0.00002100,2026-05-12 00:00:00.002
1778572800008,8,0.00010000,2026-05-12 08:00:00.008
1778601600000,8,-0.00002342,2026-05-12 16:00:00.000
1778630400010,8,-0.00005505,2026-05-13 00:00:00.010
1778659200003,8,0.00009612,2026-05-13 08:00:00.003
1778688000001,8,-0.00013419,2026-05-13 16:00:00.001
1778716800005,8,-0.00002688,2026-05-14 00:00:00.005
1778745600000,8,-0.00003792,2026-05-14 08:00:00.000
1778774400000,8,0.00010000,2026-05-14 16:00:00.000
1778803200000,8,0.00010000,2026-05-15 00:00:00.000
1778832000016,8,0.00001527,2026-05-15 08:00:00.016
1778860800012,8,-0.00016242,2026-05-15 16:00:00.012
1778889600005,8,-0.00004301,2026-05-16 00:00:00.005
1778918400000,8,-0.00007633,2026-05-16 08:00:00.000
1778947200005,8,0.00002605,2026-05-16 16:00:00.005
1778976000000,8,0.00010000,2026-05-17 00:00:00.000
1779004800010,8,0.00010000,2026-05-17 08:00:00.010
1779033600009,8,-0.00008989,2026-05-17 16:00:00.009
1779062400007,8,-0.00005667,2026-05-18 00:00:00.007
1779091200002,8,0.00005501,2026-05-18 08:00:00.002
1779120000007,8,-0.00001157,2026-05-18 16:00:00.007
1779148800001,8,0.00009745,2026-05-19 00:00:00.001
1779177600001,8,0.00010000,2026-05-19 08:00:00.001
1779206400009,8,0.00002424,2026-05-19 16:00:00.009
1779235200001,8,0.00001035,2026-05-20 00:00:00.001
1779264000006,8,0.00005233,2026-05-20 08:00:00.006
1779292800000,8,0.00006425,2026-05-20 16:00:00.000
1779321600001,8,-6.1E-7,2026-05-21 00:00:00.001
1779350400000,8,0.00004028,2026-05-21 08:00:00.000
1779379200000,8,0.00003077,2026-05-21 16:00:00.000
1779408000000,8,0.00010000,2026-05-22 00:00:00.000
1779436800004,8,0.00007238,2026-05-22 08:00:00.004
1779465600001,8,0.00004737,2026-05-22 16:00:00.001
1779494400009,8,-0.00002318,2026-05-23 00:00:00.009
1779523200001,8,-0.00005244,2026-05-23 08:00:00.001
1779552000003,8,0.00002381,2026-05-23 16:00:00.003
1779580800011,8,0.00010000,2026-05-24 00:00:00.011
1779609600008,8,0.00006205,2026-05-24 08:00:00.008
1779638400000,8,0.00006201,2026-05-24 16:00:00.000
1779667200001,8,0.00002502,2026-05-25 00:00:00.001
1779696000001,8,0.00004003,2026-05-25 08:00:00.001
1779724800001,8,0.00008390,2026-05-25 16:00:00.001
1779753600000,8,0.00006044,2026-05-26 00:00:00.000
1779782400003,8,0.00003224,2026-05-26 08:00:00.003
1779811200000,8,0.00006058,2026-05-26 16:00:00.000
1779840000000,8,-0.00001654,2026-05-27 00:00:00.000
1779868800004,8,-0.00000503,2026-05-27 08:00:00.004
1779897600009,8,0.00005681,2026-05-27 16:00:00.009
1779926400001,8,-0.00000184,2026-05-28 00:00:00.001
1779955200000,8,-0.00014850,2026-05-28 08:00:00.000
1779984000001,8,-0.00002493,2026-05-28 16:00:00.001
1780012800000,8,0.00006043,2026-05-29 00:00:00.000
1780041600001,8,0.00004680,2026-05-29 08:00:00.001
1780070400008,8,-0.00001396,2026-05-29 16:00:00.008
1780099200000,8,0.00009824,2026-05-30 00:00:00.000
1780128000001,8,0.00008360,2026-05-30 08:00:00.001
1780156800000,8,0.00002960,2026-05-30 16:00:00.000
1780185600000,8,0.00007014,2026-05-31 00:00:00.000
1780214400000,8,0.00006444,2026-05-31 08:00:00.000
1780243200004,8,0.00002459,2026-05-31 16:00:00.004
1780272000001,8,0.00004056,2026-06-01 00:00:00.001
1780300800001,8,0.00002493,2026-06-01 08:00:00.001
1780329600000,8,0.00004694,2026-06-01 16:00:00.000
1780358400000,8,0.00009940,2026-06-02 00:00:00.000
1780387200000,8,-0.00001174,2026-06-02 08:00:00.000
1780416000000,8,-0.00003119,2026-06-02 16:00:00.000
1780444800013,8,-0.00006428,2026-06-03 00:00:00.013
1780473600000,8,0.00005429,2026-06-03 08:00:00.000
1780502400001,8,0.00000673,2026-06-03 16:00:00.001
1780531200009,8,-0.00000717,2026-06-04 00:00:00.009
1780560000000,8,0.00002914,2026-06-04 08:00:00.000
1780588800003,8,-0.00008512,2026-06-04 16:00:00.003
1780617600000,8,-0.00011165,2026-06-05 00:00:00.000
1780646400004,8,0.00005674,2026-06-05 08:00:00.004
1780675200009,8,0.00001337,2026-06-05 16:00:00.009
1780704000000,8,-0.00007019,2026-06-06 00:00:00.000
1780732800000,8,-0.00001633,2026-06-06 08:00:00.000
1780761600000,8,-0.00000581,2026-06-06 16:00:00.000
1780790400001,8,-0.00001939,2026-06-07 00:00:00.001
1780819200000,8,-0.00006724,2026-06-07 08:00:00.000
1780848000000,8,-0.00003857,2026-06-07 16:00:00.000
1780876800000,8,0.00004957,2026-06-08 00:00:00.000
1780905600005,8,-0.00005095,2026-06-08 08:00:00.005
1780934400004,8,-0.00005118,2026-06-08 16:00:00.004
1780963200000,8,-0.00000292,2026-06-09 00:00:00.000
1780992000000,8,0.00004599,2026-06-09 08:00:00.000
1781020800001,8,-0.00015089,2026-06-09 16:00:00.001
1781049600001,8,0.00006886,2026-06-10 00:00:00.001
1781078400011,8,-0.00006322,2026-06-10 08:00:00.011
1781107200009,8,-0.00012197,2026-06-10 16:00:00.009
1781136000000,8,-0.00001208,2026-06-11 00:00:00.000
1781164800004,8,0.00003408,2026-06-11 08:00:00.004
1781193600000,8,-0.00003331,2026-06-11 16:00:00.000
1781222400000,8,-0.00002958,2026-06-12 00:00:00.000
1781251200000,8,-0.00002752,2026-06-12 08:00:00.000
1781280000000,8,-0.00006659,2026-06-12 16:00:00.000
1781308800000,8,-0.00002719,2026-06-13 00:00:00.000
1781337600007,8,-0.00002389,2026-06-13 08:00:00.007
1781366400002,8,0.00002430,2026-06-13 16:00:00.002
1781395200005,8,-0.00003580,2026-06-14 00:00:00.005
1781424000009,8,-0.00016329,2026-06-14 08:00:00.009
1781452800000,8,-0.00010091,2026-06-14 16:00:00.000
1781481600013,8,0.00003817,2026-06-15 00:00:00.013
1781510400013,8,0.00000555,2026-06-15 08:00:00.013
1781539200004,8,0.00000377,2026-06-15 16:00:00.004
1781568000000,8,0.00000969,2026-06-16 00:00:00.000
1781596800000,8,-0.00009046,2026-06-16 08:00:00.000
1781625600001,8,-0.00008016,2026-06-16 16:00:00.001
1781654400012,8,0.00008835,2026-06-17 00:00:00.012
1781683200000,8,0.00003452,2026-06-17 08:00:00.000
1781712000000,8,0.00001078,2026-06-17 16:00:00.000
1781740800002,8,-0.00015109,2026-06-18 00:00:00.002
1781769600000,8,-0.00024335,2026-06-18 08:00:00.000
1781798400001,8,-0.00008523,2026-06-18 16:00:00.001
1781827200005,8,-0.00013209,2026-06-19 00:00:00.005
1781856000001,8,-0.00014560,2026-06-19 08:00:00.001
1781884800001,8,-0.00013193,2026-06-19 16:00:00.001
1781913600001,8,-0.00018652,2026-06-20 00:00:00.001
1781942400000,8,-0.00013524,2026-06-20 08:00:00.000
1781971200001,8,0.00005196,2026-06-20 16:00:00.001
1782000000000,8,-0.00004411,2026-06-21 00:00:00.000
1782028800000,8,-0.00008191,2026-06-21 08:00:00.000
1782057600000,8,-0.00006478,2026-06-21 16:00:00.000
1782086400000,8,-0.00001466,2026-06-22 00:00:00.000
1782115200000,8,-0.00001309,2026-06-22 08:00:00.000
1782144000002,8,0.00001107,2026-06-22 16:00:00.002
1782172800003,8,-0.00004830,2026-06-23 00:00:00.003
1782201600005,8,0.00001915,2026-06-23 08:00:00.005
1782230400002,8,0.00001980,2026-06-23 16:00:00.002
1782259200005,8,0.00004004,2026-06-24 00:00:00.005
1782288000005,8,0.00001910,2026-06-24 08:00:00.005
1782316800003,8,-0.00000643,2026-06-24 16:00:00.003
1782345600000,8,0.00001855,2026-06-25 00:00:00.000
1782374400000,8,0.00004556,2026-06-25 08:00:00.000
1782403200000,8,-0.00011030,2026-06-25 16:00:00.000
1782432000010,8,0.00000405,2026-06-26 00:00:00.010
1782460800002,8,0.00001216,2026-06-26 08:00:00.002
1782489600000,8,0.00000268,2026-06-26 16:00:00.000
1782518400000,8,0.00010000,2026-06-27 00:00:00.000
1782547200000,8,0.00010000,2026-06-27 08:00:00.000
1782576000009,8,0.00008606,2026-06-27 16:00:00.009
1782604800000,8,0.00003347,2026-06-28 00:00:00.000
1782633600013,8,-0.00002078,2026-06-28 08:00:00.013
1782662400000,8,0.00002320,2026-06-28 16:00:00.000
1782691200006,8,0.00003300,2026-06-29 00:00:00.006
1782720000013,8,0.00008121,2026-06-29 08:00:00.013
1782748800004,8,0.00006278,2026-06-29 16:00:00.004
1782777600000,8,0.00001998,2026-06-30 00:00:00.000
1782806400000,8,0.00000792,2026-06-30 08:00:00.000
1782835200005,8,-0.00001017,2026-06-30 16:00:00.005
1782864000000,8,0.00006871,2026-07-01 00:00:00.000
1782892800000,8,0.00007856,2026-07-01 08:00:00.000
1782921600000,8,0.00005030,2026-07-01 16:00:00.000
1782950400000,8,0.00003433,2026-07-02 00:00:00.000
1782979200000,8,-0.00000269,2026-07-02 08:00:00.000
1783008000000,8,0.00001542,2026-07-02 16:00:00.000
1783036800000,8,-0.00001628,2026-07-03 00:00:00.000
1783065600007,8,0.00010000,2026-07-03 08:00:00.007
1783094400000,8,0.00003479,2026-07-03 16:00:00.000
1783123200000,8,0.00009203,2026-07-04 00:00:00.000
1783152000000,8,0.00001299,2026-07-04 08:00:00.000
1783180800007,8,0.00003164,2026-07-04 16:00:00.007
1783209600003,8,0.00009809,2026-07-05 00:00:00.003
1783238400001,8,-0.00013162,2026-07-05 08:00:00.001
1783267200000,8,0.00010000,2026-07-05 16:00:00.000
1783296000000,8,0.00010000,2026-07-06 00:00:00.000
1783324800000,8,0.00003928,2026-07-06 08:00:00.000
1783353600000,8,0.00004857,2026-07-06 16:00:00.000
1783382400000,8,0.00010000,2026-07-07 00:00:00.000
1783411200000,8,-0.00007396,2026-07-07 08:00:00.000
1783440000000,8,0.00001896,2026-07-07 16:00:00.000
1783468800000,8,-6E-8,2026-07-08 00:00:00.000
1783497600000,8,-0.00017907,2026-07-08 08:00:00.000
1783526400000,8,-0.00000409,2026-07-08 16:00:00.000
1783555200000,8,0.00003293,2026-07-09 00:00:00.000
1783584000001,8,0.00010000,2026-07-09 08:00:00.001
1783612800001,8,0.00010000,2026-07-09 16:00:00.001
1783641600000,8,0.00010000,2026-07-10 00:00:00.000
1783670400005,8,0.00010000,2026-07-10 08:00:00.005
1783699200005,8,0.00006936,2026-07-10 16:00:00.005
1783728000000,8,0.00006443,2026-07-11 00:00:00.000
1783756800000,8,0.00006553,2026-07-11 08:00:00.000
1783785600000,8,0.00010000,2026-07-11 16:00:00.000
1783814400000,8,0.00005113,2026-07-12 00:00:00.000
1783843200003,8,-0.00022806,2026-07-12 08:00:00.003
1783872000000,8,-0.00017763,2026-07-12 16:00:00.000
1783900800000,8,-0.00006817,2026-07-13 00:00:00.000
1783929600001,8,-0.00005229,2026-07-13 08:00:00.001
1783958400004,8,0.00009907,2026-07-13 16:00:00.004
1783987200000,8,-0.00001621,2026-07-14 00:00:00.000
1784016000002,8,0.00001541,2026-07-14 08:00:00.002
1784044800001,8,0.00009621,2026-07-14 16:00:00.001
1784073600005,8,0.00010000,2026-07-15 00:00:00.005
1784102400002,8,0.00007216,2026-07-15 08:00:00.002
1784131200000,8,0.00008998,2026-07-15 16:00:00.000
1784160000000,8,0.00005068,2026-07-16 00:00:00.000
1784188800003,8,0.00006151,2026-07-16 08:00:00.003
1784217600002,8,0.00001921,2026-07-16 16:00:00.002
1784246400000,8,0.00001337,2026-07-17 00:00:00.000
1784275200010,8,-0.00000726,2026-07-17 08:00:00.010
1784304000004,8,0.00002583,2026-07-17 16:00:00.004
1784332800000,8,0.00008536,2026-07-18 00:00:00.000
1784361600000,8,0.00010000,2026-07-18 08:00:00.000
1784390400001,8,0.00004638,2026-07-18 16:00:00.001
1784419200003,8,0.00007488,2026-07-19 00:00:00.003
1784448000000,8,0.00000477,2026-07-19 08:00:00.000
1784476800001,8,-0.00008493,2026-07-19 16:00:00.001
1784505600000,8,-0.00011531,2026-07-20 00:00:00.000
1784534400001,8,0.00003488,2026-07-20 08:00:00.001
1784563200004,8,0.00005621,2026-07-20 16:00:00.004
1784592000001,8,0.00009543,2026-07-21 00:00:00.001
1784620800000,8,0.00008823,2026-07-21 08:00:00.000
1784649600002,8,1.7E-7,2026-07-21 16:00:00.002
1784678400000,8,-7.7E-7,2026-07-22 00:00:00.000
1784707200000,8,-0.00008670,2026-07-22 08:00:00.000
1784736000001,8,-0.00000608,2026-07-22 16:00:00.001
1784764800000,8,0.00009039,2026-07-23 00:00:00.000
1784793600000,8,-0.00003145,2026-07-23 08:00:00.000
1784822400000,8,-0.00014286,2026-07-23 16:00:00.000
1784851200000,8,-0.00019540,2026-07-24 00:00:00.000
1784880000000,8,-0.00018106,2026-07-24 08:00:00.000
1784908800008,8,-0.00014244,2026-07-24 16:00:00.008
1784937600002,8,-0.00005514,2026-07-25 00:00:00.002
1784966400000,8,0.00001901,2026-07-25 08:00:00.000
1784995200000,8,0.00010000,2026-07-25 16:00:00.000
1785024000000,8,0.00010000,2026-07-26 00:00:00.000
1785052800002,8,0.00010000,2026-07-26 08:00:00.002
1785081600000,8,0.00010000,2026-07-26 16:00:00.000
1785110400010,8,0.00010000,2026-07-27 00:00:00.010
1785139200000,8,0.00007881,2026-07-27 08:00:00.000
1785168000001,8,0.00003785,2026-07-27 16:00:00.001
1785196800000,8,0.00001100,2026-07-28 00:00:00.000
1785225600000,8,-0.00003038,2026-07-28 08:00:00.000
1785254400000,8,0.00001059,2026-07-28 16:00:00.000
1785283200000,8,0.00007415,2026-07-29 00:00:00.000
1785312000002,8,-0.00002301,2026-07-29 08:00:00.002
1785340800000,8,0.00001236,2026-07-29 16:00:00.000
1785369600000,8,3E-8,2026-07-30 00:00:00.000
1785398400000,8,0.00006230,2026-07-30 08:00:00.000
1785427200000,8,0.00003127,2026-07-30 16:00:00.000
1785456000003,8,0.00000831,2026-07-31 00:00:00.003
1785484800000,8,-0.00005106,2026-07-31 08:00:00.000
1785513600000,8,0.00003544,2026-07-31 16:00:00.000
1785542400001,8,0.00007341,2026-08-01 00:00:00.001
1785571200000,8,0.00006872,2026-08-01 08:00:00.000
1785600000000,8,-0.00005611,2026-08-01 16:00:00.000
1785628800000,8,-0.00021252,2026-08-02 00:00:00.000
1785657600000,8,0.00010000,2026-08-02 08:00:00.000
1785686400000,8,0.00010000,2026-08-02 16:00:00.000
1785715200000,8,0.00010000,2026-08-03 00:00:00.000
1785744000000,8,-0.00001888,2026-08-03 08:00:00.000
1785772800000,8,0.00008841,2026-08-03 16:00:00.000
1785801600004,8,0.00010000,2026-08-04 00:00:00.004
1785830400002,8,0.00010000,2026-08-04 08:00:00.002
1785859200000,8,0.00010000,2026-08-04 16:00:00.000
1785888000003,8,0.00010000,2026-08-05 00:00:00.003
1785916800004,8,0.00005582,2026-08-05 08:00:00.004
1785945600000,8,0.00001570,2026-08-05 16:00:00.000
1785974400002,8,0.00010000,2026-08-06 00:00:00.002
1786003200000,8,0.00002731,2026-08-06 08:00:00.000
1786032000000,8,-0.00013145,2026-08-06 16:00:00.000
1786060800000,8,-0.00001172,2026-08-07 00:00:00.000
1786089600000,8,-0.00005802,2026-08-07 08:00:00.000
1786118400000,8,0.00004365,2026-08-07 16:00:00.000
1786147200001,8,0.00000102,2026-08-08 00:00:00.001
1786176000000,8,0.00010000,2026-08-08 08:00:00.000
1786204800002,8,0.00010000,2026-08-08 16:00:00.002
1786233600000,8,0.00007520,2026-08-09 00:00:00.000
1786262400005,8,0.00004535,2026-08-09 08:00:00.005
1786291200000,8,0.00010000,2026-08-09 16:00:00.000
1786320000001,8,0.00010000,2026-08-10 00:00:00.001
1786348800005,8,0.00010000,2026-08-10 08:00:00.005
1786377600000,8,0.00010000,2026-08-10 16:00:00.000
1786406400000,8,0.00005089,2026-08-11 00:00:00.000
1786435200006,8,0.00010000,2026-08-11 08:00:00.006
1786464000000,8,-0.00008100,2026-08-11 16:00:00.000
1786492800001,8,-0.00024723,2026-08-12 00:00:00.001
1786521600000,8,-0.00008414,2026-08-12 08:00:00.000
1786550400000,8,0.00003661,2026-08-12 16:00:00.000
1786579200000,8,0.00007032,2026-08-13 00:00:00.000
1786608000000,8,0.00010000,2026-08-13 08:00:00.000
1786636800000,8,0.00010000,2026-08-13 16:00:00.000
1786665600000,8,0.00002244,2026-08-14 00:00:00.000
1786694400001,8,0.00006646,2026-08-14 08:00:00.001
1786723200001,8,0.00002751,2026-08-14 16:00:00.001
1786752000003,8,0.00004688,2026-08-15 00:00:00.003
1786780800002,8,0.00010000,2026-08-15 08:00:00.002
1786809600000,8,0.00010000,2026-08-15 16:00:00.000
1786838400000,8,-0.00005180,2026-08-16 00:00:00.000
1786867200002,8,-0.00006750,2026-08-16 08:00:00.002
1786896000000,8,0.00000295,2026-08-16 16:00:00.000
1786924800001,8,-0.00000100,2026-08-17 00:00:00.001
1786953600003,8,0.00003174,2026-08-17 08:00:00.003
1786982400005,8,-0.00007983,2026-08-17 16:00:00.005
1787011200006,8,-0.00008161,2026-08-18 00:00:00.006
1787040000001,8,0.00000795,2026-08-18 08:00:00.001
1787068800003,8,0.00004996,2026-08-18 16:00:00.003
1787097600000,8,0.00002100,2026-08-19 00:00:00.000
1787126400000,8,0.00006876,2026-08-19 08:00:00.000
1787155200004,8,0.00004046,2026-08-19 16:00:00.004
1787184000001,8,0.00010000,2026-08-20 00:00:00.001
1787212800000,8,0.00010000,2026-08-20 08:00:00.000
1787241600005,8,0.00010000,2026-08-20 16:00:00.005
1787270400004,8,0.00010000,2026-08-21 00:00:00.004
1787299200000,8,0.00010000,2026-08-21 08:00:00.000
1787328000001,8,0.00010000,2026-08-21 16:00:00.001
1787356800000,8,0.00010000,2026-08-22 00:00:00.000
1787385600000,8,0.00010000,2026-08-22 08:00:00.000
1787414400000,8,0.00010000,2026-08-22 16:00:00.000
1787443200000,8,0.00010000,2026-08-23 00:00:00.000
1787472000000,8,0.00010000,2026-08-23 08:00:00.000
1787500800006,8,0.00010000,2026-08-23 16:00:00.006
1787529600001,8,0.00010000,2026-08-24 00:00:00.001
1787558400002,8,0.00010000,2026-08-24 08:00:00.002
1787587200000,8,0.00010000,2026-08-24 16:00:00.000
1787616000001,8,0.00010000,2026-08-25 00:00:00.001
1787644800000,8,0.00010000,2026-08-25 08:00:00.000
1787673600005,8,0.00003543,2026-08-25 16:00:00.005
1787702400000,8,0.00000367,2026-08-26 00:00:00.000
1787731200005,8,0.00001231,2026-08-26 08:00:00.005
1787760000000,8,0.00006169,2026-08-26 16:00:00.000
1787788800000,8,0.00009811,2026-08-27 00:00:00.000
1787817600000,8,0.00005984,2026-08-27 08:00:00.000
1787846400013,8,0.00004943,2026-08-27 16:00:00.013
1787875200026,8,0.00005925,2026-08-28 00:00:00.026
1787904000000,8,0.00002294,2026-08-28 08:00:00.000
1787932800001,8,0.00000120,2026-08-28 16:00:00.001
1787961600000,8,-0.00000750,2026-08-29 00:00:00.000
1787990400000,8,0.00003090,2026-08-29 08:00:00.000
1788019200002,8,0.00005955,2026-08-29 16:00:00.002
1788048000000,8,0.00008474,2026-08-30 00:00:00.000
1788076800000,8,0.00002733,2026-08-30 08:00:00.000
1788105600001,8,0.00008639,2026-08-30 16:00:00.001
1788134400002,8,-0.00002149,2026-08-31 00:00:00.002
1788163200002,8,-0.00001305,2026-08-31 08:00:00.002
1788192000001,8,-0.00000131,2026-08-31 16:00:00.001
