calc_time,funding_rate,symbol,datetime
1672531200000,8,-0.00092452,2023-01-01 00:00:00.000
1672560000008,8,-0.00039729,2023-01-01 08:00:00.008
1672588800000,8,-0.00097445,2023-01-01 16:00:00.000
1672617600000,8,-0.00105604,2023-01-02 00:00:00.000
1672646400008,8,-0.00073395,2023-01-02 08:00:00.008
1672675200015,8,-0.00036678,2023-01-02 16:00:00.015
1672704000003,8,-0.00137389,2023-01-03 00:00:00.003
1672732800018,8,-0.00322060,2023-01-03 08:00:00.018
1672761600000,8,-0.00820119,2023-01-03 16:00:00.000
1672790400000,8,-0.00349905,2023-01-04 00:00:00.000
1672819200016,8,-0.00927078,2023-01-04 08:00:00.016
1672848000011,8,-0.00145742,2023-01-04 16:00:00.011
1672876800009,8,-0.00197574,2023-01-05 00:00:00.009
1672905600011,8,-0.00017797,2023-01-05 08:00:00.011
1672934400000,8,-0.00035808,2023-01-05 16:00:00.000
1672963200005,8,-0.00286750,2023-01-06 00:00:00.005
1672992000001,8,-0.00005103,2023-01-06 08:00:00.001
1673020800000,8,-0.00097063,2023-01-06 16:00:00.000
1673049600006,8,-0.00063098,2023-01-07 00:00:00.006
1673078400017,8,-0.00008222,2023-01-07 08:00:00.017
1673107200000,8,-0.00049317,2023-01-07 16:00:00.000
1673136000015,8,-0.00032422,2023-01-08 00:00:00.015
1673164800000,8,-0.00041686,2023-01-08 08:00:00.000
1673193600010,8,-0.00023070,2023-01-08 16:00:00.010
1673222400003,8,-0.00022750,2023-01-09 00:00:00.003
1673251200000,8,0.00010000,2023-01-09 08:00:00.000
1673280000006,8,0.00010000,2023-01-09 16:00:00.006
1673308800003,8,0.00010000,2023-01-10 00:00:00.003
1673337600021,8,0.00010000,2023-01-10 08:00:00.021
1673366400000,8,-0.00015347,2023-01-10 16:00:00.000
1673395200011,8,-0.00024850,2023-01-11 00:00:00.011
1673424000006,8,-0.00001768,2023-01-11 08:00:00.006
1673452800004,8,0.00010000,2023-01-11 16:00:00.004
1673481600000,8,0.00010000,2023-01-12 00:00:00.000
1673510400000,8,0.00010000,2023-01-12 08:00:00.000
1673539200000,8,-0.00044772,2023-01-12 16:00:00.000
1673568000004,8,-0.00005616,2023-01-13 00:00:00.004
1673596800000,8,0.00002603,2023-01-13 08:00:00.000
1673625600018,8,-0.00058902,2023-01-13 16:00:00.018
1673654400000,8,0.00010000,2023-01-14 00:00:00.000
1673683200001,8,0.00027702,2023-01-14 08:00:00.001
1673712000000,8,0.00010000,2023-01-14 16:00:00.000
1673740800010,8,0.00023978,2023-01-15 00:00:00.010
1673769600002,8,0.00036502,2023-01-15 08:00:00.002
1673798400000,8,0.00012309,2023-01-15 16:00:00.000
1673827200010,8,0.00019979,2023-01-16 00:00:00.010
1673856000007,8,0.00041624,2023-01-16 08:00:00.007
1673884800000,8,0.00010000,2023-01-16 16:00:00.000
1673913600004,8,0.00012293,2023-01-17 00:00:00.004
1673942400005,8,0.00010000,2023-01-17 08:00:00.005
1673971200001,8,0.00010000,2023-01-17 16:00:00.001
1674000000008,8,0.00010000,2023-01-18 00:00:00.008
1674028800009,8,0.00010000,2023-01-18 08:00:00.009
1674057600017,8,0.00010000,2023-01-18 16:00:00.017
1674086400000,8,0.00010000,2023-01-19 00:00:00.000
1674115200015,8,0.00010000,2023-01-19 08:00:00.015
1674144000012,8,0.00010000,2023-01-19 16:00:00.012
1674172800000,8,0.00010000,2023-01-20 00:00:00.000
1674201600000,8,0.00010000,2023-01-20 08:00:00.000
1674230400000,8,0.00010000,2023-01-20 16:00:00.000
1674259200013,8,0.00010000,2023-01-21 00:00:00.013
1674288000001,8,0.00030268,2023-01-21 08:00:00.001
1674316800016,8,0.00010000,2023-01-21 16:00:00.016
1674345600000,8,0.00010000,2023-01-22 00:00:00.000
1674374400000,8,0.00010000,2023-01-22 08:00:00.000
1674403200023,8,0.00010000,2023-01-22 16:00:00.023
1674432000014,8,0.00010000,2023-01-23 00:00:00.014
1674460800014,8,0.00010000,2023-01-23 08:00:00.014
1674489600016,8,0.00010000,2023-01-23 16:00:00.016
1674518400008,8,0.00010000,2023-01-24 00:00:00.008
1674547200008,8,0.00013079,2023-01-24 08:00:00.008
1674576000000,8,0.00010000,2023-01-24 16:00:00.000
1674604800012,8,0.00010000,2023-01-25 00:00:00.012
1674633600000,8,0.00001239,2023-01-25 08:00:00.000
1674662400010,8,0.00010000,2023-01-25 16:00:00.010
1674691200010,8,0.00010000,2023-01-26 00:00:00.010
1674720000003,8,0.00010000,2023-01-26 08:00:00.003
1674748800020,8,0.00010000,2023-01-26 16:00:00.020
1674777600008,8,0.00010000,2023-01-27 00:00:00.008
1674806400000,8,0.00010000,2023-01-27 08:00:00.000
1674835200000,8,0.00010000,2023-01-27 16:00:00.000
1674864000009,8,0.00010000,2023-01-28 00:00:00.009
1674892800018,8,0.00013046,2023-01-28 08:00:00.018
1674921600005,8,0.00010000,2023-01-28 16:00:00.005
1674950400011,8,0.00010000,2023-01-29 00:00:00.011
1674979200000,8,0.00010000,2023-01-29 08:00:00.000
1675008000008,8,0.00010000,2023-01-29 16:00:00.008
1675036800001,8,0.00050275,2023-01-30 00:00:00.001
1675065600000,8,0.00010000,2023-01-30 08:00:00.000
1675094400000,8,0.00010000,2023-01-30 16:00:00.000
1675123200005,8,0.00010000,2023-01-31 00:00:00.005
1675152000000,8,0.00010000,2023-01-31 08:00:00.000
1675180800007,8,0.00010000,2023-01-31 16:00:00.007
1675209600013,8,0.00010000,2023-02-01 00:00:00.013
1675238400000,8,0.00010000,2023-02-01 08:00:00.000
1675267200012,8,0.00010000,2023-02-01 16:00:00.012
1675296000004,8,0.00010000,2023-02-02 00:00:00.004
1675324800023,8,0.00026236,2023-02-02 08:00:00.023
1675353600003,8,0.00010000,2023-02-02 16:00:00.003
1675382400010,8,0.00010000,2023-02-03 00:00:00.010
1675411200000,8,0.00006262,2023-02-03 08:00:00.000
1675440000000,8,0.00007317,2023-02-03 16:00:00.000
1675468800010,8,0.00010000,2023-02-04 00:00:00.010
1675497600000,8,0.00010000,2023-02-04 08:00:00.000
1675526400000,8,0.00010000,2023-02-04 16:00:00.000
1675555200016,8,0.00010000,2023-02-05 00:00:00.016
1675584000009,8,-0.00008182,2023-02-05 08:00:00.009
1675612800018,8,-0.00019779,2023-02-05 16:00:00.018
1675641600001,8,-0.00004068,2023-02-06 00:00:00.001
1675670400000,8,0.00010000,2023-02-06 08:00:00.000
1675699200012,8,0.00010000,2023-02-06 16:00:00.012
1675728000004,8,-0.00011165,2023-02-07 00:00:00.004
1675756800011,8,0.00002940,2023-02-07 08:00:00.011
1675785600018,8,0.00010000,2023-02-07 16:00:00.018
1675814400009,8,-0.00001031,2023-02-08 00:00:00.009
1675843200010,8,0.00010000,2023-02-08 08:00:00.010
1675872000000,8,0.00010000,2023-02-08 16:00:00.000
1675900800014,8,0.00010000,2023-02-09 00:00:00.014
1675929600006,8,-0.00018909,2023-02-09 08:00:00.006
1675958400001,8,0.00010000,2023-02-09 16:00:00.001
1675987200012,8,0.00010000,2023-02-10 00:00:00.012
1676016000005,8,-0.00018410,2023-02-10 08:00:00.005
1676044800020,8,-0.00011823,2023-02-10 16:00:00.020
1676073600007,8,-0.00020422,2023-02-11 00:00:00.007
1676102400002,8,-0.00007827,2023-02-11 08:00:00.002
1676131200021,8,-0.00029396,2023-02-11 16:00:00.021
1676160000004,8,-0.00043025,2023-02-12 00:00:00.004
1676188800000,8,-0.00045565,2023-02-12 08:00:00.000
1676217600002,8,-0.00025702,2023-02-12 16:00:00.002
1676246400006,8,-0.00021151,2023-02-13 00:00:00.006
1676275200008,8,-0.00021904,2023-02-13 08:00:00.008
1676304000002,8,0.00010000,2023-02-13 16:00:00.002
1676332800013,8,-0.00020755,2023-02-14 00:00:00.013
1676361600014,8,-0.00022864,2023-02-14 08:00:00.014
1676390400016,8,0.00001781,2023-02-14 16:00:00.016
1676419200011,8,0.00009858,2023-02-15 00:00:00.011
1676448000000,8,0.00008397,2023-02-15 08:00:00.000
1676476800005,8,-0.00007224,2023-02-15 16:00:00.005
1676505600019,8,0.00010000,2023-02-16 00:00:00.019
1676534400000,8,0.00010000,2023-02-16 08:00:00.000
1676563200001,8,0.00010000,2023-02-16 16:00:00.001
1676592000003,8,0.00010000,2023-02-17 00:00:00.003
1676620800016,8,0.00010000,2023-02-17 08:00:00.016
1676649600000,8,0.00010000,2023-02-17 16:00:00.000
1676678400011,8,0.00010000,2023-02-18 00:00:00.011
1676707200000,8,0.00010000,2023-02-18 08:00:00.000
1676736000007,8,0.00010000,2023-02-18 16:00:00.007
1676764800019,8,0.00010000,2023-02-19 00:00:00.019
1676793600005,8,0.00010000,2023-02-19 08:00:00.005
1676822400003,8,0.00014645,2023-02-19 16:00:00.003
1676851200006,8,0.00017117,2023-02-20 00:00:00.006
1676880000008,8,0.00019193,2023-02-20 08:00:00.008
1676908800006,8,0.00012760,2023-02-20 16:00:00.006
1676937600001,8,0.00010000,2023-02-21 00:00:00.001
1676966400004,8,0.00016004,2023-02-21 08:00:00.004
1676995200011,8,0.00010000,2023-02-21 16:00:00.011
1677024000009,8,0.00010000,2023-02-22 00:00:00.009
1677052800010,8,0.00010000,2023-02-22 08:00:00.010
1677081600000,8,0.00010000,2023-02-22 16:00:00.000
1677110400006,8,0.00010000,2023-02-23 00:00:00.006
1677139200005,8,0.00010000,2023-02-23 08:00:00.005
1677168000002,8,0.00010000,2023-02-23 16:00:00.002
1677196800015,8,0.00010000,2023-02-24 00:00:00.015
1677225600011,8,0.00010000,2023-02-24 08:00:00.011
1677254400014,8,0.00010000,2023-02-24 16:00:00.014
1677283200015,8,-0.00003219,2023-02-25 00:00:00.015
1677312000015,8,0.00010000,2023-02-25 08:00:00.015
1677340800015,8,0.00010000,2023-02-25 16:00:00.015
1677369600007,8,-0.00004144,2023-02-26 00:00:00.007
1677398400012,8,-0.00007838,2023-02-26 08:00:00.012
1677427200000,8,-0.00001898,2023-02-26 16:00:00.000
1677456000011,8,0.00005327,2023-02-27 00:00:00.011
1677484800003,8,0.00010000,2023-02-27 08:00:00.003
1677513600000,8,0.00008837,2023-02-27 16:00:00.000
1677542400011,8,0.00005760,2023-02-28 00:00:00.011
1677571200018,8,0.00010000,2023-02-28 08:00:00.018
1677600000005,8,0.00008349,2023-02-28 16:00:00.005
1677628800016,8,0.00005877,2023-03-01 00:00:00.016
1677657600000,8,0.00010000,2023-03-01 08:00:00.000
1677686400008,8,0.00010000,2023-03-01 16:00:00.008
1677715200009,8,0.00010000,2023-03-02 00:00:00.009
1677744000013,8,0.00010000,2023-03-02 08:00:00.013
1677772800000,8,-0.00008101,2023-03-02 16:00:00.000
1677801600000,8,0.00002047,2023-03-03 00:00:00.000
1677830400013,8,0.00002627,2023-03-03 08:00:00.013
1677859200000,8,0.00009745,2023-03-03 16:00:00.000
1677888000001,8,0.00006271,2023-03-04 00:00:00.001
1677916800008,8,0.00004321,2023-03-04 08:00:00.008
1677945600012,8,0.00010000,2023-03-04 16:00:00.012
1677974400000,8,0.00010000,2023-03-05 00:00:00.000
1678003200000,8,0.00010000,2023-03-05 08:00:00.000
1678032000015,8,0.00010000,2023-03-05 16:00:00.015
1678060800007,8,0.00010000,2023-03-06 00:00:00.007
1678089600017,8,0.00003586,2023-03-06 08:00:00.017
1678118400000,8,-0.00002168,2023-03-06 16:00:00.000
1678147200009,8,-0.00009600,2023-03-07 00:00:00.009
1678176000016,8,-0.00007843,2023-03-07 08:00:00.016
1678204800017,8,-0.00011785,2023-03-07 16:00:00.017
1678233600000,8,-0.00005279,2023-03-08 00:00:00.000
1678262400014,8,-0.00015628,2023-03-08 08:00:00.014
1678291200021,8,-0.00015932,2023-03-08 16:00:00.021
1678320000010,8,-0.00004860,2023-03-09 00:00:00.010
1678348800013,8,-0.00015189,2023-03-09 08:00:00.013
1678377600002,8,0.00010000,2023-03-09 16:00:00.002
1678406400000,8,-0.00018592,2023-03-10 00:00:00.000
1678435200000,8,0.00008585,2023-03-10 08:00:00.000
1678464000005,8,-0.00019429,2023-03-10 16:00:00.005
1678492800011,8,-0.00036773,2023-03-11 00:00:00.011
1678521600003,8,-0.00019190,2023-03-11 08:00:00.003
1678550400011,8,-0.00035499,2023-03-11 16:00:00.011
1678579200001,8,-0.00013186,2023-03-12 00:00:00.001
1678608000000,8,0.00006800,2023-03-12 08:00:00.000
1678636800005,8,-0.00019726,2023-03-12 16:00:00.005
1678665600010,8,0.00010000,2023-03-13 00:00:00.010
1678694400018,8,0.00010000,2023-03-13 08:00:00.018
1678723200003,8,0.00010000,2023-03-13 16:00:00.003
1678752000010,8,0.00010000,2023-03-14 00:00:00.010
1678780800009,8,0.00010000,2023-03-14 08:00:00.009
1678809600010,8,0.00010000,2023-03-14 16:00:00.010
1678838400011,8,0.00018064,2023-03-15 00:00:00.011
1678867200000,8,0.00010000,2023-03-15 08:00:00.000
1678896000012,8,0.00010000,2023-03-15 16:00:00.012
1678924800004,8,-0.00010063,2023-03-16 00:00:00.004
1678953600018,8,0.00010000,2023-03-16 08:00:00.018
1678982400005,8,-0.00017595,2023-03-16 16:00:00.005
1679011200017,8,0.00000618,2023-03-17 00:00:00.017
1679040000010,8,-0.00003828,2023-03-17 08:00:00.010
1679068800003,8,-0.00005870,2023-03-17 16:00:00.003
1679097600012,8,0.00010000,2023-03-18 00:00:00.012
1679126400000,8,0.00027581,2023-03-18 08:00:00.000
1679155200016,8,0.00010000,2023-03-18 16:00:00.016
1679184000013,8,0.00010000,2023-03-19 00:00:00.013
1679212800024,8,0.00010000,2023-03-19 08:00:00.024
1679241600000,8,0.00010000,2023-03-19 16:00:00.000
1679270400005,8,0.00010000,2023-03-20 00:00:00.005
1679299200012,8,0.00010000,2023-03-20 08:00:00.012
1679328000015,8,0.00010000,2023-03-20 16:00:00.015
1679356800006,8,0.00010000,2023-03-21 00:00:00.006
1679385600004,8,0.00010000,2023-03-21 08:00:00.004
1679414400003,8,0.00010000,2023-03-21 16:00:00.003
1679443200000,8,0.00010000,2023-03-22 00:00:00.000
1679472000003,8,0.00006109,2023-03-22 08:00:00.003
1679500800000,8,0.00010000,2023-03-22 16:00:00.000
1679529600016,8,-0.00008698,2023-03-23 00:00:00.016
1679558400001,8,0.00001638,2023-03-23 08:00:00.001
1679587200013,8,0.00010000,2023-03-23 16:00:00.013
1679616000013,8,0.00010000,2023-03-24 00:00:00.013
1679644800012,8,0.00010000,2023-03-24 08:00:00.012
1679673600027,8,0.00010000,2023-03-24 16:00:00.027
1679702400015,8,-0.00006551,2023-03-25 00:00:00.015
1679731200011,8,-0.00005825,2023-03-25 08:00:00.011
1679760000011,8,-0.00004600,2023-03-25 16:00:00.011
1679788800000,8,-0.00010361,2023-03-26 00:00:00.000
1679817600015,8,-0.00002291,2023-03-26 08:00:00.015
1679846400000,8,-0.00004191,2023-03-26 16:00:00.000
1679875200019,8,0.00010000,2023-03-27 00:00:00.019
1679904000009,8,0.00003888,2023-03-27 08:00:00.009
1679932800000,8,0.00002013,2023-03-27 16:00:00.000
1679961600007,8,-0.00017394,2023-03-28 00:00:00.007
1679990400000,8,0.00008360,2023-03-28 08:00:00.000
1680019200013,8,-0.00002188,2023-03-28 16:00:00.013
1680048000010,8,-0.00016763,2023-03-29 00:00:00.010
1680076800006,8,0.00010000,2023-03-29 08:00:00.006
1680105600014,8,0.00008936,2023-03-29 16:00:00.014
1680134400000,8,0.00004312,2023-03-30 00:00:00.000
1680163200000,8,0.00007675,2023-03-30 08:00:00.000
1680192000006,8,-0.00006110,2023-03-30 16:00:00.006
1680220800003,8,-0.00011842,2023-03-31 00:00:00.003
1680249600006,8,-0.00003734,2023-03-31 08:00:00.006
1680278400011,8,-0.00001814,2023-03-31 16:00:00.011
1680307200000,8,0.00010000,2023-04-01 00:00:00.000
1680336000000,8,0.00010000,2023-04-01 08:00:00.000
1680364800018,8,0.00010000,2023-04-01 16:00:00.018
1680393600013,8,0.00010000,2023-04-02 00:00:00.013
1680422400014,8,0.00010000,2023-04-02 08:00:00.014
1680451200001,8,0.00000611,2023-04-02 16:00:00.001
1680480000000,8,-0.00014684,2023-04-03 00:00:00.000
1680508800013,8,0.00002360,2023-04-03 08:00:00.013
1680537600011,8,0.00007659,2023-04-03 16:00:00.011
1680566400002,8,0.00007915,2023-04-04 00:00:00.002
1680595200017,8,0.00002383,2023-04-04 08:00:00.017
1680624000008,8,0.00010000,2023-04-04 16:00:00.008
1680652800000,8,0.00010000,2023-04-05 00:00:00.000
1680681600016,8,0.00010000,2023-04-05 08:00:00.016
1680710400004,8,0.00010000,2023-04-05 16:00:00.004
1680739200000,8,0.00010000,2023-04-06 00:00:00.000
1680768000011,8,0.00008021,2023-04-06 08:00:00.011
1680796800000,8,0.00001019,2023-04-06 16:00:00.000
1680825600006,8,4.2E-7,2023-04-07 00:00:00.006
1680854400005,8,-0.00007207,2023-04-07 08:00:00.005
1680883200000,8,0.00000205,2023-04-07 16:00:00.000
1680912000000,8,0.00010000,2023-04-08 00:00:00.000
1680940800014,8,0.00004752,2023-04-08 08:00:00.014
1680969600018,8,0.00008084,2023-04-08 16:00:00.018
1680998400013,8,0.00000852,2023-04-09 00:00:00.013
1681027200024,8,-0.00001384,2023-04-09 08:00:00.024
1681056000010,8,0.00008973,2023-04-09 16:00:00.010
1681084800000,8,0.00010000,2023-04-10 00:00:00.000
1681113600010,8,0.00006116,2023-04-10 08:00:00.010
1681142400006,8,0.00010000,2023-04-10 16:00:00.006
1681171200008,8,0.00010000,2023-04-11 00:00:00.008
1681200000007,8,0.00010000,2023-04-11 08:00:00.007
1681228800016,8,0.00010000,2023-04-11 16:00:00.016
1681257600006,8,0.00010000,2023-04-12 00:00:00.006
1681286400008,8,0.00010000,2023-04-12 08:00:00.008
1681315200014,8,0.00010000,2023-04-12 16:00:00.014
1681344000027,8,0.00002795,2023-04-13 00:00:00.027
1681372800010,8,0.00006992,2023-04-13 08:00:00.010
1681401600000,8,0.00010000,2023-04-13 16:00:00.000
1681430400001,8,0.00010000,2023-04-14 00:00:00.001
1681459200008,8,0.00010000,2023-04-14 08:00:00.008
1681488000007,8,0.00010000,2023-04-14 16:00:00.007
1681516800007,8,0.00010000,2023-04-15 00:00:00.007
1681545600007,8,0.00010000,2023-04-15 08:00:00.007
1681574400011,8,0.00010000,2023-04-15 16:00:00.011
1681603200014,8,0.00010000,2023-04-16 00:00:00.014
1681632000007,8,0.00025575,2023-04-16 08:00:00.007
1681660800002,8,0.00010000,2023-04-16 16:00:00.002
1681689600017,8,0.00029250,2023-04-17 00:00:00.017
1681718400006,8,0.00035646,2023-04-17 08:00:00.006
1681747200000,8,0.00013821,2023-04-17 16:00:00.000
1681776000013,8,0.00010000,2023-04-18 00:00:00.013
1681804800017,8,0.00010000,2023-04-18 08:00:00.017
1681833600000,8,0.00010000,2023-04-18 16:00:00.000
1681862400022,8,0.00010000,2023-04-19 00:00:00.022
1681891200014,8,0.00010000,2023-04-19 08:00:00.014
1681920000000,8,-0.00005574,2023-04-19 16:00:00.000
1681948800010,8,0.00010000,2023-04-20 00:00:00.010
1681977600012,8,0.00010000,2023-04-20 08:00:00.012
1682006400012,8,0.00010000,2023-04-20 16:00:00.012
1682035200009,8,-0.00003575,2023-04-21 00:00:00.009
1682064000009,8,0.00010000,2023-04-21 08:00:00.009
1682092800003,8,0.00010000,2023-04-21 16:00:00.003
1682121600000,8,-0.00001147,2023-04-22 00:00:00.000
1682150400000,8,0.00000914,2023-04-22 08:00:00.000
1682179200016,8,-0.00003008,2023-04-22 16:00:00.016
1682208000009,8,-0.00004662,2023-04-23 00:00:00.009
1682236800020,8,0.00007476,2023-04-23 08:00:00.020
1682265600007,8,0.00009355,2023-04-23 16:00:00.007
1682294400000,8,0.00000383,2023-04-24 00:00:00.000
1682323200008,8,0.00009297,2023-04-24 08:00:00.008
1682352000006,8,0.00010000,2023-04-24 16:00:00.006
1682380800014,8,-0.00001610,2023-04-25 00:00:00.014
1682409600009,8,-0.00002918,2023-04-25 08:00:00.009
1682438400015,8,0.00001692,2023-04-25 16:00:00.015
1682467200015,8,0.00005839,2023-04-26 00:00:00.015
1682496000013,8,0.00001365,2023-04-26 08:00:00.013
1682524800001,8,0.00010000,2023-04-26 16:00:00.001
1682553600014,8,-0.00012155,2023-04-27 00:00:00.014
1682582400008,8,0.00002060,2023-04-27 08:00:00.008
1682611200005,8,0.00005188,2023-04-27 16:00:00.005
1682640000011,8,0.00010000,2023-04-28 00:00:00.011
1682668800007,8,0.00010000,2023-04-28 08:00:00.007
1682697600006,8,0.00010000,2023-04-28 16:00:00.006
1682726400004,8,0.00006328,2023-04-29 00:00:00.004
1682755200016,8,0.00010000,2023-04-29 08:00:00.016
1682784000001,8,0.00010000,2023-04-29 16:00:00.001
1682812800008,8,0.00005413,2023-04-30 00:00:00.008
1682841600000,8,0.00007129,2023-04-30 08:00:00.000
1682870400010,8,0.00010000,2023-04-30 16:00:00.010
1682899200004,8,0.00010000,2023-05-01 00:00:00.004
1682928000008,8,0.00001535,2023-05-01 08:00:00.008
1682956800014,8,0.00010000,2023-05-01 16:00:00.014
1682985600015,8,0.00000698,2023-05-02 00:00:00.015
1683014400018,8,0.00003889,2023-05-02 08:00:00.018
1683043200000,8,-0.00004732,2023-05-02 16:00:00.000
1683072000009,8,0.00002069,2023-05-03 00:00:00.009
1683100800003,8,0.00003138,2023-05-03 08:00:00.003
1683129600011,8,0.00003849,2023-05-03 16:00:00.011
1683158400000,8,-0.00000227,2023-05-04 00:00:00.000
1683187200000,8,0.00010000,2023-05-04 08:00:00.000
1683216000011,8,0.00010000,2023-05-04 16:00:00.011
1683244800002,8,0.00010000,2023-05-05 00:00:00.002
1683273600000,8,0.00003223,2023-05-05 08:00:00.000
1683302400000,8,0.00010000,2023-05-05 16:00:00.000
1683331200009,8,0.00010000,2023-05-06 00:00:00.009
1683360000000,8,0.00010000,2023-05-06 08:00:00.000
1683388800000,8,0.00002441,2023-05-06 16:00:00.000
1683417600000,8,0.00003648,2023-05-07 00:00:00.000
1683446400000,8,-0.00002120,2023-05-07 08:00:00.000
1683475200006,8,0.00006249,2023-05-07 16:00:00.006
1683504000000,8,0.00010000,2023-05-08 00:00:00.000
1683532800007,8,-0.00007742,2023-05-08 08:00:00.007
1683561600015,8,0.00002595,2023-05-08 16:00:00.015
1683590400015,8,-0.00019637,2023-05-09 00:00:00.015
1683619200000,8,-0.00005327,2023-05-09 08:00:00.000
1683648000000,8,-0.00005678,2023-05-09 16:00:00.000
1683676800007,8,-0.00004287,2023-05-10 00:00:00.007
1683705600003,8,0.00002809,2023-05-10 08:00:00.003
1683734400000,8,-2.9E-7,2023-05-10 16:00:00.000
1683763200011,8,0.00007952,2023-05-11 00:00:00.011
1683792000000,8,0.00002605,2023-05-11 08:00:00.000
1683820800005,8,0.00002286,2023-05-11 16:00:00.005
1683849600020,8,0.00001031,2023-05-12 00:00:00.020
1683878400001,8,0.00008362,2023-05-12 08:00:00.001
1683907200010,8,0.00000803,2023-05-12 16:00:00.010
1683936000000,8,0.00001245,2023-05-13 00:00:00.000
1683964800000,8,0.00006953,2023-05-13 08:00:00.000
1683993600026,8,0.00010000,2023-05-13 16:00:00.026
1684022400029,8,0.00007690,2023-05-14 00:00:00.029
1684051200010,8,0.00006449,2023-05-14 08:00:00.010
1684080000008,8,0.00006799,2023-05-14 16:00:00.008
1684108800006,8,0.00000894,2023-05-15 00:00:00.006
1684137600005,8,0.00006491,2023-05-15 08:00:00.005
1684166400008,8,0.00008447,2023-05-15 16:00:00.008
1684195200021,8,0.00010000,2023-05-16 00:00:00.021
1684224000000,8,0.00006067,2023-05-16 08:00:00.000
1684252800000,8,0.00010000,2023-05-16 16:00:00.000
1684281600010,8,0.00003051,2023-05-17 00:00:00.010
1684310400000,8,0.00010000,2023-05-17 08:00:00.000
1684339200001,8,0.00009695,2023-05-17 16:00:00.001
1684368000000,8,0.00010000,2023-05-18 00:00:00.000
1684396800026,8,0.00010000,2023-05-18 08:00:00.026
1684425600019,8,0.00002950,2023-05-18 16:00:00.019
1684454400000,8,-0.00009122,2023-05-19 00:00:00.000
1684483200002,8,0.00002946,2023-05-19 08:00:00.002
1684512000000,8,0.00008946,2023-05-19 16:00:00.000
1684540800005,8,0.00009555,2023-05-20 00:00:00.005
1684569600014,8,0.00002515,2023-05-20 08:00:00.014
1684598400020,8,0.00003057,2023-05-20 16:00:00.020
1684627200014,8,0.00010000,2023-05-21 00:00:00.014
1684656000001,8,0.00010000,2023-05-21 08:00:00.001
1684684800015,8,0.00009479,2023-05-21 16:00:00.015
1684713600028,8,0.00002963,2023-05-22 00:00:00.028
1684742400000,8,0.00007846,2023-05-22 08:00:00.000
1684771200012,8,0.00010000,2023-05-22 16:00:00.012
1684800000006,8,0.00010000,2023-05-23 00:00:00.006
1684828800014,8,0.00009997,2023-05-23 08:00:00.014
1684857600008,8,0.00010000,2023-05-23 16:00:00.008
1684886400000,8,0.00010000,2023-05-24 00:00:00.000
1684915200025,8,0.00006455,2023-05-24 08:00:00.025
1684944000008,8,0.00009780,2023-05-24 16:00:00.008
1684972800000,8,0.00005668,2023-05-25 00:00:00.000
1685001600025,8,0.00005885,2023-05-25 08:00:00.025
1685030400016,8,0.00010000,2023-05-25 16:00:00.016
1685059200000,8,0.00010000,2023-05-26 00:00:00.000
1685088000024,8,0.00010000,2023-05-26 08:00:00.024
1685116800012,8,0.00010000,2023-05-26 16:00:00.012
1685145600012,8,0.00010000,2023-05-27 00:00:00.012
1685174400018,8,0.00010000,2023-05-27 08:00:00.018
1685203200008,8,0.00010000,2023-05-27 16:00:00.008
1685232000017,8,0.00010000,2023-05-28 00:00:00.017
1685260800015,8,0.00010000,2023-05-28 08:00:00.015
1685289600000,8,0.00010000,2023-05-28 16:00:00.000
1685318400000,8,0.00010000,2023-05-29 00:00:00.000
1685347200020,8,0.00010000,2023-05-29 08:00:00.020
1685376000011,8,0.00010000,2023-05-29 16:00:00.011
1685404800003,8,0.00010000,2023-05-30 00:00:00.003
1685433600000,8,0.00010000,2023-05-30 08:00:00.000
1685462400003,8,0.00010000,2023-05-30 16:00:00.003
1685491200013,8,0.00010000,2023-05-31 00:00:00.013
1685520000000,8,0.00010000,2023-05-31 08:00:00.000
1685548800000,8,0.00010000,2023-05-31 16:00:00.000
1685577600008,8,0.00010000,2023-06-01 00:00:00.008
1685606400012,8,0.00010000,2023-06-01 08:00:00.012
1685635200000,8,0.00010000,2023-06-01 16:00:00.000
1685664000000,8,0.00010000,2023-06-02 00:00:00.000
1685692800006,8,0.00010000,2023-06-02 08:00:00.006
1685721600012,8,0.00010000,2023-06-02 16:00:00.012
1685750400000,8,0.00010000,2023-06-03 00:00:00.000
1685779200011,8,0.00010000,2023-06-03 08:00:00.011
1685808000003,8,0.00010000,2023-06-03 16:00:00.003
1685836800000,8,0.00010000,2023-06-04 00:00:00.000
1685865600000,8,0.00010000,2023-06-04 08:00:00.000
1685894400000,8,0.00010000,2023-06-04 16:00:00.000
1685923200005,8,0.00010000,2023-06-05 00:00:00.005
1685952000000,8,0.00010000,2023-06-05 08:00:00.000
1685980800000,8,0.00010000,2023-06-05 16:00:00.000
1686009600000,8,-0.00007522,2023-06-06 00:00:00.000
1686038400009,8,-0.00001215,2023-06-06 08:00:00.009
1686067200013,8,0.00006245,2023-06-06 16:00:00.013
1686096000000,8,0.00010000,2023-06-07 00:00:00.000
1686124800016,8,0.00010000,2023-06-07 08:00:00.016
1686153600000,8,0.00008161,2023-06-07 16:00:00.000
1686182400006,8,-0.00002973,2023-06-08 00:00:00.006
1686211200000,8,-0.00006138,2023-06-08 08:00:00.000
1686240000000,8,-0.00003987,2023-06-08 16:00:00.000
1686268800000,8,-0.00001990,2023-06-09 00:00:00.000
1686297600000,8,0.00002244,2023-06-09 08:00:00.000
1686326400000,8,0.00004756,2023-06-09 16:00:00.000
1686355200000,8,0.00004312,2023-06-10 00:00:00.000
1686384000000,8,-0.00018689,2023-06-10 08:00:00.000
1686412800000,8,-0.00045568,2023-06-10 16:00:00.000
1686441600001,8,-0.00025962,2023-06-11 00:00:00.001
1686470400000,8,-0.00039139,2023-06-11 08:00:00.000
1686499200000,8,-0.00011432,2023-06-11 16:00:00.000
1686528000000,8,-0.00005452,2023-06-12 00:00:00.000
1686556800000,8,-0.00010351,2023-06-12 08:00:00.000
1686585600001,8,0.00010000,2023-06-12 16:00:00.001
1686614400000,8,-0.00000670,2023-06-13 00:00:00.000
1686643200000,8,0.00000895,2023-06-13 08:00:00.000
1686672000000,8,-0.00001734,2023-06-13 16:00:00.000
1686700800000,8,-0.00006216,2023-06-14 00:00:00.000
1686729600000,8,-0.00009959,2023-06-14 08:00:00.000
1686758400000,8,-0.00003849,2023-06-14 16:00:00.000
1686787200000,8,-0.00003913,2023-06-15 00:00:00.000
1686816000000,8,-0.00010960,2023-06-15 08:00:00.000
1686844800000,8,0.00010000,2023-06-15 16:00:00.000
1686873600000,8,0.00002986,2023-06-16 00:00:00.000
1686902400000,8,0.00003481,2023-06-16 08:00:00.000
1686931200000,8,-0.00000460,2023-06-16 16:00:00.000
1686960000000,8,-0.00003146,2023-06-17 00:00:00.000
1686988800000,8,0.00005237,2023-06-17 08:00:00.000
1687017600000,8,0.00006248,2023-06-17 16:00:00.000
1687046400000,8,-0.00002892,2023-06-18 00:00:00.000
1687075200000,8,-0.00005493,2023-06-18 08:00:00.000
1687104000000,8,-0.00000103,2023-06-18 16:00:00.000
1687132800000,8,-0.00006350,2023-06-19 00:00:00.000
1687161600000,8,-0.00008954,2023-06-19 08:00:00.000
1687190400000,8,-0.00004972,2023-06-19 16:00:00.000
1687219200001,8,-0.00014540,2023-06-20 00:00:00.001
1687248000000,8,-0.00000812,2023-06-20 08:00:00.000
1687276800000,8,0.00000170,2023-06-20 16:00:00.000
1687305600000,8,0.00000555,2023-06-21 00:00:00.000
1687334400000,8,0.00007670,2023-06-21 08:00:00.000
1687363200000,8,0.00001523,2023-06-21 16:00:00.000
1687392000000,8,0.00005684,2023-06-22 00:00:00.000
1687420800001,8,0.00001267,2023-06-22 08:00:00.001
1687449600000,8,-0.00000997,2023-06-22 16:00:00.000
1687478400000,8,0.00008860,2023-06-23 00:00:00.000
1687507200000,8,0.00010000,2023-06-23 08:00:00.000
1687536000000,8,-0.00000327,2023-06-23 16:00:00.000
1687564800000,8,-0.00005354,2023-06-24 00:00:00.000
1687593600000,8,0.00008164,2023-06-24 08:00:00.000
1687622400000,8,0.00001615,2023-06-24 16:00:00.000
1687651200000,8,-0.00009403,2023-06-25 00:00:00.000
1687680000000,8,0.00004045,2023-06-25 08:00:00.000
1687708800000,8,0.00002049,2023-06-25 16:00:00.000
1687737600000,8,0.00002481,2023-06-26 00:00:00.000
1687766400000,8,-0.00006749,2023-06-26 08:00:00.000
1687795200000,8,0.00005956,2023-06-26 16:00:00.000
1687824000000,8,-0.00002886,2023-06-27 00:00:00.000
1687852800000,8,0.00010000,2023-06-27 08:00:00.000
1687881600000,8,0.00010000,2023-06-27 16:00:00.000
1687910400000,8,0.00010000,2023-06-28 00:00:00.000
1687939200000,8,-0.00001801,2023-06-28 08:00:00.000
1687968000000,8,0.00005458,2023-06-28 16:00:00.000
1687996800000,8,0.00001700,2023-06-29 00:00:00.000
1688025600000,8,0.00010000,2023-06-29 08:00:00.000
1688054400000,8,0.00010000,2023-06-29 16:00:00.000
1688083200000,8,0.00004827,2023-06-30 00:00:00.000
1688112000000,8,0.00010000,2023-06-30 08:00:00.000
1688140800001,8,0.00010000,2023-06-30 16:00:00.001
1688169600000,8,0.00010000,2023-07-01 00:00:00.000
1688198400000,8,0.00010000,2023-07-01 08:00:00.000
1688227200000,8,0.00002201,2023-07-01 16:00:00.000
1688256000000,8,0.00010000,2023-07-02 00:00:00.000
1688284800000,8,0.00010000,2023-07-02 08:00:00.000
1688313600001,8,0.00010000,2023-07-02 16:00:00.001
1688342400000,8,0.00010000,2023-07-03 00:00:00.000
1688371200000,8,0.00010000,2023-07-03 08:00:00.000
1688400000000,8,0.00010000,2023-07-03 16:00:00.000
1688428800001,8,0.00006327,2023-07-04 00:00:00.001
1688457600000,8,0.00010000,2023-07-04 08:00:00.000
1688486400000,8,0.00010000,2023-07-04 16:00:00.000
1688515200000,8,0.00010000,2023-07-05 00:00:00.000
1688544000000,8,0.00010000,2023-07-05 08:00:00.000
1688572800000,8,0.00004304,2023-07-05 16:00:00.000
1688601600000,8,-0.00000529,2023-07-06 00:00:00.000
1688630400000,8,0.00010000,2023-07-06 08:00:00.000
1688659200000,8,0.00010000,2023-07-06 16:00:00.000
1688688000000,8,0.00010000,2023-07-07 00:00:00.000
1688716800000,8,0.00008838,2023-07-07 08:00:00.000
1688745600000,8,-0.00022841,2023-07-07 16:00:00.000
1688774400000,8,-0.00005703,2023-07-08 00:00:00.000
1688803200000,8,0.00001315,2023-07-08 08:00:00.000
1688832000000,8,0.00010000,2023-07-08 16:00:00.000
1688860800000,8,-0.00011345,2023-07-09 00:00:00.000
1688889600000,8,0.00001049,2023-07-09 08:00:00.000
1688918400000,8,0.00010000,2023-07-09 16:00:00.000
1688947200000,8,0.00010000,2023-07-10 00:00:00.000
1688976000000,8,0.00010000,2023-07-10 08:00:00.000
1689004800000,8,-0.00005346,2023-07-10 16:00:00.000
1689033600000,8,-0.00013561,2023-07-11 00:00:00.000
1689062400000,8,-0.00002651,2023-07-11 08:00:00.000
1689091200000,8,0.00002775,2023-07-11 16:00:00.000
1689120000000,8,0.00001497,2023-07-12 00:00:00.000
1689148800000,8,-0.00002714,2023-07-12 08:00:00.000
1689177600000,8,0.00004120,2023-07-12 16:00:00.000
1689206400000,8,0.00009789,2023-07-13 00:00:00.000
1689235200000,8,-0.00000637,2023-07-13 08:00:00.000
1689264000000,8,-0.00021919,2023-07-13 16:00:00.000
1689292800000,8,0.00010000,2023-07-14 00:00:00.000
1689321600000,8,0.00029523,2023-07-14 08:00:00.000
1689350400000,8,0.00017912,2023-07-14 16:00:00.000
1689379200000,8,0.00010000,2023-07-15 00:00:00.000
1689408000000,8,0.00010000,2023-07-15 08:00:00.000
1689436800000,8,0.00010000,2023-07-15 16:00:00.000
1689465600001,8,0.00010000,2023-07-16 00:00:00.001
1689494400000,8,0.00010000,2023-07-16 08:00:00.000
1689523200000,8,0.00010000,2023-07-16 16:00:00.000
1689552000000,8,0.00010000,2023-07-17 00:00:00.000
1689580800000,8,0.00010000,2023-07-17 08:00:00.000
1689609600000,8,0.00010000,2023-07-17 16:00:00.000
1689638400000,8,0.00009171,2023-07-18 00:00:00.000
1689667200000,8,0.00010000,2023-07-18 08:00:00.000
1689696000000,8,0.00010000,2023-07-18 16:00:00.000
1689724800000,8,0.00010000,2023-07-19 00:00:00.000
1689753600000,8,0.00010000,2023-07-19 08:00:00.000
1689782400001,8,0.00010000,2023-07-19 16:00:00.001
1689811200000,8,0.00007165,2023-07-20 00:00:00.000
1689840000000,8,0.00010000,2023-07-20 08:00:00.000
1689868800000,8,0.00010000,2023-07-20 16:00:00.000
1689897600001,8,0.00001250,2023-07-21 00:00:00.001
1689926400000,8,-0.00000151,2023-07-21 08:00:00.000
1689955200000,8,0.00007977,2023-07-21 16:00:00.000
1689984000000,8,0.00002099,2023-07-22 00:00:00.000
1690012800000,8,0.00010000,2023-07-22 08:00:00.000
1690041600000,8,0.00010000,2023-07-22 16:00:00.000
1690070400000,8,0.00008045,2023-07-23 00:00:00.000
1690099200000,8,0.00006786,2023-07-23 08:00:00.000
1690128000000,8,0.00010000,2023-07-23 16:00:00.000
1690156800000,8,0.00005539,2023-07-24 00:00:00.000
1690185600000,8,0.00008790,2023-07-24 08:00:00.000
1690214400000,8,0.00010000,2023-07-24 16:00:00.000
1690243200000,8,0.00002921,2023-07-25 00:00:00.000
1690272000000,8,0.00004666,2023-07-25 08:00:00.000
1690300800000,8,-0.00002252,2023-07-25 16:00:00.000
1690329600000,8,0.00009281,2023-07-26 00:00:00.000
1690358400001,8,-0.00000183,2023-07-26 08:00:00.001
1690387200000,8,0.00004654,2023-07-26 16:00:00.000
1690416000000,8,0.00010000,2023-07-27 00:00:00.000
1690444800000,8,0.00002473,2023-07-27 08:00:00.000
1690473600001,8,0.00001048,2023-07-27 16:00:00.001
1690502400000,8,0.00010000,2023-07-28 00:00:00.000
1690531200000,8,0.00010000,2023-07-28 08:00:00.000
1690560000000,8,0.00010000,2023-07-28 16:00:00.000
1690588800000,8,0.00010000,2023-07-29 00:00:00.000
1690617600000,8,0.00010000,2023-07-29 08:00:00.000
1690646400001,8,0.00008555,2023-07-29 16:00:00.001
1690675200000,8,0.00010000,2023-07-30 00:00:00.000
1690704000000,8,0.00009213,2023-07-30 08:00:00.000
1690732800000,8,0.00010000,2023-07-30 16:00:00.000
1690761600000,8,0.00009232,2023-07-31 00:00:00.000
1690790400000,8,-0.00002568,2023-07-31 08:00:00.000
1690819200001,8,0.00004713,2023-07-31 16:00:00.001
1690848000000,8,0.00010000,2023-08-01 00:00:00.000
1690876800000,8,0.00007943,2023-08-01 08:00:00.000
1690905600000,8,0.00006970,2023-08-01 16:00:00.000
1690934400000,8,0.00001932,2023-08-02 00:00:00.000
1690963200000,8,0.00001057,2023-08-02 08:00:00.000
1690992000000,8,0.00003245,2023-08-02 16:00:00.000
1691020800000,8,-0.00002370,2023-08-03 00:00:00.000
1691049600000,8,0.00010000,2023-08-03 08:00:00.000
1691078400001,8,-0.00003185,2023-08-03 16:00:00.001
1691107200000,8,0.00001777,2023-08-04 00:00:00.000
1691136000000,8,0.00000993,2023-08-04 08:00:00.000
1691164800000,8,0.00005856,2023-08-04 16:00:00.000
1691193600000,8,0.00010000,2023-08-05 00:00:00.000
1691222400000,8,0.00002082,2023-08-05 08:00:00.000
1691251200001,8,0.00004430,2023-08-05 16:00:00.001
1691280000000,8,-0.00003498,2023-08-06 00:00:00.000
1691308800001,8,0.00010000,2023-08-06 08:00:00.001
1691337600005,8,0.00010000,2023-08-06 16:00:00.005
1691366400000,8,0.00010000,2023-08-07 00:00:00.000
1691395200000,8,0.00007203,2023-08-07 08:00:00.000
1691424000000,8,0.00010000,2023-08-07 16:00:00.000
1691452800000,8,0.00007405,2023-08-08 00:00:00.000
1691481600000,8,0.00010000,2023-08-08 08:00:00.000
1691510400000,8,0.00009805,2023-08-08 16:00:00.000
1691539200000,8,0.00009326,2023-08-09 00:00:00.000
1691568000000,8,0.00000715,2023-08-09 08:00:00.000
1691596800000,8,0.00006361,2023-08-09 16:00:00.000
1691625600001,8,0.00010000,2023-08-10 00:00:00.001
1691654400000,8,0.00010000,2023-08-10 08:00:00.000
1691683200000,8,0.00010000,2023-08-10 16:00:00.000
1691712000000,8,0.00005018,2023-08-11 00:00:00.000
1691740800000,8,0.00010000,2023-08-11 08:00:00.000
1691769600000,8,0.00010000,2023-08-11 16:00:00.000
1691798400000,8,0.00010000,2023-08-12 00:00:00.000
1691827200000,8,0.00010000,2023-08-12 08:00:00.000
1691856000000,8,0.00010000,2023-08-12 16:00:00.000
1691884800000,8,0.00007464,2023-08-13 00:00:00.000
1691913600000,8,0.00005155,2023-08-13 08:00:00.000
1691942400000,8,0.00010000,2023-08-13 16:00:00.000
1691971200001,8,0.00010000,2023-08-14 00:00:00.001
1692000000000,8,0.00007157,2023-08-14 08:00:00.000
1692028800000,8,0.00003069,2023-08-14 16:00:00.000
1692057600001,8,0.00007225,2023-08-15 00:00:00.001
1692086400000,8,0.00010000,2023-08-15 08:00:00.000
1692115200000,8,0.00010000,2023-08-15 16:00:00.000
1692144000000,8,0.00010000,2023-08-16 00:00:00.000
1692172800001,8,0.00010000,2023-08-16 08:00:00.001
1692201600000,8,0.00005907,2023-08-16 16:00:00.000
1692230400000,8,6.9E-7,2023-08-17 00:00:00.000
1692259200000,8,0.00010000,2023-08-17 08:00:00.000
1692288000000,8,0.00003019,2023-08-17 16:00:00.000
1692316800000,8,-0.00029147,2023-08-18 00:00:00.000
1692345600000,8,-0.00002584,2023-08-18 08:00:00.000
1692374400000,8,0.00008169,2023-08-18 16:00:00.000
1692403200000,8,-0.00007003,2023-08-19 00:00:00.000
1692432000000,8,-0.00005498,2023-08-19 08:00:00.000
1692460800000,8,-0.00006270,2023-08-19 16:00:00.000
1692489600000,8,-0.00006623,2023-08-20 00:00:00.000
1692518400000,8,-0.00007076,2023-08-20 08:00:00.000
1692547200000,8,-0.00003023,2023-08-20 16:00:00.000
1692576000000,8,-0.00003625,2023-08-21 00:00:00.000
1692604800000,8,-0.00007183,2023-08-21 08:00:00.000
1692633600000,8,-0.00000718,2023-08-21 16:00:00.000
1692662400000,8,0.00001569,2023-08-22 00:00:00.000
1692691200000,8,0.00005112,2023-08-22 08:00:00.000
1692720000000,8,0.00002087,2023-08-22 16:00:00.000
1692748800000,8,-0.00012671,2023-08-23 00:00:00.000
1692777600000,8,-0.00003319,2023-08-23 08:00:00.000
1692806400000,8,0.00003526,2023-08-23 16:00:00.000
1692835200000,8,-0.00007433,2023-08-24 00:00:00.000
1692864000000,8,-0.00009124,2023-08-24 08:00:00.000
1692892800000,8,-0.00000996,2023-08-24 16:00:00.000
1692921600000,8,-0.00008674,2023-08-25 00:00:00.000
1692950400000,8,-0.00005421,2023-08-25 08:00:00.000
1692979200000,8,-0.00018382,2023-08-25 16:00:00.000
1693008000000,8,-0.00014373,2023-08-26 00:00:00.000
1693036800000,8,-0.00024234,2023-08-26 08:00:00.000
1693065600000,8,-0.00018306,2023-08-26 16:00:00.000
1693094400000,8,-0.00017578,2023-08-27 00:00:00.000
1693123200000,8,-0.00011914,2023-08-27 08:00:00.000
1693152000000,8,-0.00016818,2023-08-27 16:00:00.000
1693180800000,8,-0.00003451,2023-08-28 00:00:00.000
1693209600001,8,-0.00002329,2023-08-28 08:00:00.001
1693238400001,8,0.00002945,2023-08-28 16:00:00.001
1693267200000,8,0.00008373,2023-08-29 00:00:00.000
1693296000000,8,0.00000529,2023-08-29 08:00:00.000
1693324800000,8,-0.00040362,2023-08-29 16:00:00.000
1693353600000,8,0.00010000,2023-08-30 00:00:00.000
1693382400000,8,0.00002088,2023-08-30 08:00:00.000
1693411200000,8,0.00008869,2023-08-30 16:00:00.000
1693440000000,8,-0.00005589,2023-08-31 00:00:00.000
1693468800000,8,-0.00007295,2023-08-31 08:00:00.000
1693497600000,8,-0.00009890,2023-08-31 16:00:00.000
1693526400000,8,-0.00013928,2023-09-01 00:00:00.000
1693555200000,8,-0.00009007,2023-09-01 08:00:00.000
1693584000001,8,0.00005200,2023-09-01 16:00:00.001
1693612800000,8,0.00000671,2023-09-02 00:00:00.000
1693641600000,8,-0.00008469,2023-09-02 08:00:00.000
1693670400000,8,-0.00005343,2023-09-02 16:00:00.000
1693699200000,8,-6.5E-7,2023-09-03 00:00:00.000
1693728000000,8,-0.00003935,2023-09-03 08:00:00.000
1693756800000,8,-0.00003560,2023-09-03 16:00:00.000
1693785600000,8,-0.00005078,2023-09-04 00:00:00.000
1693814400000,8,-0.00007224,2023-09-04 08:00:00.000
1693843200000,8,0.00008919,2023-09-04 16:00:00.000
1693872000000,8,0.00001756,2023-09-05 00:00:00.000
1693900800000,8,-0.00006252,2023-09-05 08:00:00.000
1693929600000,8,-0.00010758,2023-09-05 16:00:00.000
1693958400000,8,-0.00001341,2023-09-06 00:00:00.000
1693987200000,8,0.00000804,2023-09-06 08:00:00.000
1694016000001,8,0.00002839,2023-09-06 16:00:00.001
1694044800000,8,-0.00002787,2023-09-07 00:00:00.000
1694073600000,8,0.00000288,2023-09-07 08:00:00.000
1694102400000,8,3.3E-7,2023-09-07 16:00:00.000
1694131200000,8,-0.00008527,2023-09-08 00:00:00.000
1694160000000,8,-0.00013966,2023-09-08 08:00:00.000
1694188800000,8,-0.00021132,2023-09-08 16:00:00.000
1694217600000,8,-0.00010450,2023-09-09 00:00:00.000
1694246400000,8,-0.00021188,2023-09-09 08:00:00.000
1694275200000,8,-0.00016996,2023-09-09 16:00:00.000
1694304000000,8,-0.00023880,2023-09-10 00:00:00.000
1694332800000,8,-0.00038599,2023-09-10 08:00:00.000
1694361600000,8,-0.00047908,2023-09-10 16:00:00.000
1694390400000,8,-0.00036941,2023-09-11 00:00:00.000
1694419200000,8,-0.00022734,2023-09-11 08:00:00.000
1694448000001,8,-0.00006124,2023-09-11 16:00:00.001
1694476800000,8,-0.00003978,2023-09-12 00:00:00.000
1694505600000,8,-0.00005673,2023-09-12 08:00:00.000
1694534400000,8,-0.00007381,2023-09-12 16:00:00.000
1694563200000,8,-0.00016024,2023-09-13 00:00:00.000
1694592000000,8,-0.00017635,2023-09-13 08:00:00.000
1694620800000,8,-0.00004981,2023-09-13 16:00:00.000
1694649600000,8,-0.00016123,2023-09-14 00:00:00.000
1694678400001,8,-0.00014970,2023-09-14 08:00:00.001
1694707200000,8,-0.00024678,2023-09-14 16:00:00.000
1694736000000,8,-0.00021530,2023-09-15 00:00:00.000
1694764800000,8,-0.00012046,2023-09-15 08:00:00.000
1694793600000,8,-0.00000591,2023-09-15 16:00:00.000
1694822400000,8,0.00001257,2023-09-16 00:00:00.000
1694851200000,8,-0.00005380,2023-09-16 08:00:00.000
1694880000000,8,-0.00014091,2023-09-16 16:00:00.000
1694908800000,8,-0.00021514,2023-09-17 00:00:00.000
1694937600000,8,-0.00007124,2023-09-17 08:00:00.000
1694966400000,8,-0.00005427,2023-09-17 16:00:00.000
1694995200000,8,-0.00030943,2023-09-18 00:00:00.000
1695024000000,8,-0.00007847,2023-09-18 08:00:00.000
1695052800000,8,-0.00013976,2023-09-18 16:00:00.000
1695081600000,8,-0.00005900,2023-09-19 00:00:00.000
1695110400001,8,-0.00010841,2023-09-19 08:00:00.001
1695139200000,8,0.00010000,2023-09-19 16:00:00.000
1695168000000,8,-0.00014401,2023-09-20 00:00:00.000
1695196800000,8,-0.00008143,2023-09-20 08:00:00.000
1695225600000,8,-0.00009609,2023-09-20 16:00:00.000
1695254400001,8,-0.00000777,2023-09-21 00:00:00.001
1695283200000,8,-0.00006489,2023-09-21 08:00:00.000
1695312000000,8,0.00010000,2023-09-21 16:00:00.000
1695340800000,8,0.00001075,2023-09-22 00:00:00.000
1695369600000,8,0.00001389,2023-09-22 08:00:00.000
1695398400000,8,0.00004359,2023-09-22 16:00:00.000
1695427200000,8,0.00005987,2023-09-23 00:00:00.000
1695456000000,8,0.00010000,2023-09-23 08:00:00.000
1695484800000,8,0.00005940,2023-09-23 16:00:00.000
1695513600000,8,0.00008557,2023-09-24 00:00:00.000
1695542400000,8,0.00000810,2023-09-24 08:00:00.000
1695571200000,8,0.00006559,2023-09-24 16:00:00.000
1695600000000,8,0.00001511,2023-09-25 00:00:00.000
1695628800000,8,-0.00003233,2023-09-25 08:00:00.000
1695657600000,8,0.00002778,2023-09-25 16:00:00.000
1695686400000,8,0.00001913,2023-09-26 00:00:00.000
1695715200000,8,-0.00006278,2023-09-26 08:00:00.000
1695744000000,8,0.00001890,2023-09-26 16:00:00.000
1695772800000,8,0.00007510,2023-09-27 00:00:00.000
1695801600001,8,0.00003583,2023-09-27 08:00:00.001
1695830400000,8,0.00002165,2023-09-27 16:00:00.000
1695859200000,8,-0.00025005,2023-09-28 00:00:00.000
1695888000000,8,0.00004959,2023-09-28 08:00:00.000
1695916800000,8,0.00010000,2023-09-28 16:00:00.000
1695945600000,8,-0.00008879,2023-09-29 00:00:00.000
1695974400000,8,0.00003522,2023-09-29 08:00:00.000
1696003200000,8,-0.00008995,2023-09-29 16:00:00.000
1696032000000,8,-0.00009192,2023-09-30 00:00:00.000
1696060800000,8,-0.00013968,2023-09-30 08:00:00.000
1696089600000,8,-0.00033235,2023-09-30 16:00:00.000
1696118400000,8,-0.00015019,2023-10-01 00:00:00.000
1696147200000,8,-0.00024577,2023-10-01 08:00:00.000
1696176000000,8,0.00004550,2023-10-01 16:00:00.000
1696204800000,8,0.00010000,2023-10-02 00:00:00.000
1696233600000,8,-0.00005358,2023-10-02 08:00:00.000
1696262400000,8,0.00007399,2023-10-02 16:00:00.000
1696291200000,8,0.00010000,2023-10-03 00:00:00.000
1696320000000,8,-0.00009329,2023-10-03 08:00:00.000
1696348800000,8,-0.00016715,2023-10-03 16:00:00.000
1696377600000,8,-0.00020449,2023-10-04 00:00:00.000
1696406400000,8,-0.00014362,2023-10-04 08:00:00.000
1696435200000,8,0.00001008,2023-10-04 16:00:00.000
1696464000000,8,-0.00019583,2023-10-05 00:00:00.000
1696492800000,8,-0.00010441,2023-10-05 08:00:00.000
1696521600001,8,-0.00021380,2023-10-05 16:00:00.001
1696550400000,8,-0.00014401,2023-10-06 00:00:00.000
1696579200000,8,-0.00001702,2023-10-06 08:00:00.000
1696608000000,8,0.00006028,2023-10-06 16:00:00.000
1696636800000,8,0.00001517,2023-10-07 00:00:00.000
1696665600000,8,-0.00003624,2023-10-07 08:00:00.000
1696694400000,8,-0.00013829,2023-10-07 16:00:00.000
1696723200000,8,-0.00007284,2023-10-08 00:00:00.000
1696752000001,8,-0.00004763,2023-10-08 08:00:00.001
1696780800000,8,-0.00002324,2023-10-08 16:00:00.000
1696809600000,8,-0.00002043,2023-10-09 00:00:00.000
1696838400000,8,-0.00010232,2023-10-09 08:00:00.000
1696867200000,8,-0.00008685,2023-10-09 16:00:00.000
1696896000000,8,-0.00026515,2023-10-10 00:00:00.000
1696924800000,8,-0.00011672,2023-10-10 08:00:00.000
1696953600000,8,-0.00004739,2023-10-10 16:00:00.000
1696982400000,8,-0.00008746,2023-10-11 00:00:00.000
1697011200000,8,-0.00001270,2023-10-11 08:00:00.000
1697040000000,8,-0.00010217,2023-10-11 16:00:00.000
1697068800000,8,-0.00005206,2023-10-12 00:00:00.000
1697097600000,8,0.00005051,2023-10-12 08:00:00.000
1697126400000,8,-0.00004469,2023-10-12 16:00:00.000
1697155200000,8,-0.00004739,2023-10-13 00:00:00.000
1697184000000,8,-0.00007419,2023-10-13 08:00:00.000
1697212800000,8,-0.00007301,2023-10-13 16:00:00.000
1697241600000,8,-0.00015669,2023-10-14 00:00:00.000
1697270400000,8,-0.00034520,2023-10-14 08:00:00.000
1697299200000,8,-0.00004015,2023-10-14 16:00:00.000
1697328000000,8,-0.00007073,2023-10-15 00:00:00.000
1697356800000,8,-0.00000129,2023-10-15 08:00:00.000
1697385600000,8,0.00002222,2023-10-15 16:00:00.000
1697414400000,8,-0.00010829,2023-10-16 00:00:00.000
1697443200000,8,-0.00006321,2023-10-16 08:00:00.000
1697472000000,8,-0.00013087,2023-10-16 16:00:00.000
1697500800000,8,0.00000845,2023-10-17 00:00:00.000
1697529600000,8,-0.00014135,2023-10-17 08:00:00.000
1697558400000,8,0.00002264,2023-10-17 16:00:00.000
1697587200000,8,0.00007478,2023-10-18 00:00:00.000
1697616000000,8,-0.00002937,2023-10-18 08:00:00.000
1697644800000,8,0.00009438,2023-10-18 16:00:00.000
1697673600000,8,0.00001267,2023-10-19 00:00:00.000
1697702400001,8,-0.00010177,2023-10-19 08:00:00.001
1697731200000,8,-0.00018428,2023-10-19 16:00:00.000
1697760000000,8,-0.00001420,2023-10-20 00:00:00.000
1697788800005,8,-0.00060231,2023-10-20 08:00:00.005
1697817600000,8,-0.00000618,2023-10-20 16:00:00.000
1697846400000,8,-0.00008888,2023-10-21 00:00:00.000
1697875200000,8,-0.00009934,2023-10-21 08:00:00.000
1697904000000,8,0.00006969,2023-10-21 16:00:00.000
1697932800000,8,-0.00009897,2023-10-22 00:00:00.000
1697961600000,8,-0.00004073,2023-10-22 08:00:00.000
1697990400000,8,0.00005080,2023-10-22 16:00:00.000
1698019200000,8,0.00000237,2023-10-23 00:00:00.000
1698048000001,8,-0.00000229,2023-10-23 08:00:00.001
1698076800001,8,0.00001601,2023-10-23 16:00:00.001
1698105600000,8,0.00010000,2023-10-24 00:00:00.000
1698134400000,8,0.00010000,2023-10-24 08:00:00.000
1698163200000,8,0.00010000,2023-10-24 16:00:00.000
1698192000000,8,0.00010000,2023-10-25 00:00:00.000
1698220800000,8,0.00010000,2023-10-25 08:00:00.000
1698249600001,8,0.00010000,2023-10-25 16:00:00.001
1698278400001,8,0.00010000,2023-10-26 00:00:00.001
1698307200000,8,0.00010000,2023-10-26 08:00:00.000
1698336000000,8,0.00004969,2023-10-26 16:00:00.000
1698364800000,8,0.00010000,2023-10-27 00:00:00.000
1698393600000,8,0.00010000,2023-10-27 08:00:00.000
1698422400000,8,0.00010000,2023-10-27 16:00:00.000
1698451200000,8,0.00010000,2023-10-28 00:00:00.000
1698480000001,8,0.00010000,2023-10-28 08:00:00.001
1698508800000,8,0.00010000,2023-10-28 16:00:00.000
1698537600000,8,0.00010000,2023-10-29 00:00:00.000
1698566400000,8,0.00010000,2023-10-29 08:00:00.000
1698595200000,8,0.00010000,2023-10-29 16:00:00.000
1698624000000,8,0.00010000,2023-10-30 00:00:00.000
1698652800000,8,0.00009376,2023-10-30 08:00:00.000
1698681600000,8,0.00010000,2023-10-30 16:00:00.000
1698710400001,8,0.00010000,2023-10-31 00:00:00.001
1698739200000,8,0.00010000,2023-10-31 08:00:00.000
1698768000000,8,0.00004712,2023-10-31 16:00:00.000
1698796800000,8,0.00005676,2023-11-01 00:00:00.000
1698825600000,8,-0.00004060,2023-11-01 08:00:00.000
1698854400000,8,-0.00041129,2023-11-01 16:00:00.000
1698883200001,8,0.00010000,2023-11-02 00:00:00.001
1698912000000,8,0.00010000,2023-11-02 08:00:00.000
1698940800000,8,0.00010000,2023-11-02 16:00:00.000
1698969600000,8,0.00010000,2023-11-03 00:00:00.000
1698998400000,8,0.00010000,2023-11-03 08:00:00.000
1699027200000,8,0.00010000,2023-11-03 16:00:00.000
1699056000000,8,0.00010000,2023-11-04 00:00:00.000
1699084800000,8,0.00010000,2023-11-04 08:00:00.000
1699113600000,8,0.00010000,2023-11-04 16:00:00.000
1699142400000,8,0.00010000,2023-11-05 00:00:00.000
1699171200000,8,0.00010000,2023-11-05 08:00:00.000
1699200000000,8,0.00010000,2023-11-05 16:00:00.000
1699228800000,8,0.00010000,2023-11-06 00:00:00.000
1699257600001,8,0.00010000,2023-11-06 08:00:00.001
1699286400000,8,0.00015286,2023-11-06 16:00:00.000
1699315200001,8,0.00010000,2023-11-07 00:00:00.001
1699344000000,8,0.00010000,2023-11-07 08:00:00.000
1699372800000,8,0.00020579,2023-11-07 16:00:00.000
1699401600000,8,0.00017143,2023-11-08 00:00:00.000
1699430400000,8,0.00010000,2023-11-08 08:00:00.000
1699459200000,8,0.00010000,2023-11-08 16:00:00.000
1699488000000,8,0.00010000,2023-11-09 00:00:00.000
1699516800000,8,0.00010000,2023-11-09 08:00:00.000
1699545600000,8,0.00028089,2023-11-09 16:00:00.000
1699574400000,8,0.00010000,2023-11-10 00:00:00.000
1699603200000,8,0.00015368,2023-11-10 08:00:00.000
1699632000000,8,0.00011529,2023-11-10 16:00:00.000
1699660800000,8,0.00010000,2023-11-11 00:00:00.000
1699689600000,8,0.00010000,2023-11-11 08:00:00.000
1699718400000,8,0.00030654,2023-11-11 16:00:00.000
1699747200000,8,0.00051279,2023-11-12 00:00:00.000
1699776000000,8,0.00017231,2023-11-12 08:00:00.000
1699804800001,8,0.00016254,2023-11-12 16:00:00.001
1699833600000,8,0.00050694,2023-11-13 00:00:00.000
1699862400000,8,0.00033025,2023-11-13 08:00:00.000
1699891200000,8,0.00010000,2023-11-13 16:00:00.000
1699920000000,8,0.00047225,2023-11-14 00:00:00.000
1699948800000,8,0.00010000,2023-11-14 08:00:00.000
1699977600001,8,0.00027352,2023-11-14 16:00:00.001
1700006400000,8,0.00012356,2023-11-15 00:00:00.000
1700035200000,8,0.00010903,2023-11-15 08:00:00.000
1700064000000,8,0.00026624,2023-11-15 16:00:00.000
1700092800000,8,0.00031874,2023-11-16 00:00:00.000
1700121600000,8,0.00014572,2023-11-16 08:00:00.000
1700150400001,8,0.00030150,2023-11-16 16:00:00.001
1700179200000,8,0.00010000,2023-11-17 00:00:00.000
1700208000001,8,0.00010000,2023-11-17 08:00:00.001
1700236800001,8,0.00010000,2023-11-17 16:00:00.001
1700265600000,8,0.00010000,2023-11-18 00:00:00.000
1700294400000,8,0.00010000,2023-11-18 08:00:00.000
1700323200000,8,0.00010000,2023-11-18 16:00:00.000
1700352000000,8,0.00010000,2023-11-19 00:00:00.000
1700380800000,8,0.00010000,2023-11-19 08:00:00.000
1700409600000,8,0.00010000,2023-11-19 16:00:00.000
1700438400000,8,0.00010000,2023-11-20 00:00:00.000
1700467200000,8,0.00010000,2023-11-20 08:00:00.000
1700496000000,8,0.00010000,2023-11-20 16:00:00.000
1700524800000,8,0.00010000,2023-11-21 00:00:00.000
1700553600000,8,0.00010000,2023-11-21 08:00:00.000
1700582400000,8,0.00010000,2023-11-21 16:00:00.000
1700611200000,8,0.00010000,2023-11-22 00:00:00.000
1700640000000,8,0.00010000,2023-11-22 08:00:00.000
1700668800000,8,0.00010000,2023-11-22 16:00:00.000
1700697600000,8,0.00010000,2023-11-23 00:00:00.000
1700726400000,8,0.00010000,2023-11-23 08:00:00.000
1700755200001,8,0.00010000,2023-11-23 16:00:00.001
1700784000000,8,0.00010000,2023-11-24 00:00:00.000
1700812800000,8,0.00010000,2023-11-24 08:00:00.000
1700841600000,8,0.00010000,2023-11-24 16:00:00.000
1700870400000,8,0.00010000,2023-11-25 00:00:00.000
1700899200000,8,0.00010000,2023-11-25 08:00:00.000
1700928000000,8,0.00010000,2023-11-25 16:00:00.000
1700956800000,8,0.00010000,2023-11-26 00:00:00.000
1700985600000,8,0.00010000,2023-11-26 08:00:00.000
1701014400000,8,0.00010000,2023-11-26 16:00:00.000
1701043200000,8,0.00010000,2023-11-27 00:00:00.000
1701072000001,8,0.00010000,2023-11-27 08:00:00.001
1701100800000,8,0.00010000,2023-11-27 16:00:00.000
1701129600000,8,0.00010000,2023-11-28 00:00:00.000
1701158400000,8,0.00010000,2023-11-28 08:00:00.000
1701187200000,8,0.00010000,2023-11-28 16:00:00.000
1701216000001,8,0.00010000,2023-11-29 00:00:00.001
1701244800000,8,0.00010000,2023-11-29 08:00:00.000
1701273600000,8,0.00010000,2023-11-29 16:00:00.000
1701302400000,8,0.00010000,2023-11-30 00:00:00.000
1701331200000,8,0.00010000,2023-11-30 08:00:00.000
1701360000000,8,0.00010000,2023-11-30 16:00:00.000
1701388800000,8,0.00010000,2023-12-01 00:00:00.000
1701417600000,8,0.00010000,2023-12-01 08:00:00.000
1701446400000,8,0.00010000,2023-12-01 16:00:00.000
1701475200000,8,0.00010000,2023-12-02 00:00:00.000
1701504000000,8,0.00030174,2023-12-02 08:00:00.000
1701532800000,8,0.00010000,2023-12-02 16:00:00.000
1701561600000,8,0.00010000,2023-12-03 00:00:00.000
1701590400000,8,0.00020381,2023-12-03 08:00:00.000
1701619200000,8,0.00018264,2023-12-03 16:00:00.000
1701648000000,8,0.00010000,2023-12-04 00:00:00.000
1701676800000,8,0.00053853,2023-12-04 08:00:00.000
1701705600000,8,0.00010000,2023-12-04 16:00:00.000
1701734400000,8,0.00010000,2023-12-05 00:00:00.000
1701763200000,8,0.00010000,2023-12-05 08:00:00.000
1701792000000,8,0.00010000,2023-12-05 16:00:00.000
1701820800000,8,0.00025226,2023-12-06 00:00:00.000
1701849600000,8,0.00045867,2023-12-06 08:00:00.000
1701878400000,8,0.00011861,2023-12-06 16:00:00.000
1701907200000,8,0.00010000,2023-12-07 00:00:00.000
1701936000000,8,0.00010000,2023-12-07 08:00:00.000
1701964800000,8,0.00036868,2023-12-07 16:00:00.000
1701993600000,8,0.00061268,2023-12-08 00:00:00.000
1702022400000,8,0.00024053,2023-12-08 08:00:00.000
1702051200000,8,0.00020330,2023-12-08 16:00:00.000
1702080000000,8,0.00032215,2023-12-09 00:00:00.000
1702108800000,8,0.00039400,2023-12-09 08:00:00.000
1702137600000,8,0.00010000,2023-12-09 16:00:00.000
1702166400000,8,0.00025874,2023-12-10 00:00:00.000
1702195200000,8,0.00037686,2023-12-10 08:00:00.000
1702224000000,8,0.00020175,2023-12-10 16:00:00.000
1702252800000,8,0.00027221,2023-12-11 00:00:00.000
1702281600000,8,0.00010000,2023-12-11 08:00:00.000
1702310400000,8,0.00010000,2023-12-11 16:00:00.000
1702339200000,8,0.00023316,2023-12-12 00:00:00.000
1702368000000,8,0.00011574,2023-12-12 08:00:00.000
1702396800000,8,0.00011972,2023-12-12 16:00:00.000
1702425600000,8,0.00010000,2023-12-13 00:00:00.000
1702454400000,8,0.00010000,2023-12-13 08:00:00.000
1702483200001,8,0.00010000,2023-12-13 16:00:00.001
1702512000000,8,0.00010000,2023-12-14 00:00:00.000
1702540800000,8,0.00010000,2023-12-14 08:00:00.000
1702569600000,8,0.00010000,2023-12-14 16:00:00.000
1702598400000,8,0.00016198,2023-12-15 00:00:00.000
1702627200000,8,0.00016880,2023-12-15 08:00:00.000
1702656000000,8,0.00032874,2023-12-15 16:00:00.000
1702684800000,8,0.00010000,2023-12-16 00:00:00.000
1702713600000,8,0.00010000,2023-12-16 08:00:00.000
1702742400001,8,0.00010000,2023-12-16 16:00:00.001
1702771200000,8,0.00010000,2023-12-17 00:00:00.000
1702800000000,8,0.00010000,2023-12-17 08:00:00.000
1702828800000,8,0.00010000,2023-12-17 16:00:00.000
1702857600000,8,0.00010000,2023-12-18 00:00:00.000
1702886400001,8,0.00010000,2023-12-18 08:00:00.001
1702915200000,8,0.00010000,2023-12-18 16:00:00.000
1702944000000,8,0.00010000,2023-12-19 00:00:00.000
1702972800000,8,0.00010000,2023-12-19 08:00:00.000
1703001600000,8,0.00010330,2023-12-19 16:00:00.000
1703030400000,8,0.00010000,2023-12-20 00:00:00.000
1703059200000,8,0.00028564,2023-12-20 08:00:00.000
1703088000000,8,0.00018812,2023-12-20 16:00:00.000
1703116800000,8,0.00010000,2023-12-21 00:00:00.000
1703145600000,8,0.00010000,2023-12-21 08:00:00.000
1703174400000,8,0.00010000,2023-12-21 16:00:00.000
1703203200000,8,0.00031152,2023-12-22 00:00:00.000
1703232000000,8,0.00036827,2023-12-22 08:00:00.000
1703260800000,8,0.00012814,2023-12-22 16:00:00.000
1703289600000,8,0.00010000,2023-12-23 00:00:00.000
1703318400001,8,0.00018694,2023-12-23 08:00:00.001
1703347200000,8,0.00010000,2023-12-23 16:00:00.000
1703376000000,8,0.00034505,2023-12-24 00:00:00.000
1703404800000,8,0.00025777,2023-12-24 08:00:00.000
1703433600000,8,0.00012453,2023-12-24 16:00:00.000
1703462400000,8,0.00019130,2023-12-25 00:00:00.000
1703491200000,8,0.00018571,2023-12-25 08:00:00.000
1703520000000,8,0.00063964,2023-12-25 16:00:00.000
1703548800000,8,0.00029627,2023-12-26 00:00:00.000
1703577600000,8,0.00012594,2023-12-26 08:00:00.000
1703606400000,8,0.00014423,2023-12-26 16:00:00.000
1703635200000,8,0.00010000,2023-12-27 00:00:00.000
1703664000000,8,0.00041146,2023-12-27 08:00:00.000
1703692800000,8,0.00067699,2023-12-27 16:00:00.000
1703721600000,8,0.00053993,2023-12-28 00:00:00.000
1703750400000,8,0.00086297,2023-12-28 08:00:00.000
1703779200000,8,0.00084399,2023-12-28 16:00:00.000
1703808000001,8,0.00050327,2023-12-29 00:00:00.001
1703836800000,8,0.00040365,2023-12-29 08:00:00.000
1703865600000,8,0.00044869,2023-12-29 16:00:00.000
1703894400001,8,0.00046726,2023-12-30 00:00:00.001
1703923200000,8,0.00024082,2023-12-30 08:00:00.000
1703952000000,8,0.00030813,2023-12-30 16:00:00.000
1703980800000,8,0.00034362,2023-12-31 00:00:00.000
1704009600001,8,0.00052654,2023-12-31 08:00:00.001
1704038400000,8,0.00041035,2023-12-31 16:00:00.000
1704067200000,8,0.00022410,2024-01-01 00:00:00.000
1704096000000,8,0.00032989,2024-01-01 08:00:00.000
1704124800000,8,0.00051477,2024-01-01 16:00:00.000
1704153600000,8,0.00057513,2024-01-02 00:00:00.000
1704182400000,8,0.00046798,2024-01-02 08:00:00.000
1704211200000,8,0.00096801,2024-01-02 16:00:00.000
1704240000000,8,0.00032289,2024-01-03 00:00:00.000
1704268800000,8,0.00013468,2024-01-03 08:00:00.000
1704297600000,8,0.00010000,2024-01-03 16:00:00.000
1704326400000,8,0.00010000,2024-01-04 00:00:00.000
1704355200000,8,0.00010000,2024-01-04 08:00:00.000
1704384000000,8,0.00010000,2024-01-04 16:00:00.000
1704412800001,8,0.00010000,2024-01-05 00:00:00.001
1704441600000,8,0.00010000,2024-01-05 08:00:00.000
1704470400000,8,0.00010000,2024-01-05 16:00:00.000
1704499200000,8,0.00010000,2024-01-06 00:00:00.000
1704528000000,8,0.00010000,2024-01-06 08:00:00.000
1704556800000,8,0.00010000,2024-01-06 16:00:00.000
1704585600000,8,0.00010000,2024-01-07 00:00:00.000
1704614400001,8,0.00010000,2024-01-07 08:00:00.001
1704643200001,8,0.00010000,2024-01-07 16:00:00.001
1704672000000,8,0.00010000,2024-01-08 00:00:00.000
1704700800000,8,0.00010000,2024-01-08 08:00:00.000
1704729600000,8,0.00010000,2024-01-08 16:00:00.000
1704758400001,8,0.00010000,2024-01-09 00:00:00.001
1704787200000,8,0.00010000,2024-01-09 08:00:00.000
1704816000000,8,0.00010000,2024-01-09 16:00:00.000
1704844800000,8,0.00010000,2024-01-10 00:00:00.000
1704873600000,8,0.00010000,2024-01-10 08:00:00.000
1704902400000,8,0.00010000,2024-01-10 16:00:00.000
1704931200000,8,0.00010000,2024-01-11 00:00:00.000
1704960000000,8,0.00010000,2024-01-11 08:00:00.000
1704988800000,8,0.00010000,2024-01-11 16:00:00.000
1705017600001,8,0.00010000,2024-01-12 00:00:00.001
1705046400000,8,0.00010000,2024-01-12 08:00:00.000
1705075200000,8,0.00010000,2024-01-12 16:00:00.000
1705104000000,8,0.00010000,2024-01-13 00:00:00.000
1705132800000,8,0.00010000,2024-01-13 08:00:00.000
1705161600001,8,0.00010000,2024-01-13 16:00:00.001
1705190400000,8,0.00010000,2024-01-14 00:00:00.000
1705219200000,8,0.00010000,2024-01-14 08:00:00.000
1705248000001,8,0.00010000,2024-01-14 16:00:00.001
1705276800000,8,0.00010000,2024-01-15 00:00:00.000
1705305600000,8,0.00010000,2024-01-15 08:00:00.000
1705334400000,8,0.00010000,2024-01-15 16:00:00.000
1705363200000,8,0.00010000,2024-01-16 00:00:00.000
1705392000000,8,0.00010000,2024-01-16 08:00:00.000
1705420800001,8,0.00010000,2024-01-16 16:00:00.001
1705449600000,8,0.00010000,2024-01-17 00:00:00.000
1705478400000,8,0.00010000,2024-01-17 08:00:00.000
1705507200000,8,0.00010000,2024-01-17 16:00:00.000
1705536000001,8,0.00010000,2024-01-18 00:00:00.001
1705564800000,8,0.00010000,2024-01-18 08:00:00.000
1705593600000,8,0.00010000,2024-01-18 16:00:00.000
1705622400000,8,0.00010000,2024-01-19 00:00:00.000
1705651200000,8,0.00010000,2024-01-19 08:00:00.000
1705680000002,8,0.00010000,2024-01-19 16:00:00.002
1705708800000,8,0.00010000,2024-01-20 00:00:00.000
1705737600003,8,0.00010000,2024-01-20 08:00:00.003
1705766400000,8,0.00010000,2024-01-20 16:00:00.000
1705795200000,8,0.00010000,2024-01-21 00:00:00.000
1705824000000,8,0.00010000,2024-01-21 08:00:00.000
1705852800000,8,0.00010000,2024-01-21 16:00:00.000
1705881600000,8,0.00010000,2024-01-22 00:00:00.000
1705910400000,8,0.00010000,2024-01-22 08:00:00.000
1705939200000,8,0.00010000,2024-01-22 16:00:00.000
1705968000000,8,0.00010000,2024-01-23 00:00:00.000
1705996800000,8,0.00010000,2024-01-23 08:00:00.000
1706025600000,8,0.00010000,2024-01-23 16:00:00.000
1706054400000,8,0.00010000,2024-01-24 00:00:00.000
1706083200000,8,0.00010000,2024-01-24 08:00:00.000
1706112000000,8,0.00010000,2024-01-24 16:00:00.000
1706140800000,8,0.00010000,2024-01-25 00:00:00.000
1706169600001,8,0.00010000,2024-01-25 08:00:00.001
1706198400000,8,0.00010000,2024-01-25 16:00:00.000
1706227200001,8,0.00010000,2024-01-26 00:00:00.001
1706256000000,8,0.00010000,2024-01-26 08:00:00.000
1706284800000,8,0.00007999,2024-01-26 16:00:00.000
1706313600000,8,0.00010000,2024-01-27 00:00:00.000
1706342400000,8,0.00010000,2024-01-27 08:00:00.000
1706371200000,8,0.00010000,2024-01-27 16:00:00.000
1706400000000,8,0.00008902,2024-01-28 00:00:00.000
1706428800000,8,0.00002568,2024-01-28 08:00:00.000
1706457600000,8,0.00010000,2024-01-28 16:00:00.000
1706486400000,8,0.00010000,2024-01-29 00:00:00.000
1706515200001,8,0.00003929,2024-01-29 08:00:00.001
1706544000000,8,0.00010000,2024-01-29 16:00:00.000
1706572800000,8,0.00010000,2024-01-30 00:00:00.000
1706601600000,8,0.00004333,2024-01-30 08:00:00.000
1706630400001,8,0.00010000,2024-01-30 16:00:00.001
1706659200000,8,0.00010000,2024-01-31 00:00:00.000
1706688000000,8,0.00005702,2024-01-31 08:00:00.000
1706716800000,8,0.00010000,2024-01-31 16:00:00.000
1706745600000,8,0.00005150,2024-02-01 00:00:00.000
1706774400000,8,0.00010000,2024-02-01 08:00:00.000
1706803200002,8,0.00007451,2024-02-01 16:00:00.002
1706832000000,8,0.00010000,2024-02-02 00:00:00.000
1706860800000,8,0.00010000,2024-02-02 08:00:00.000
1706889600000,8,0.00010000,2024-02-02 16:00:00.000
1706918400000,8,0.00010000,2024-02-03 00:00:00.000
1706947200000,8,0.00009726,2024-02-03 08:00:00.000
1706976000001,8,0.00010000,2024-02-03 16:00:00.001
1707004800000,8,0.00010000,2024-02-04 00:00:00.000
1707033600004,8,0.00010000,2024-02-04 08:00:00.004
1707062400000,8,0.00010000,2024-02-04 16:00:00.000
1707091200000,8,0.00010000,2024-02-05 00:00:00.000
1707120000000,8,0.00010000,2024-02-05 08:00:00.000
1707148800000,8,0.00010000,2024-02-05 16:00:00.000
1707177600000,8,0.00005616,2024-02-06 00:00:00.000
1707206400001,8,0.00010000,2024-02-06 08:00:00.001
1707235200000,8,0.00010000,2024-02-06 16:00:00.000
1707264000000,8,0.00010000,2024-02-07 00:00:00.000
1707292800000,8,0.00010000,2024-02-07 08:00:00.000
1707321600000,8,0.00010000,2024-02-07 16:00:00.000
1707350400000,8,0.00010000,2024-02-08 00:00:00.000
1707379200000,8,0.00010000,2024-02-08 08:00:00.000
1707408000000,8,0.00010000,2024-02-08 16:00:00.000
1707436800000,8,0.00007069,2024-02-09 00:00:00.000
1707465600000,8,0.00003075,2024-02-09 08:00:00.000
1707494400001,8,0.00010000,2024-02-09 16:00:00.001
1707523200001,8,0.00010000,2024-02-10 00:00:00.001
1707552000000,8,0.00010000,2024-02-10 08:00:00.000
1707580800000,8,0.00010000,2024-02-10 16:00:00.000
1707609600000,8,0.00010000,2024-02-11 00:00:00.000
1707638400001,8,0.00010000,2024-02-11 08:00:00.001
1707667200000,8,0.00010000,2024-02-11 16:00:00.000
1707696000000,8,0.00010000,2024-02-12 00:00:00.000
1707724800000,8,0.00010000,2024-02-12 08:00:00.000
1707753600000,8,0.00010000,2024-02-12 16:00:00.000
1707782400000,8,0.00010000,2024-02-13 00:00:00.000
1707811200000,8,0.00014166,2024-02-13 08:00:00.000
1707840000000,8,0.00010000,2024-02-13 16:00:00.000
1707868800000,8,0.00010000,2024-02-14 00:00:00.000
1707897600000,8,0.00010000,2024-02-14 08:00:00.000
1707926400000,8,0.00029225,2024-02-14 16:00:00.000
1707955200000,8,0.00013572,2024-02-15 00:00:00.000
1707984000000,8,0.00015932,2024-02-15 08:00:00.000
1708012800000,8,0.00012000,2024-02-15 16:00:00.000
1708041600000,8,0.00022371,2024-02-16 00:00:00.000
1708070400000,8,0.00032087,2024-02-16 08:00:00.000
1708099200000,8,0.00016914,2024-02-16 16:00:00.000
1708128000000,8,0.00017661,2024-02-17 00:00:00.000
1708156800000,8,0.00042046,2024-02-17 08:00:00.000
1708185600000,8,0.00028279,2024-02-17 16:00:00.000
1708214400000,8,0.00022777,2024-02-18 00:00:00.000
1708243200000,8,0.00019395,2024-02-18 08:00:00.000
1708272000000,8,0.00022192,2024-02-18 16:00:00.000
1708300800000,8,0.00030230,2024-02-19 00:00:00.000
1708329600000,8,0.00029566,2024-02-19 08:00:00.000
1708358400000,8,0.00031944,2024-02-19 16:00:00.000
1708387200000,8,0.00047470,2024-02-20 00:00:00.000
1708416000000,8,0.00029934,2024-02-20 08:00:00.000
1708444800000,8,0.00031742,2024-02-20 16:00:00.000
1708473600000,8,0.00016255,2024-02-21 00:00:00.000
1708502400000,8,0.00025310,2024-02-21 08:00:00.000
1708531200000,8,0.00017730,2024-02-21 16:00:00.000
1708560000001,8,0.00016351,2024-02-22 00:00:00.001
1708588800001,8,0.00021049,2024-02-22 08:00:00.001
1708617600000,8,0.00018339,2024-02-22 16:00:00.000
1708646400000,8,0.00026289,2024-02-23 00:00:00.000
1708675200000,8,0.00032841,2024-02-23 08:00:00.000
1708704000000,8,0.00016957,2024-02-23 16:00:00.000
1708732800000,8,0.00027113,2024-02-24 00:00:00.000
1708761600001,8,0.00033132,2024-02-24 08:00:00.001
1708790400000,8,0.00026230,2024-02-24 16:00:00.000
1708819200001,8,0.00027207,2024-02-25 00:00:00.001
1708848000000,8,0.00041614,2024-02-25 08:00:00.000
1708876800000,8,0.00042645,2024-02-25 16:00:00.000
1708905600000,8,0.00055329,2024-02-26 00:00:00.000
1708934400000,8,0.00055349,2024-02-26 08:00:00.000
1708963200000,8,0.00038701,2024-02-26 16:00:00.000
1708992000000,8,0.00060184,2024-02-27 00:00:00.000
1709020800000,8,0.00069189,2024-02-27 08:00:00.000
1709049600000,8,0.00051508,2024-02-27 16:00:00.000
1709078400000,8,0.00032603,2024-02-28 00:00:00.000
1709107200000,8,0.00040753,2024-02-28 08:00:00.000
1709136000000,8,0.00078549,2024-02-28 16:00:00.000
1709164800000,8,0.00089000,2024-02-29 00:00:00.000
1709193600000,8,0.00098885,2024-02-29 08:00:00.000
1709222400000,8,0.00081567,2024-02-29 16:00:00.000
1709251200000,8,0.00060436,2024-03-01 00:00:00.000
1709280000000,8,0.00061591,2024-03-01 08:00:00.000
1709308800000,8,0.00066424,2024-03-01 16:00:00.000
1709337600000,8,0.00073268,2024-03-02 00:00:00.000
1709366400001,8,0.00075500,2024-03-02 08:00:00.001
1709395200000,8,0.00063147,2024-03-02 16:00:00.000
1709424000000,8,0.00076414,2024-03-03 00:00:00.000
1709452800000,8,0.00054160,2024-03-03 08:00:00.000
1709481600000,8,0.00058338,2024-03-03 16:00:00.000
1709510400000,8,0.00070533,2024-03-04 00:00:00.000
1709539200000,8,0.00072401,2024-03-04 08:00:00.000
1709568000000,8,0.00073074,2024-03-04 16:00:00.000
1709596800000,8,0.00071628,2024-03-05 00:00:00.000
1709625600000,8,0.00119261,2024-03-05 08:00:00.000
1709654400000,8,0.00114560,2024-03-05 16:00:00.000
1709683200000,8,0.00010000,2024-03-06 00:00:00.000
1709712000001,8,0.00036233,2024-03-06 08:00:00.001
1709740800000,8,0.00038317,2024-03-06 16:00:00.000
1709769600000,8,0.00038906,2024-03-07 00:00:00.000
1709798400000,8,0.00054339,2024-03-07 08:00:00.000
1709827200000,8,0.00052411,2024-03-07 16:00:00.000
1709856000000,8,0.00059435,2024-03-08 00:00:00.000
1709884800000,8,0.00055843,2024-03-08 08:00:00.000
1709913600000,8,0.00053032,2024-03-08 16:00:00.000
1709942400000,8,0.00048054,2024-03-09 00:00:00.000
1709971200001,8,0.00029228,2024-03-09 08:00:00.001
1710000000000,8,0.00044156,2024-03-09 16:00:00.000
1710028800000,8,0.00040915,2024-03-10 00:00:00.000
1710057600000,8,0.00084919,2024-03-10 08:00:00.000
1710086400000,8,0.00033129,2024-03-10 16:00:00.000
1710115200000,8,0.00023257,2024-03-11 00:00:00.000
1710144000000,8,0.00066664,2024-03-11 08:00:00.000
1710172800000,8,0.00081096,2024-03-11 16:00:00.000
1710201600000,8,0.00071463,2024-03-12 00:00:00.000
1710230400000,8,0.00073858,2024-03-12 08:00:00.000
1710259200000,8,0.00055607,2024-03-12 16:00:00.000
1710288000000,8,0.00064251,2024-03-13 00:00:00.000
1710316800001,8,0.00069679,2024-03-13 08:00:00.001
1710345600000,8,0.00064562,2024-03-13 16:00:00.000
1710374400001,8,0.00052670,2024-03-14 00:00:00.001
1710403200000,8,0.00051830,2024-03-14 08:00:00.000
1710432000000,8,0.00052725,2024-03-14 16:00:00.000
1710460800000,8,0.00063046,2024-03-15 00:00:00.000
1710489600000,8,0.00034279,2024-03-15 08:00:00.000
1710518400000,8,0.00027460,2024-03-15 16:00:00.000
1710547200000,8,0.00014955,2024-03-16 00:00:00.000
1710576000000,8,0.00020435,2024-03-16 08:00:00.000
1710604800000,8,0.00015327,2024-03-16 16:00:00.000
1710633600000,8,0.00014108,2024-03-17 00:00:00.000
1710662400000,8,0.00010000,2024-03-17 08:00:00.000
1710691200000,8,0.00030858,2024-03-17 16:00:00.000
1710720000000,8,0.00033129,2024-03-18 00:00:00.000
1710748800000,8,0.00028956,2024-03-18 08:00:00.000
1710777600001,8,0.00018996,2024-03-18 16:00:00.001
1710806400000,8,0.00020920,2024-03-19 00:00:00.000
1710835200000,8,0.00020307,2024-03-19 08:00:00.000
1710864000001,8,0.00010000,2024-03-19 16:00:00.001
1710892800000,8,0.00018828,2024-03-20 00:00:00.000
1710921600004,8,0.00018831,2024-03-20 08:00:00.004
1710950400000,8,0.00010917,2024-03-20 16:00:00.000
1710979200000,8,0.00015928,2024-03-21 00:00:00.000
1711008000000,8,0.00030752,2024-03-21 08:00:00.000
1711036800000,8,0.00014524,2024-03-21 16:00:00.000
1711065600000,8,0.00014092,2024-03-22 00:00:00.000
1711094400000,8,0.00014802,2024-03-22 08:00:00.000
1711123200000,8,0.00016161,2024-03-22 16:00:00.000
1711152000000,8,0.00015244,2024-03-23 00:00:00.000
1711180800000,8,0.00015091,2024-03-23 08:00:00.000
1711209600000,8,0.00016841,2024-03-23 16:00:00.000
1711238400000,8,0.00017713,2024-03-24 00:00:00.000
1711267200000,8,0.00015435,2024-03-24 08:00:00.000
1711296000000,8,0.00025686,2024-03-24 16:00:00.000
1711324800000,8,0.00021466,2024-03-25 00:00:00.000
1711353600001,8,0.00017494,2024-03-25 08:00:00.001
1711382400000,8,0.00020373,2024-03-25 16:00:00.000
1711411200000,8,0.00039207,2024-03-26 00:00:00.000
1711440000000,8,0.00020767,2024-03-26 08:00:00.000
1711468800000,8,0.00025173,2024-03-26 16:00:00.000
1711497600000,8,0.00032068,2024-03-27 00:00:00.000
1711526400001,8,0.00040480,2024-03-27 08:00:00.001
1711555200000,8,0.00025221,2024-03-27 16:00:00.000
1711584000000,8,0.00026487,2024-03-28 00:00:00.000
1711612800000,8,0.00039989,2024-03-28 08:00:00.000
1711641600000,8,0.00036742,2024-03-28 16:00:00.000
1711670400000,8,0.00045018,2024-03-29 00:00:00.000
1711699200000,8,0.00035449,2024-03-29 08:00:00.000
1711728000000,8,0.00040773,2024-03-29 16:00:00.000
1711756800000,8,0.00052381,2024-03-30 00:00:00.000
1711785600000,8,0.00055026,2024-03-30 08:00:00.000
1711814400000,8,0.00058211,2024-03-30 16:00:00.000
1711843200000,8,0.00044594,2024-03-31 00:00:00.000
1711872000000,8,0.00046087,2024-03-31 08:00:00.000
1711900800001,8,0.00053015,2024-03-31 16:00:00.001
1711929600000,8,0.00083459,2024-04-01 00:00:00.000
1711958400000,8,0.00044327,2024-04-01 08:00:00.000
1711987200000,8,0.00031429,2024-04-01 16:00:00.000
1712016000007,8,0.00015817,2024-04-02 00:00:00.007
1712044800015,8,0.00010000,2024-04-02 08:00:00.015
1712073600000,8,0.00015893,2024-04-02 16:00:00.000
1712102400000,8,0.00010960,2024-04-03 00:00:00.000
1712131200000,8,0.00010000,2024-04-03 08:00:00.000
1712160000000,8,0.00016154,2024-04-03 16:00:00.000
1712188800000,8,0.00010000,2024-04-04 00:00:00.000
1712217600000,8,0.00010000,2024-04-04 08:00:00.000
1712246400000,8,0.00016815,2024-04-04 16:00:00.000
1712275200000,8,0.00010000,2024-04-05 00:00:00.000
1712304000000,8,0.00010000,2024-04-05 08:00:00.000
1712332800000,8,0.00010000,2024-04-05 16:00:00.000
1712361600000,8,0.00010000,2024-04-06 00:00:00.000
1712390400000,8,0.00010000,2024-04-06 08:00:00.000
1712419200000,8,0.00010000,2024-04-06 16:00:00.000
1712448000000,8,0.00010000,2024-04-07 00:00:00.000
1712476800000,8,0.00010000,2024-04-07 08:00:00.000
1712505600000,8,0.00010000,2024-04-07 16:00:00.000
1712534400001,8,0.00013953,2024-04-08 00:00:00.001
1712563200000,8,0.00025466,2024-04-08 08:00:00.000
1712592000006,8,0.00018234,2024-04-08 16:00:00.006
1712620800000,8,0.00013524,2024-04-09 00:00:00.000
1712649600001,8,0.00012502,2024-04-09 08:00:00.001
1712678400001,8,0.00011397,2024-04-09 16:00:00.001
1712707200000,8,0.00036513,2024-04-10 00:00:00.000
1712736000001,8,0.00031624,2024-04-10 08:00:00.001
1712764800000,8,0.00017163,2024-04-10 16:00:00.000
1712793600000,8,0.00027306,2024-04-11 00:00:00.000
1712822400000,8,0.00024101,2024-04-11 08:00:00.000
1712851200000,8,0.00027676,2024-04-11 16:00:00.000
1712880000000,8,0.00026578,2024-04-12 00:00:00.000
1712908800001,8,0.00029410,2024-04-12 08:00:00.001
1712937600000,8,0.00025596,2024-04-12 16:00:00.000
1712966400000,8,0.00010000,2024-04-13 00:00:00.000
1712995200000,8,0.00010000,2024-04-13 08:00:00.000
1713024000001,8,0.00010000,2024-04-13 16:00:00.001
1713052800000,8,0.00010000,2024-04-14 00:00:00.000
1713081600000,8,0.00010000,2024-04-14 08:00:00.000
1713110400000,8,0.00010000,2024-04-14 16:00:00.000
1713139200000,8,0.00009686,2024-04-15 00:00:00.000
1713168000001,8,-0.00000758,2024-04-15 08:00:00.001
1713196800000,8,0.00006370,2024-04-15 16:00:00.000
1713225600001,8,-0.00005815,2024-04-16 00:00:00.001
1713254400000,8,0.00004459,2024-04-16 08:00:00.000
1713283200000,8,0.00002516,2024-04-16 16:00:00.000
1713312000000,8,-0.00002599,2024-04-17 00:00:00.000
1713340800000,8,0.00000333,2024-04-17 08:00:00.000
1713369600000,8,0.00010000,2024-04-17 16:00:00.000
1713398400000,8,0.00006888,2024-04-18 00:00:00.000
1713427200000,8,0.00007203,2024-04-18 08:00:00.000
1713456000000,8,0.00006590,2024-04-18 16:00:00.000
1713484800001,8,-0.00001667,2024-04-19 00:00:00.001
1713513600000,8,0.00004680,2024-04-19 08:00:00.000
1713542400000,8,0.00002007,2024-04-19 16:00:00.000
1713571200000,8,0.00010000,2024-04-20 00:00:00.000
1713600000000,8,0.00004184,2024-04-20 08:00:00.000
1713628800000,8,0.00006594,2024-04-20 16:00:00.000
1713657600000,8,0.00007055,2024-04-21 00:00:00.000
1713686400000,8,-0.00002982,2024-04-21 08:00:00.000
1713715200000,8,0.00004268,2024-04-21 16:00:00.000
1713744000000,8,0.00003735,2024-04-22 00:00:00.000
1713772800000,8,0.00008512,2024-04-22 08:00:00.000
1713801600000,8,-0.00003018,2024-04-22 16:00:00.000
1713830400000,8,-0.00001270,2024-04-23 00:00:00.000
1713859200000,8,-0.00004214,2024-04-23 08:00:00.000
1713888000001,8,0.00001577,2024-04-23 16:00:00.001
1713916800000,8,0.00000977,2024-04-24 00:00:00.000
1713945600000,8,0.00000643,2024-04-24 08:00:00.000
1713974400000,8,0.00010000,2024-04-24 16:00:00.000
1714003200000,8,0.00010000,2024-04-25 00:00:00.000
1714032000000,8,0.00002239,2024-04-25 08:00:00.000
1714060800010,8,0.00010000,2024-04-25 16:00:00.010
1714089600001,8,0.00006164,2024-04-26 00:00:00.001
1714118400000,8,0.00008426,2024-04-26 08:00:00.000
1714147200000,8,0.00008505,2024-04-26 16:00:00.000
1714176000000,8,0.00005384,2024-04-27 00:00:00.000
1714204800001,8,-0.00002561,2024-04-27 08:00:00.001
1714233600000,8,0.00002358,2024-04-27 16:00:00.000
1714262400000,8,0.00002733,2024-04-28 00:00:00.000
1714291200000,8,0.00003029,2024-04-28 08:00:00.000
1714320000000,8,0.00010000,2024-04-28 16:00:00.000
1714348800000,8,0.00010000,2024-04-29 00:00:00.000
1714377600000,8,0.00010000,2024-04-29 08:00:00.000
1714406400000,8,0.00010000,2024-04-29 16:00:00.000
1714435200000,8,0.00006384,2024-04-30 00:00:00.000
1714464000000,8,0.00010000,2024-04-30 08:00:00.000
1714492800000,8,0.00004102,2024-04-30 16:00:00.000
1714521600000,8,-0.00003566,2024-05-01 00:00:00.000
1714550400000,8,0.00010000,2024-05-01 08:00:00.000
1714579200000,8,0.00009105,2024-05-01 16:00:00.000
1714608000000,8,0.00000378,2024-05-02 00:00:00.000
1714636800000,8,0.00007951,2024-05-02 08:00:00.000
1714665600002,8,0.00003479,2024-05-02 16:00:00.002
1714694400000,8,0.00005799,2024-05-03 00:00:00.000
1714723200000,8,-0.00005326,2024-05-03 08:00:00.000
1714752000000,8,0.00003126,2024-05-03 16:00:00.000
1714780800000,8,-0.00008768,2024-05-04 00:00:00.000
1714809600000,8,0.00001077,2024-05-04 08:00:00.000
1714838400000,8,0.00001309,2024-05-04 16:00:00.000
1714867200000,8,0.00005621,2024-05-05 00:00:00.000
1714896000000,8,0.00008266,2024-05-05 08:00:00.000
1714924800000,8,0.00007548,2024-05-05 16:00:00.000
1714953600000,8,0.00005854,2024-05-06 00:00:00.000
1714982400000,8,0.00005220,2024-05-06 08:00:00.000
1715011200000,8,0.00010000,2024-05-06 16:00:00.000
1715040000000,8,0.00007714,2024-05-07 00:00:00.000
1715068800000,8,-0.00001698,2024-05-07 08:00:00.000
1715097600000,8,0.00002502,2024-05-07 16:00:00.000
1715126400000,8,0.00010000,2024-05-08 00:00:00.000
1715155200000,8,0.00010000,2024-05-08 08:00:00.000
1715184000000,8,0.00010000,2024-05-08 16:00:00.000
1715212800000,8,0.00005327,2024-05-09 00:00:00.000
1715241600000,8,0.00008335,2024-05-09 08:00:00.000
1715270400000,8,0.00007648,2024-05-09 16:00:00.000
1715299200000,8,0.00002012,2024-05-10 00:00:00.000
1715328000000,8,0.00005156,2024-05-10 08:00:00.000
1715356800000,8,0.00010000,2024-05-10 16:00:00.000
1715385600000,8,0.00004734,2024-05-11 00:00:00.000
1715414400000,8,0.00009445,2024-05-11 08:00:00.000
1715443200000,8,0.00005096,2024-05-11 16:00:00.000
1715472000000,8,0.00004613,2024-05-12 00:00:00.000
1715500800000,8,0.00002900,2024-05-12 08:00:00.000
1715529600000,8,0.00006071,2024-05-12 16:00:00.000
1715558400001,8,-0.00000724,2024-05-13 00:00:00.001
1715587200001,8,0.00010000,2024-05-13 08:00:00.001
1715616000000,8,0.00009778,2024-05-13 16:00:00.000
1715644800000,8,0.00010000,2024-05-14 00:00:00.000
1715673600000,8,0.00008969,2024-05-14 08:00:00.000
1715702400000,8,0.00004564,2024-05-14 16:00:00.000
1715731200000,8,0.00001738,2024-05-15 00:00:00.000
1715760000000,8,0.00001895,2024-05-15 08:00:00.000
1715788800000,8,0.00008360,2024-05-15 16:00:00.000
1715817600004,8,0.00010000,2024-05-16 00:00:00.004
1715846400000,8,0.00010000,2024-05-16 08:00:00.000
1715875200000,8,0.00010000,2024-05-16 16:00:00.000
1715904000000,8,0.00007450,2024-05-17 00:00:00.000
1715932800000,8,0.00003361,2024-05-17 08:00:00.000
1715961600000,8,0.00004112,2024-05-17 16:00:00.000
1715990400000,8,0.00004208,2024-05-18 00:00:00.000
1716019200000,8,0.00002883,2024-05-18 08:00:00.000
1716048000000,8,0.00006893,2024-05-18 16:00:00.000
1716076800000,8,0.00003799,2024-05-19 00:00:00.000
1716105600000,8,0.00001875,2024-05-19 08:00:00.000
1716134400000,8,0.00008795,2024-05-19 16:00:00.000
1716163200000,8,0.00010000,2024-05-20 00:00:00.000
1716192000000,8,0.00010000,2024-05-20 08:00:00.000
1716220800003,8,0.00006762,2024-05-20 16:00:00.003
1716249600000,8,0.00010000,2024-05-21 00:00:00.000
1716278400001,8,0.00010000,2024-05-21 08:00:00.001
1716307200000,8,0.00010000,2024-05-21 16:00:00.000
1716336000000,8,0.00010000,2024-05-22 00:00:00.000
1716364800000,8,0.00010000,2024-05-22 08:00:00.000
1716393600000,8,0.00010000,2024-05-22 16:00:00.000
1716422400000,8,0.00010000,2024-05-23 00:00:00.000
1716451200000,8,0.00010000,2024-05-23 08:00:00.000
1716480000000,8,0.00010000,2024-05-23 16:00:00.000
1716508800000,8,0.00010000,2024-05-24 00:00:00.000
1716537600000,8,0.00010000,2024-05-24 08:00:00.000
1716566400000,8,0.00010000,2024-05-24 16:00:00.000
1716595200000,8,0.00010000,2024-05-25 00:00:00.000
1716624000000,8,0.00010000,2024-05-25 08:00:00.000
1716652800000,8,0.00010000,2024-05-25 16:00:00.000
1716681600000,8,0.00010000,2024-05-26 00:00:00.000
1716710400000,8,0.00010000,2024-05-26 08:00:00.000
1716739200000,8,0.00010000,2024-05-26 16:00:00.000
1716768000000,8,0.00010000,2024-05-27 00:00:00.000
1716796800000,8,0.00010000,2024-05-27 08:00:00.000
1716825600000,8,0.00010000,2024-05-27 16:00:00.000
1716854400000,8,0.00010000,2024-05-28 00:00:00.000
1716883200000,8,0.00010000,2024-05-28 08:00:00.000
1716912000000,8,0.00014129,2024-05-28 16:00:00.000
1716940800001,8,0.00018529,2024-05-29 00:00:00.001
1716969600000,8,0.00013729,2024-05-29 08:00:00.000
1716998400000,8,0.00010000,2024-05-29 16:00:00.000
1717027200000,8,0.00010000,2024-05-30 00:00:00.000
1717056000000,8,0.00010000,2024-05-30 08:00:00.000
1717084800000,8,0.00010000,2024-05-30 16:00:00.000
1717113600000,8,0.00010000,2024-05-31 00:00:00.000
1717142400000,8,0.00010000,2024-05-31 08:00:00.000
1717171200000,8,0.00010000,2024-05-31 16:00:00.000
1717200000000,8,0.00016081,2024-06-01 00:00:00.000
1717228800000,8,0.00011764,2024-06-01 08:00:00.000
1717257600001,8,0.00010981,2024-06-01 16:00:00.001
1717286400000,8,0.00016684,2024-06-02 00:00:00.000
1717315200000,8,0.00010000,2024-06-02 08:00:00.000
1717344000000,8,0.00010000,2024-06-02 16:00:00.000
1717372800000,8,0.00012157,2024-06-03 00:00:00.000
1717401600000,8,0.00010832,2024-06-03 08:00:00.000
1717430400000,8,0.00011323,2024-06-03 16:00:00.000
1717459200000,8,0.00015497,2024-06-04 00:00:00.000
1717488000000,8,0.00013282,2024-06-04 08:00:00.000
1717516800000,8,0.00016338,2024-06-04 16:00:00.000
1717545600000,8,0.00021045,2024-06-05 00:00:00.000
1717574400000,8,0.00023899,2024-06-05 08:00:00.000
1717603200000,8,0.00021842,2024-06-05 16:00:00.000
1717632000000,8,0.00016193,2024-06-06 00:00:00.000
1717660800008,8,0.00020255,2024-06-06 08:00:00.008
1717689600000,8,0.00020758,2024-06-06 16:00:00.000
1717718400000,8,0.00010000,2024-06-07 00:00:00.000
1717747200000,8,0.00016418,2024-06-07 08:00:00.000
1717776000000,8,0.00016980,2024-06-07 16:00:00.000
1717804800000,8,0.00010000,2024-06-08 00:00:00.000
1717833600000,8,0.00010000,2024-06-08 08:00:00.000
1717862400000,8,0.00010000,2024-06-08 16:00:00.000
1717891200000,8,0.00010000,2024-06-09 00:00:00.000
1717920000000,8,0.00010000,2024-06-09 08:00:00.000
1717948800001,8,0.00010000,2024-06-09 16:00:00.001
1717977600000,8,0.00010000,2024-06-10 00:00:00.000
1718006400000,8,0.00010000,2024-06-10 08:00:00.000
1718035200001,8,0.00010000,2024-06-10 16:00:00.001
1718064000001,8,0.00010000,2024-06-11 00:00:00.001
1718092800000,8,0.00010000,2024-06-11 08:00:00.000
1718121600000,8,0.00010000,2024-06-11 16:00:00.000
1718150400000,8,0.00010000,2024-06-12 00:00:00.000
1718179200000,8,0.00010000,2024-06-12 08:00:00.000
1718208000000,8,0.00010000,2024-06-12 16:00:00.000
1718236800000,8,0.00010000,2024-06-13 00:00:00.000
1718265600001,8,0.00010000,2024-06-13 08:00:00.001
1718294400000,8,0.00010000,2024-06-13 16:00:00.000
1718323200000,8,0.00010000,2024-06-14 00:00:00.000
1718352000000,8,0.00008277,2024-06-14 08:00:00.000
1718380800000,8,0.00009897,2024-06-14 16:00:00.000
1718409600000,8,0.00010000,2024-06-15 00:00:00.000
1718438400000,8,0.00010000,2024-06-15 08:00:00.000
1718467200000,8,0.00010000,2024-06-15 16:00:00.000
1718496000001,8,0.00010000,2024-06-16 00:00:00.001
1718524800000,8,0.00010000,2024-06-16 08:00:00.000
1718553600000,8,0.00003192,2024-06-16 16:00:00.000
1718582400000,8,0.00010000,2024-06-17 00:00:00.000
1718611200000,8,0.00010000,2024-06-17 08:00:00.000
1718640000000,8,0.00007161,2024-06-17 16:00:00.000
1718668800000,8,0.00007592,2024-06-18 00:00:00.000
1718697600000,8,-0.00008849,2024-06-18 08:00:00.000
1718726400000,8,0.00010000,2024-06-18 16:00:00.000
1718755200001,8,0.00010000,2024-06-19 00:00:00.001
1718784000001,8,0.00004103,2024-06-19 08:00:00.001
1718812800000,8,0.00006996,2024-06-19 16:00:00.000
1718841600000,8,0.00007341,2024-06-20 00:00:00.000
1718870400000,8,0.00001175,2024-06-20 08:00:00.000
1718899200000,8,-0.00002605,2024-06-20 16:00:00.000
1718928000000,8,0.00000876,2024-06-21 00:00:00.000
1718956800000,8,0.00004454,2024-06-21 08:00:00.000
1718985600000,8,0.00004111,2024-06-21 16:00:00.000
1719014400000,8,0.00007060,2024-06-22 00:00:00.000
1719043200000,8,-0.00002362,2024-06-22 08:00:00.000
1719072000000,8,0.00010000,2024-06-22 16:00:00.000
1719100800000,8,0.00007846,2024-06-23 00:00:00.000
1719129600000,8,0.00003933,2024-06-23 08:00:00.000
1719158400000,8,0.00004131,2024-06-23 16:00:00.000
1719187200002,8,0.00010000,2024-06-24 00:00:00.002
1719216000000,8,0.00003318,2024-06-24 08:00:00.000
1719244800000,8,0.00002872,2024-06-24 16:00:00.000
1719273600000,8,0.00001182,2024-06-25 00:00:00.000
1719302400000,8,-0.00003228,2024-06-25 08:00:00.000
1719331200000,8,0.00008255,2024-06-25 16:00:00.000
1719360000002,8,0.00010000,2024-06-26 00:00:00.002
1719388800000,8,0.00010000,2024-06-26 08:00:00.000
1719417600000,8,0.00010000,2024-06-26 16:00:00.000
1719446400000,8,0.00010000,2024-06-27 00:00:00.000
1719475200001,8,0.00010000,2024-06-27 08:00:00.001
1719504000000,8,0.00010000,2024-06-27 16:00:00.000
1719532800000,8,0.00010000,2024-06-28 00:00:00.000
1719561600000,8,0.00008707,2024-06-28 08:00:00.000
1719590400000,8,0.00009286,2024-06-28 16:00:00.000
1719619200001,8,0.00010000,2024-06-29 00:00:00.001
1719648000000,8,0.00010000,2024-06-29 08:00:00.000
1719676800000,8,0.00010000,2024-06-29 16:00:00.000
1719705600000,8,0.00010000,2024-06-30 00:00:00.000
1719734400000,8,0.00010000,2024-06-30 08:00:00.000
1719763200000,8,0.00010000,2024-06-30 16:00:00.000
1719792000000,8,0.00008734,2024-07-01 00:00:00.000
1719820800000,8,0.00005816,2024-07-01 08:00:00.000
1719849600001,8,0.00010000,2024-07-01 16:00:00.001
1719878400000,8,0.00010000,2024-07-02 00:00:00.000
1719907200000,8,0.00007576,2024-07-02 08:00:00.000
1719936000000,8,0.00002759,2024-07-02 16:00:00.000
1719964800000,8,0.00010000,2024-07-03 00:00:00.000
1719993600001,8,0.00010000,2024-07-03 08:00:00.001
1720022400000,8,0.00010000,2024-07-03 16:00:00.000
1720051200000,8,0.00010000,2024-07-04 00:00:00.000
1720080000000,8,0.00008877,2024-07-04 08:00:00.000
1720108800000,8,0.00004970,2024-07-04 16:00:00.000
1720137600000,8,-0.00000947,2024-07-05 00:00:00.000
1720166400000,8,0.00005210,2024-07-05 08:00:00.000
1720195200000,8,-0.00011390,2024-07-05 16:00:00.000
1720224000000,8,0.00007350,2024-07-06 00:00:00.000
1720252800000,8,0.00004265,2024-07-06 08:00:00.000
1720281600000,8,-0.00012992,2024-07-06 16:00:00.000
1720310400001,8,0.00000352,2024-07-07 00:00:00.001
1720339200000,8,0.00010000,2024-07-07 08:00:00.000
1720368000000,8,0.00010000,2024-07-07 16:00:00.000
1720396800000,8,0.00010000,2024-07-08 00:00:00.000
1720425600000,8,-0.00005629,2024-07-08 08:00:00.000
1720454400000,8,0.00010000,2024-07-08 16:00:00.000
1720483200000,8,0.00010000,2024-07-09 00:00:00.000
1720512000001,8,0.00005602,2024-07-09 08:00:00.001
1720540800000,8,0.00004220,2024-07-09 16:00:00.000
1720569600000,8,0.00008780,2024-07-10 00:00:00.000
1720598400000,8,0.00008961,2024-07-10 08:00:00.000
1720627200000,8,0.00007406,2024-07-10 16:00:00.000
1720656000002,8,0.00010000,2024-07-11 00:00:00.002
1720684800002,8,0.00002205,2024-07-11 08:00:00.002
1720713600004,8,-0.00001433,2024-07-11 16:00:00.004
1720742400000,8,0.00010000,2024-07-12 00:00:00.000
1720771200000,8,0.00004566,2024-07-12 08:00:00.000
1720800000000,8,-0.00001079,2024-07-12 16:00:00.000
1720828800000,8,0.00001668,2024-07-13 00:00:00.000
1720857600000,8,0.00008326,2024-07-13 08:00:00.000
1720886400000,8,0.00004063,2024-07-13 16:00:00.000
1720915200000,8,0.00008116,2024-07-14 00:00:00.000
1720944000000,8,0.00004070,2024-07-14 08:00:00.000
1720972800000,8,0.00002006,2024-07-14 16:00:00.000
1721001600000,8,-0.00001038,2024-07-15 00:00:00.000
1721030400000,8,0.00002402,2024-07-15 08:00:00.000
1721059200000,8,0.00003810,2024-07-15 16:00:00.000
1721088000000,8,-0.00003759,2024-07-16 00:00:00.000
1721116800000,8,0.00010000,2024-07-16 08:00:00.000
1721145600000,8,0.00007774,2024-07-16 16:00:00.000
1721174400000,8,0.00010000,2024-07-17 00:00:00.000
1721203200001,8,0.00005083,2024-07-17 08:00:00.001
1721232000000,8,0.00010000,2024-07-17 16:00:00.000
1721260800000,8,0.00006464,2024-07-18 00:00:00.000
1721289600000,8,0.00008411,2024-07-18 08:00:00.000
1721318400000,8,0.00010000,2024-07-18 16:00:00.000
1721347200000,8,0.00007366,2024-07-19 00:00:00.000
1721376000000,8,0.00010000,2024-07-19 08:00:00.000
1721404800000,8,0.00005128,2024-07-19 16:00:00.000
1721433600001,8,0.00010000,2024-07-20 00:00:00.001
1721462400000,8,0.00002379,2024-07-20 08:00:00.000
1721491200000,8,0.00000305,2024-07-20 16:00:00.000
1721520000000,8,0.00010000,2024-07-21 00:00:00.000
1721548800000,8,0.00010000,2024-07-21 08:00:00.000
1721577600000,8,0.00005463,2024-07-21 16:00:00.000
1721606400000,8,0.00010000,2024-07-22 00:00:00.000
1721635200000,8,0.00010000,2024-07-22 08:00:00.000
1721664000000,8,0.00007105,2024-07-22 16:00:00.000
1721692800000,8,0.00010000,2024-07-23 00:00:00.000
1721721600000,8,0.00010000,2024-07-23 08:00:00.000
1721750400000,8,0.00010000,2024-07-23 16:00:00.000
1721779200000,8,0.00004584,2024-07-24 00:00:00.000
1721808000000,8,0.00010000,2024-07-24 08:00:00.000
1721836800000,8,0.00007120,2024-07-24 16:00:00.000
1721865600000,8,0.00008091,2024-07-25 00:00:00.000
1721894400000,8,0.00009813,2024-07-25 08:00:00.000
1721923200000,8,0.00007841,2024-07-25 16:00:00.000
1721952000000,8,0.00007483,2024-07-26 00:00:00.000
1721980800000,8,0.00003235,2024-07-26 08:00:00.000
1722009600000,8,0.00006143,2024-07-26 16:00:00.000
1722038400000,8,0.00004760,2024-07-27 00:00:00.000
1722067200000,8,0.00003411,2024-07-27 08:00:00.000
1722096000000,8,0.00008705,2024-07-27 16:00:00.000
1722124800000,8,0.00010000,2024-07-28 00:00:00.000
1722153600000,8,0.00010000,2024-07-28 08:00:00.000
1722182400001,8,0.00008932,2024-07-28 16:00:00.001
1722211200001,8,0.00003694,2024-07-29 00:00:00.001
1722240000000,8,0.00010000,2024-07-29 08:00:00.000
1722268800001,8,0.00010000,2024-07-29 16:00:00.001
1722297600000,8,0.00007783,2024-07-30 00:00:00.000
1722326400001,8,0.00010000,2024-07-30 08:00:00.001
1722355200000,8,0.00010000,2024-07-30 16:00:00.000
1722384000000,8,0.00003184,2024-07-31 00:00:00.000
1722412800000,8,0.00007743,2024-07-31 08:00:00.000
1722441600000,8,0.00008931,2024-07-31 16:00:00.000
1722470400000,8,0.00009291,2024-08-01 00:00:00.000
1722499200000,8,0.00010000,2024-08-01 08:00:00.000
1722528000000,8,0.00010000,2024-08-01 16:00:00.000
1722556800000,8,0.00003639,2024-08-02 00:00:00.000
1722585600001,8,0.00010000,2024-08-02 08:00:00.001
1722614400000,8,0.00010000,2024-08-02 16:00:00.000
1722643200000,8,0.00009802,2024-08-03 00:00:00.000
1722672000000,8,0.00010000,2024-08-03 08:00:00.000
1722700800001,8,0.00008073,2024-08-03 16:00:00.001
1722729600000,8,-0.00001748,2024-08-04 00:00:00.000
1722758400000,8,0.00008871,2024-08-04 08:00:00.000
1722787200000,8,0.00004224,2024-08-04 16:00:00.000
1722816000000,8,0.00006211,2024-08-05 00:00:00.000
1722844800000,8,-0.00000757,2024-08-05 08:00:00.000
1722873600000,8,0.00000463,2024-08-05 16:00:00.000
1722902400000,8,0.00008019,2024-08-06 00:00:00.000
1722931200000,8,-0.00005258,2024-08-06 08:00:00.000
1722960000000,8,-0.00000323,2024-08-06 16:00:00.000
1722988800000,8,0.00002337,2024-08-07 00:00:00.000
1723017600001,8,-0.00008086,2024-08-07 08:00:00.001
1723046400000,8,0.00001745,2024-08-07 16:00:00.000
1723075200001,8,0.00007141,2024-08-08 00:00:00.001
1723104000000,8,0.00002523,2024-08-08 08:00:00.000
1723132800000,8,-0.00002941,2024-08-08 16:00:00.000
1723161600000,8,0.00003148,2024-08-09 00:00:00.000
1723190400000,8,0.00001575,2024-08-09 08:00:00.000
1723219200000,8,0.00002642,2024-08-09 16:00:00.000
1723248000000,8,-0.00006621,2024-08-10 00:00:00.000
1723276800000,8,0.00004285,2024-08-10 08:00:00.000
1723305600000,8,0.00005146,2024-08-10 16:00:00.000
1723334400000,8,-0.00003889,2024-08-11 00:00:00.000
1723363200000,8,-0.00001620,2024-08-11 08:00:00.000
1723392000001,8,0.00002894,2024-08-11 16:00:00.001
1723420800000,8,0.00009903,2024-08-12 00:00:00.000
1723449600000,8,0.00000688,2024-08-12 08:00:00.000
1723478400000,8,-0.00000932,2024-08-12 16:00:00.000
1723507200000,8,-0.00000620,2024-08-13 00:00:00.000
1723536000000,8,0.00005492,2024-08-13 08:00:00.000
1723564800000,8,0.00008364,2024-08-13 16:00:00.000
1723593600000,8,-1.0E-7,2024-08-14 00:00:00.000
1723622400000,8,0.00002644,2024-08-14 08:00:00.000
1723651200000,8,0.00000821,2024-08-14 16:00:00.000
1723680000000,8,0.00000588,2024-08-15 00:00:00.000
1723708800000,8,0.00004403,2024-08-15 08:00:00.000
1723737600000,8,-0.00002764,2024-08-15 16:00:00.000
1723766400000,8,-0.00006592,2024-08-16 00:00:00.000
1723795200000,8,0.00002572,2024-08-16 08:00:00.000
1723824000000,8,-0.00003407,2024-08-16 16:00:00.000
1723852800000,8,0.00002001,2024-08-17 00:00:00.000
1723881600000,8,-0.00001280,2024-08-17 08:00:00.000
1723910400000,8,-0.00000703,2024-08-17 16:00:00.000
1723939200000,8,0.00000455,2024-08-18 00:00:00.000
1723968000000,8,-0.00002019,2024-08-18 08:00:00.000
1723996800000,8,-0.00010289,2024-08-18 16:00:00.000
1724025600000,8,0.00001862,2024-08-19 00:00:00.000
1724054400000,8,-0.00000928,2024-08-19 08:00:00.000
1724083200002,8,0.00005854,2024-08-19 16:00:00.002
1724112000000,8,0.00003839,2024-08-20 00:00:00.000
1724140800000,8,-0.00002960,2024-08-20 08:00:00.000
1724169600001,8,-0.00003807,2024-08-20 16:00:00.001
1724198400001,8,0.00002703,2024-08-21 00:00:00.001
1724227200000,8,0.00000862,2024-08-21 08:00:00.000
1724256000001,8,-0.00001553,2024-08-21 16:00:00.001
1724284800000,8,0.00000611,2024-08-22 00:00:00.000
1724313600000,8,0.00006844,2024-08-22 08:00:00.000
1724342400008,8,0.00002936,2024-08-22 16:00:00.008
1724371200000,8,0.00004556,2024-08-23 00:00:00.000
1724400000000,8,0.00004050,2024-08-23 08:00:00.000
1724428800000,8,-0.00004648,2024-08-23 16:00:00.000
1724457600000,8,0.00007101,2024-08-24 00:00:00.000
1724486400005,8,0.00002046,2024-08-24 08:00:00.005
1724515200000,8,0.00006232,2024-08-24 16:00:00.000
1724544000000,8,0.00009763,2024-08-25 00:00:00.000
1724572800000,8,0.00010000,2024-08-25 08:00:00.000
1724601600000,8,-0.00001338,2024-08-25 16:00:00.000
1724630400000,8,0.00001048,2024-08-26 00:00:00.000
1724659200001,8,0.00010000,2024-08-26 08:00:00.001
1724688000000,8,0.00002054,2024-08-26 16:00:00.000
1724716800001,8,0.00010000,2024-08-27 00:00:00.001
1724745600000,8,0.00004402,2024-08-27 08:00:00.000
1724774400000,8,0.00005909,2024-08-27 16:00:00.000
1724803200000,8,-0.00001779,2024-08-28 00:00:00.000
1724832000000,8,0.00001753,2024-08-28 08:00:00.000
1724860800001,8,0.00002718,2024-08-28 16:00:00.001
1724889600000,8,-0.00001723,2024-08-29 00:00:00.000
1724918400001,8,-0.00008639,2024-08-29 08:00:00.001
1724947200000,8,-0.00009711,2024-08-29 16:00:00.000
1724976000000,8,-0.00003891,2024-08-30 00:00:00.000
1725004800000,8,0.00003115,2024-08-30 08:00:00.000
1725033600000,8,-0.00005690,2024-08-30 16:00:00.000
1725062400000,8,-0.00006239,2024-08-31 00:00:00.000
1725091200000,8,0.00004900,2024-08-31 08:00:00.000
1725120000000,8,0.00001853,2024-08-31 16:00:00.000
1725148800000,8,-0.00000959,2024-09-01 00:00:00.000
1725177600001,8,-0.00002631,2024-09-01 08:00:00.001
1725206400000,8,-0.00002877,2024-09-01 16:00:00.000
1725235200001,8,-0.00004426,2024-09-02 00:00:00.001
1725264000001,8,0.00000521,2024-09-02 08:00:00.001
1725292800000,8,-0.00005556,2024-09-02 16:00:00.000
1725321600000,8,-0.00008288,2024-09-03 00:00:00.000
1725350400001,8,0.00003441,2024-09-03 08:00:00.001
1725379200000,8,0.00005362,2024-09-03 16:00:00.000
1725408000000,8,0.00008904,2024-09-04 00:00:00.000
1725436800000,8,-0.00001300,2024-09-04 08:00:00.000
1725465600000,8,0.00003561,2024-09-04 16:00:00.000
1725494400000,8,0.00006659,2024-09-05 00:00:00.000
1725523200000,8,0.00005123,2024-09-05 08:00:00.000
1725552000005,8,0.00001522,2024-09-05 16:00:00.005
1725580800000,8,0.00005678,2024-09-06 00:00:00.000
1725609600001,8,0.00004047,2024-09-06 08:00:00.001
1725638400000,8,-0.00001324,2024-09-06 16:00:00.000
1725667200000,8,-0.00002225,2024-09-07 00:00:00.000
1725696000000,8,-0.00002317,2024-09-07 08:00:00.000
1725724800000,8,0.00000599,2024-09-07 16:00:00.000
1725753600000,8,0.00008148,2024-09-08 00:00:00.000
1725782400000,8,0.00006264,2024-09-08 08:00:00.000
1725811200000,8,0.00006412,2024-09-08 16:00:00.000
1725840000000,8,0.00003966,2024-09-09 00:00:00.000
1725868800000,8,-0.00005564,2024-09-09 08:00:00.000
1725897600001,8,-0.00004794,2024-09-09 16:00:00.001
1725926400000,8,0.00009587,2024-09-10 00:00:00.000
1725955200000,8,-0.00001672,2024-09-10 08:00:00.000
1725984000000,8,0.00002349,2024-09-10 16:00:00.000
1726012800000,8,-0.00006617,2024-09-11 00:00:00.000
1726041600000,8,-0.00001813,2024-09-11 08:00:00.000
1726070400000,8,-0.00002041,2024-09-11 16:00:00.000
1726099200000,8,-0.00002810,2024-09-12 00:00:00.000
1726128000000,8,-0.00000860,2024-09-12 08:00:00.000
1726156800000,8,0.00001320,2024-09-12 16:00:00.000
1726185600000,8,0.00002638,2024-09-13 00:00:00.000
1726214400001,8,0.00001756,2024-09-13 08:00:00.001
1726243200001,8,0.00001798,2024-09-13 16:00:00.001
1726272000000,8,-0.00000120,2024-09-14 00:00:00.000
1726300800000,8,0.00003207,2024-09-14 08:00:00.000
1726329600001,8,0.00000555,2024-09-14 16:00:00.001
1726358400000,8,0.00001401,2024-09-15 00:00:00.000
1726387200000,8,0.00000107,2024-09-15 08:00:00.000
1726416000000,8,0.00001278,2024-09-15 16:00:00.000
1726444800000,8,0.00001892,2024-09-16 00:00:00.000
1726473600001,8,-0.00005218,2024-09-16 08:00:00.001
1726502400000,8,0.00007164,2024-09-16 16:00:00.000
1726531200001,8,0.00010000,2024-09-17 00:00:00.001
1726560000000,8,0.00002206,2024-09-17 08:00:00.000
1726588800000,8,0.00002153,2024-09-17 16:00:00.000
1726617600000,8,-0.00000161,2024-09-18 00:00:00.000
1726646400000,8,-0.00003792,2024-09-18 08:00:00.000
1726675200004,8,0.00002354,2024-09-18 16:00:00.004
1726704000000,8,0.00006423,2024-09-19 00:00:00.000
1726732800000,8,0.00008771,2024-09-19 08:00:00.000
1726761600001,8,0.00001474,2024-09-19 16:00:00.001
1726790400000,8,0.00010000,2024-09-20 00:00:00.000
1726819200001,8,0.00010000,2024-09-20 08:00:00.001
1726848000000,8,0.00010000,2024-09-20 16:00:00.000
1726876800001,8,0.00010000,2024-09-21 00:00:00.001
1726905600000,8,0.00010000,2024-09-21 08:00:00.000
1726934400000,8,0.00004074,2024-09-21 16:00:00.000
1726963200000,8,0.00010000,2024-09-22 00:00:00.000
1726992000000,8,0.00007587,2024-09-22 08:00:00.000
1727020800000,8,0.00001979,2024-09-22 16:00:00.000
1727049600000,8,-0.00004401,2024-09-23 00:00:00.000
1727078400000,8,0.00005545,2024-09-23 08:00:00.000
1727107200000,8,-0.00002612,2024-09-23 16:00:00.000
1727136000000,8,0.00004827,2024-09-24 00:00:00.000
1727164800000,8,0.00006920,2024-09-24 08:00:00.000
1727193600001,8,0.00000557,2024-09-24 16:00:00.001
1727222400000,8,0.00010000,2024-09-25 00:00:00.000
1727251200003,8,0.00010000,2024-09-25 08:00:00.003
1727280000000,8,0.00005783,2024-09-25 16:00:00.000
1727308800005,8,0.00003616,2024-09-26 00:00:00.005
1727337600000,8,0.00006697,2024-09-26 08:00:00.000
1727366400000,8,0.00010000,2024-09-26 16:00:00.000
1727395200000,8,0.00010000,2024-09-27 00:00:00.000
1727424000000,8,0.00000981,2024-09-27 08:00:00.000
1727452800000,8,0.00010000,2024-09-27 16:00:00.000
1727481600000,8,0.00010000,2024-09-28 00:00:00.000
1727510400001,8,0.00009800,2024-09-28 08:00:00.001
1727539200000,8,0.00010000,2024-09-28 16:00:00.000
1727568000001,8,0.00009314,2024-09-29 00:00:00.001
1727596800000,8,0.00010000,2024-09-29 08:00:00.000
1727625600000,8,0.00010000,2024-09-29 16:00:00.000
1727654400000,8,0.00010000,2024-09-30 00:00:00.000
1727683200001,8,0.00010000,2024-09-30 08:00:00.001
1727712000000,8,0.00010000,2024-09-30 16:00:00.000
1727740800000,8,0.00010000,2024-10-01 00:00:00.000
1727769600000,8,0.00010000,2024-10-01 08:00:00.000
1727798400001,8,0.00010000,2024-10-01 16:00:00.001
1727827200000,8,0.00010000,2024-10-02 00:00:00.000
1727856000000,8,0.00001306,2024-10-02 08:00:00.000
1727884800000,8,0.00007012,2024-10-02 16:00:00.000
1727913600000,8,0.00000107,2024-10-03 00:00:00.000
1727942400000,8,0.00005138,2024-10-03 08:00:00.000
1727971200000,8,-0.00000381,2024-10-03 16:00:00.000
1728000000000,8,0.00003715,2024-10-04 00:00:00.000
1728028800000,8,-0.00004939,2024-10-04 08:00:00.000
1728057600001,8,0.00000524,2024-10-04 16:00:00.001
1728086400000,8,0.00005818,2024-10-05 00:00:00.000
1728115200000,8,0.00009502,2024-10-05 08:00:00.000
1728144000000,8,0.00000449,2024-10-05 16:00:00.000
1728172800000,8,0.00010000,2024-10-06 00:00:00.000
1728201600001,8,0.00010000,2024-10-06 08:00:00.001
1728230400000,8,0.00003507,2024-10-06 16:00:00.000
1728259200000,8,0.00003973,2024-10-07 00:00:00.000
1728288000000,8,0.00007543,2024-10-07 08:00:00.000
1728316800001,8,0.00000543,2024-10-07 16:00:00.001
1728345600000,8,3.9E-7,2024-10-08 00:00:00.000
1728374400000,8,0.00010000,2024-10-08 08:00:00.000
1728403200000,8,-0.00002549,2024-10-08 16:00:00.000
1728432000000,8,0.00000884,2024-10-09 00:00:00.000
1728460800000,8,-0.00003713,2024-10-09 08:00:00.000
1728489600000,8,0.00010000,2024-10-09 16:00:00.000
1728518400000,8,0.00010000,2024-10-10 00:00:00.000
1728547200000,8,-0.00003657,2024-10-10 08:00:00.000
1728576000000,8,0.00005098,2024-10-10 16:00:00.000
1728604800000,8,0.00000545,2024-10-11 00:00:00.000
1728633600000,8,0.00000289,2024-10-11 08:00:00.000
1728662400001,8,-0.00006334,2024-10-11 16:00:00.001
1728691200000,8,-0.00003249,2024-10-12 00:00:00.000
1728720000001,8,0.00006950,2024-10-12 08:00:00.001
1728748800000,8,-0.00004766,2024-10-12 16:00:00.000
1728777600000,8,0.00000522,2024-10-13 00:00:00.000
1728806400000,8,0.00005938,2024-10-13 08:00:00.000
1728835200000,8,0.00005394,2024-10-13 16:00:00.000
1728864000000,8,0.00001631,2024-10-14 00:00:00.000
1728892800000,8,0.00007203,2024-10-14 08:00:00.000
1728921600000,8,0.00007332,2024-10-14 16:00:00.000
1728950400000,8,0.00010000,2024-10-15 00:00:00.000
1728979200000,8,0.00010000,2024-10-15 08:00:00.000
1729008000000,8,0.00010000,2024-10-15 16:00:00.000
1729036800000,8,0.00006943,2024-10-16 00:00:00.000
1729065600001,8,0.00002087,2024-10-16 08:00:00.001
1729094400000,8,0.00009905,2024-10-16 16:00:00.000
1729123200000,8,0.00004579,2024-10-17 00:00:00.000
1729152000000,8,0.00009905,2024-10-17 08:00:00.000
1729180800001,8,0.00010000,2024-10-17 16:00:00.001
1729209600010,8,0.00007589,2024-10-18 00:00:00.010
1729238400001,8,0.00003467,2024-10-18 08:00:00.001
1729267200000,8,0.00009885,2024-10-18 16:00:00.000
1729296000000,8,0.00003918,2024-10-19 00:00:00.000
1729324800000,8,0.00005265,2024-10-19 08:00:00.000
1729353600000,8,0.00007269,2024-10-19 16:00:00.000
1729382400000,8,0.00010000,2024-10-20 00:00:00.000
1729411200000,8,0.00004903,2024-10-20 08:00:00.000
1729440000000,8,0.00007010,2024-10-20 16:00:00.000
1729468800000,8,0.00010000,2024-10-21 00:00:00.000
1729497600000,8,0.00010000,2024-10-21 08:00:00.000
1729526400000,8,0.00010000,2024-10-21 16:00:00.000
1729555200000,8,0.00010000,2024-10-22 00:00:00.000
1729584000000,8,0.00010000,2024-10-22 08:00:00.000
1729612800000,8,0.00010000,2024-10-22 16:00:00.000
1729641600000,8,0.00010000,2024-10-23 00:00:00.000
1729670400000,8,0.00010000,2024-10-23 08:00:00.000
1729699200000,8,0.00010000,2024-10-23 16:00:00.000
1729728000000,8,0.00010000,2024-10-24 00:00:00.000
1729756800000,8,0.00010000,2024-10-24 08:00:00.000
1729785600000,8,0.00010000,2024-10-24 16:00:00.000
1729814400000,8,0.00010000,2024-10-25 00:00:00.000
1729843200000,8,0.00010000,2024-10-25 08:00:00.000
1729872000000,8,0.00003160,2024-10-25 16:00:00.000
1729900800000,8,0.00005848,2024-10-26 00:00:00.000
1729929600001,8,0.00005269,2024-10-26 08:00:00.001
1729958400000,8,0.00010000,2024-10-26 16:00:00.000
1729987200000,8,0.00010000,2024-10-27 00:00:00.000
1730016000000,8,0.00004801,2024-10-27 08:00:00.000
1730044800000,8,-0.00001684,2024-10-27 16:00:00.000
1730073600000,8,0.00008656,2024-10-28 00:00:00.000
1730102400001,8,0.00010000,2024-10-28 08:00:00.001
1730131200000,8,0.00002332,2024-10-28 16:00:00.000
1730160000000,8,0.00010000,2024-10-29 00:00:00.000
1730188800000,8,0.00010000,2024-10-29 08:00:00.000
1730217600004,8,0.00010000,2024-10-29 16:00:00.004
1730246400000,8,0.00010000,2024-10-30 00:00:00.000
1730275200000,8,0.00010000,2024-10-30 08:00:00.000
1730304000013,8,0.00010000,2024-10-30 16:00:00.013
1730332800000,8,0.00010000,2024-10-31 00:00:00.000
1730361600000,8,0.00010000,2024-10-31 08:00:00.000
1730390400000,8,0.00010000,2024-10-31 16:00:00.000
1730419200000,8,0.00010000,2024-11-01 00:00:00.000
1730448000000,8,0.00010000,2024-11-01 08:00:00.000
1730476800000,8,0.00010000,2024-11-01 16:00:00.000
1730505600000,8,0.00006813,2024-11-02 00:00:00.000
1730534400000,8,0.00009387,2024-11-02 08:00:00.000
1730563200000,8,0.00006900,2024-11-02 16:00:00.000
1730592000000,8,0.00003980,2024-11-03 00:00:00.000
1730620800000,8,0.00003241,2024-11-03 08:00:00.000
1730649600000,8,0.00008014,2024-11-03 16:00:00.000
1730678400000,8,0.00004818,2024-11-04 00:00:00.000
1730707200000,8,0.00006725,2024-11-04 08:00:00.000
1730736000000,8,0.00006216,2024-11-04 16:00:00.000
1730764800000,8,0.00005868,2024-11-05 00:00:00.000
1730793600003,8,0.00004510,2024-11-05 08:00:00.003
1730822400001,8,0.00000717,2024-11-05 16:00:00.001
1730851200000,8,-0.00001892,2024-11-06 00:00:00.000
1730880000000,8,0.00010000,2024-11-06 08:00:00.000
1730908800000,8,0.00010000,2024-11-06 16:00:00.000
1730937600000,8,0.00010000,2024-11-07 00:00:00.000
1730966400000,8,0.00010000,2024-11-07 08:00:00.000
1730995200000,8,0.00010000,2024-11-07 16:00:00.000
1731024000000,8,0.00010000,2024-11-08 00:00:00.000
1731052800000,8,0.00010000,2024-11-08 08:00:00.000
1731081600000,8,0.00010000,2024-11-08 16:00:00.000
1731110400000,8,0.00010000,2024-11-09 00:00:00.000
1731139200000,8,0.00010000,2024-11-09 08:00:00.000
1731168000000,8,0.00010000,2024-11-09 16:00:00.000
1731196800000,8,0.00010000,2024-11-10 00:00:00.000
1731225600000,8,0.00019071,2024-11-10 08:00:00.000
1731254400000,8,0.00041975,2024-11-10 16:00:00.000
1731283200001,8,0.00034668,2024-11-11 00:00:00.001
1731312000000,8,0.00011081,2024-11-11 08:00:00.000
1731340800000,8,0.00022373,2024-11-11 16:00:00.000
1731369600002,8,0.00035969,2024-11-12 00:00:00.002
1731398400000,8,0.00043733,2024-11-12 08:00:00.000
1731427200000,8,0.00048819,2024-11-12 16:00:00.000
1731456000000,8,0.00032823,2024-11-13 00:00:00.000
1731484800010,8,0.00020936,2024-11-13 08:00:00.010
1731513600000,8,0.00022016,2024-11-13 16:00:00.000
1731542400001,8,0.00020764,2024-11-14 00:00:00.001
1731571200000,8,0.00022462,2024-11-14 08:00:00.000
1731600000000,8,0.00010000,2024-11-14 16:00:00.000
1731628800000,8,0.00010000,2024-11-15 00:00:00.000
1731657600000,8,0.00010000,2024-11-15 08:00:00.000
1731686400000,8,0.00010000,2024-11-15 16:00:00.000
1731715200001,8,0.00010000,2024-11-16 00:00:00.001
1731744000001,8,0.00023693,2024-11-16 08:00:00.001
1731772800000,8,0.00016028,2024-11-16 16:00:00.000
1731801600000,8,0.00010000,2024-11-17 00:00:00.000
1731830400000,8,0.00044518,2024-11-17 08:00:00.000
1731859200001,8,0.00021627,2024-11-17 16:00:00.001
1731888000000,8,0.00023762,2024-11-18 00:00:00.000
1731916800000,8,0.00016530,2024-11-18 08:00:00.000
1731945600000,8,0.00022130,2024-11-18 16:00:00.000
1731974400000,8,0.00022018,2024-11-19 00:00:00.000
1732003200000,8,0.00019184,2024-11-19 08:00:00.000
1732032000000,8,0.00012644,2024-11-19 16:00:00.000
1732060800003,8,0.00010000,2024-11-20 00:00:00.003
1732089600000,8,0.00010000,2024-11-20 08:00:00.000
1732118400000,8,0.00010000,2024-11-20 16:00:00.000
1732147200001,8,0.00010000,2024-11-21 00:00:00.001
1732176000000,8,0.00010000,2024-11-21 08:00:00.000
1732204800001,8,0.00010000,2024-11-21 16:00:00.001
1732233600000,8,0.00043945,2024-11-22 00:00:00.000
1732262400000,8,0.00022593,2024-11-22 08:00:00.000
1732291200001,8,0.00017020,2024-11-22 16:00:00.001
1732320000000,8,0.00010000,2024-11-23 00:00:00.000
1732348800000,8,0.00028946,2024-11-23 08:00:00.000
1732377600000,8,0.00025577,2024-11-23 16:00:00.000
1732406400001,8,0.00018175,2024-11-24 00:00:00.001
1732435200000,8,0.00033189,2024-11-24 08:00:00.000
1732464000000,8,0.00025244,2024-11-24 16:00:00.000
1732492800000,8,0.00014445,2024-11-25 00:00:00.000
1732521600000,8,0.00019888,2024-11-25 08:00:00.000
1732550400000,8,0.00010485,2024-11-25 16:00:00.000
1732579200000,8,0.00010000,2024-11-26 00:00:00.000
1732608000000,8,0.00010000,2024-11-26 08:00:00.000
1732636800000,8,0.00010000,2024-11-26 16:00:00.000
1732665600000,8,0.00010000,2024-11-27 00:00:00.000
1732694400000,8,0.00010000,2024-11-27 08:00:00.000
1732723200001,8,0.00010000,2024-11-27 16:00:00.001
1732752000000,8,0.00010000,2024-11-28 00:00:00.000
1732780800000,8,0.00010000,2024-11-28 08:00:00.000
1732809600000,8,0.00010000,2024-11-28 16:00:00.000
1732838400000,8,0.00010000,2024-11-29 00:00:00.000
1732867200000,8,0.00010000,2024-11-29 08:00:00.000
1732896000000,8,0.00010000,2024-11-29 16:00:00.000
1732924800000,8,0.00010000,2024-11-30 00:00:00.000
1732953600000,8,0.00010000,2024-11-30 08:00:00.000
1732982400000,8,0.00010000,2024-11-30 16:00:00.000
1733011200000,8,0.00011575,2024-12-01 00:00:00.000
1733040000000,8,0.00010000,2024-12-01 08:00:00.000
1733068800000,8,0.00021606,2024-12-01 16:00:00.000
1733097600001,8,0.00037518,2024-12-02 00:00:00.001
1733126400001,8,0.00025587,2024-12-02 08:00:00.001
1733155200000,8,0.00026772,2024-12-02 16:00:00.000
1733184000000,8,0.00032728,2024-12-03 00:00:00.000
1733212800000,8,0.00031454,2024-12-03 08:00:00.000
1733241600000,8,0.00030312,2024-12-03 16:00:00.000
1733270400000,8,0.00035501,2024-12-04 00:00:00.000
1733299200000,8,0.00023264,2024-12-04 08:00:00.000
1733328000000,8,0.00036215,2024-12-04 16:00:00.000
1733356800001,8,0.00027166,2024-12-05 00:00:00.001
1733385600000,8,0.00055995,2024-12-05 08:00:00.000
1733414400000,8,0.00050910,2024-12-05 16:00:00.000
1733443200000,8,0.00032251,2024-12-06 00:00:00.000
1733472000000,8,0.00032302,2024-12-06 08:00:00.000
1733500800000,8,0.00012425,2024-12-06 16:00:00.000
1733529600000,8,0.00041557,2024-12-07 00:00:00.000
1733558400000,8,0.00034529,2024-12-07 08:00:00.000
1733587200000,8,0.00038467,2024-12-07 16:00:00.000
1733616000000,8,0.00045069,2024-12-08 00:00:00.000
1733644800000,8,0.00019374,2024-12-08 08:00:00.000
1733673600000,8,0.00013754,2024-12-08 16:00:00.000
1733702400000,8,0.00025945,2024-12-09 00:00:00.000
1733731200000,8,0.00015891,2024-12-09 08:00:00.000
1733760000001,8,0.00012595,2024-12-09 16:00:00.001
1733788800007,8,0.00010000,2024-12-10 00:00:00.007
1733817600000,8,0.00010000,2024-12-10 08:00:00.000
1733846400000,8,0.00010000,2024-12-10 16:00:00.000
1733875200000,8,0.00010000,2024-12-11 00:00:00.000
1733904000000,8,0.00010000,2024-12-11 08:00:00.000
1733932800001,8,0.00010000,2024-12-11 16:00:00.001
1733961600001,8,0.00010000,2024-12-12 00:00:00.001
1733990400000,8,0.00010000,2024-12-12 08:00:00.000
1734019200001,8,0.00010000,2024-12-12 16:00:00.001
1734048000000,8,0.00010000,2024-12-13 00:00:00.000
1734076800000,8,0.00010000,2024-12-13 08:00:00.000
1734105600001,8,0.00010000,2024-12-13 16:00:00.001
1734134400000,8,0.00010000,2024-12-14 00:00:00.000
1734163200000,8,0.00010000,2024-12-14 08:00:00.000
1734192000000,8,0.00010000,2024-12-14 16:00:00.000
1734220800000,8,0.00010000,2024-12-15 00:00:00.000
1734249600000,8,0.00006761,2024-12-15 08:00:00.000
1734278400000,8,0.00010000,2024-12-15 16:00:00.000
1734307200000,8,0.00010000,2024-12-16 00:00:00.000
1734336000001,8,0.00010000,2024-12-16 08:00:00.001
1734364800000,8,0.00010000,2024-12-16 16:00:00.000
1734393600000,8,0.00010000,2024-12-17 00:00:00.000
1734422400000,8,0.00004064,2024-12-17 08:00:00.000
1734451200000,8,0.00010000,2024-12-17 16:00:00.000
1734480000000,8,0.00010000,2024-12-18 00:00:00.000
1734508800000,8,0.00009102,2024-12-18 08:00:00.000
1734537600000,8,0.00000623,2024-12-18 16:00:00.000
1734566400000,8,-0.00003600,2024-12-19 00:00:00.000
1734595200000,8,-0.00001903,2024-12-19 08:00:00.000
1734624000000,8,0.00001572,2024-12-19 16:00:00.000
1734652800000,8,-0.00001795,2024-12-20 00:00:00.000
1734681600001,8,-0.00002757,2024-12-20 08:00:00.001
1734710400014,8,-0.00006045,2024-12-20 16:00:00.014
1734739200000,8,-0.00018625,2024-12-21 00:00:00.000
1734768000000,8,-0.00013946,2024-12-21 08:00:00.000
1734796800001,8,-0.00004200,2024-12-21 16:00:00.001
1734825600000,8,-0.00011655,2024-12-22 00:00:00.000
1734854400000,8,0.00002970,2024-12-22 08:00:00.000
1734883200000,8,-0.00010865,2024-12-22 16:00:00.000
1734912000000,8,-0.00005764,2024-12-23 00:00:00.000
1734940800000,8,-0.00002514,2024-12-23 08:00:00.000
1734969600001,8,-0.00001518,2024-12-23 16:00:00.001
1734998400000,8,0.00000456,2024-12-24 00:00:00.000
1735027200000,8,-0.00000887,2024-12-24 08:00:00.000
1735056000001,8,-0.00002528,2024-12-24 16:00:00.001
1735084800001,8,-0.00001032,2024-12-25 00:00:00.001
1735113600000,8,-0.00002015,2024-12-25 08:00:00.000
1735142400000,8,0.00003692,2024-12-25 16:00:00.000
1735171200000,8,0.00002735,2024-12-26 00:00:00.000
1735200000000,8,0.00010000,2024-12-26 08:00:00.000
1735228800000,8,0.00001522,2024-12-26 16:00:00.000
1735257600000,8,0.00003726,2024-12-27 00:00:00.000
1735286400000,8,-0.00002625,2024-12-27 08:00:00.000
1735315200000,8,-0.00008145,2024-12-27 16:00:00.000
1735344000001,8,0.00009283,2024-12-28 00:00:00.001
1735372800000,8,0.00001275,2024-12-28 08:00:00.000
1735401600000,8,-0.00000903,2024-12-28 16:00:00.000
1735430400000,8,0.00000778,2024-12-29 00:00:00.000
1735459200000,8,-0.00002727,2024-12-29 08:00:00.000
1735488000000,8,0.00006140,2024-12-29 16:00:00.000
1735516800000,8,0.00010000,2024-12-30 00:00:00.000
1735545600001,8,0.00004760,2024-12-30 08:00:00.001
1735574400000,8,0.00005906,2024-12-30 16:00:00.000
1735603200000,8,0.00008373,2024-12-31 00:00:00.000
1735632000000,8,0.00002697,2024-12-31 08:00:00.000
1735660800000,8,0.00006744,2024-12-31 16:00:00.000
1735689600015,8,-0.00005587,2025-01-01 00:00:00.015
1735718400000,8,-0.00002663,2025-01-01 08:00:00.000
1735747200001,8,-0.00001487,2025-01-01 16:00:00.001
1735776000000,8,0.00010000,2025-01-02 00:00:00.000
1735804800006,8,0.00010000,2025-01-02 08:00:00.006
1735833600000,8,0.00009337,2025-01-02 16:00:00.000
1735862400000,8,0.00010000,2025-01-03 00:00:00.000
1735891200000,8,-0.00001470,2025-01-03 08:00:00.000
1735920000000,8,-0.00007967,2025-01-03 16:00:00.000
1735948800000,8,-0.00007358,2025-01-04 00:00:00.000
1735977600000,8,0.00004915,2025-01-04 08:00:00.000
1736006400000,8,0.00005813,2025-01-04 16:00:00.000
1736035200000,8,0.00009572,2025-01-05 00:00:00.000
1736064000000,8,-0.00003098,2025-01-05 08:00:00.000
1736092800000,8,0.00010000,2025-01-05 16:00:00.000
1736121600000,8,-0.00000103,2025-01-06 00:00:00.000
1736150400001,8,-0.00001539,2025-01-06 08:00:00.001
1736179200000,8,0.00005815,2025-01-06 16:00:00.000
1736208000000,8,-0.00002492,2025-01-07 00:00:00.000
1736236800000,8,0.00001880,2025-01-07 08:00:00.000
1736265600008,8,0.00001765,2025-01-07 16:00:00.008
1736294400001,8,0.00000947,2025-01-08 00:00:00.001
1736323200000,8,0.00009384,2025-01-08 08:00:00.000
1736352000000,8,-0.00002658,2025-01-08 16:00:00.000
1736380800000,8,-0.00004356,2025-01-09 00:00:00.000
1736409600000,8,0.00010000,2025-01-09 08:00:00.000
1736438400000,8,-0.00001659,2025-01-09 16:00:00.000
1736467200000,8,0.00000873,2025-01-10 00:00:00.000
1736496000000,8,-0.00007385,2025-01-10 08:00:00.000
1736524800000,8,0.00003388,2025-01-10 16:00:00.000
1736553600000,8,0.00000989,2025-01-11 00:00:00.000
1736582400000,8,-0.00003578,2025-01-11 08:00:00.000
1736611200000,8,-0.00004343,2025-01-11 16:00:00.000
1736640000000,8,0.00002102,2025-01-12 00:00:00.000
1736668800000,8,-0.00004366,2025-01-12 08:00:00.000
1736697600000,8,0.00003548,2025-01-12 16:00:00.000
1736726400000,8,0.00010000,2025-01-13 00:00:00.000
1736755200000,8,0.00002660,2025-01-13 08:00:00.000
1736784000000,8,0.00000817,2025-01-13 16:00:00.000
1736812800000,8,-0.00004601,2025-01-14 00:00:00.000
1736841600000,8,-0.00002434,2025-01-14 08:00:00.000
1736870400000,8,0.00002374,2025-01-14 16:00:00.000
1736899200000,8,0.00003357,2025-01-15 00:00:00.000
1736928000000,8,-0.00005153,2025-01-15 08:00:00.000
1736956800000,8,-0.00002957,2025-01-15 16:00:00.000
1736985600000,8,0.00010000,2025-01-16 00:00:00.000
1737014400000,8,0.00010000,2025-01-16 08:00:00.000
1737043200000,8,0.00010000,2025-01-16 16:00:00.000
1737072000004,8,0.00010000,2025-01-17 00:00:00.004
1737100800000,8,0.00008220,2025-01-17 08:00:00.000
1737129600008,8,0.00010000,2025-01-17 16:00:00.008
1737158400000,8,0.00010000,2025-01-18 00:00:00.000
1737187200007,8,0.00001883,2025-01-18 08:00:00.007
1737216000000,8,0.00005671,2025-01-18 16:00:00.000
1737244800000,8,0.00010000,2025-01-19 00:00:00.000
1737273600000,8,0.00009252,2025-01-19 08:00:00.000
1737302400000,8,0.00005667,2025-01-19 16:00:00.000
1737331200000,8,-0.00071150,2025-01-20 00:00:00.000
1737360000009,8,-0.00007723,2025-01-20 08:00:00.009
1737388800000,8,0.00008924,2025-01-20 16:00:00.000
1737417600000,8,-0.00027508,2025-01-21 00:00:00.000
1737446400000,8,0.00009310,2025-01-21 08:00:00.000
1737475200000,8,-0.00003008,2025-01-21 16:00:00.000
1737504000000,8,0.00010000,2025-01-22 00:00:00.000
1737532800000,8,-0.00002092,2025-01-22 08:00:00.000
1737561600000,8,0.00008640,2025-01-22 16:00:00.000
1737590400001,8,0.00010000,2025-01-23 00:00:00.001
1737619200000,8,0.00008081,2025-01-23 08:00:00.000
1737648000000,8,-0.00007980,2025-01-23 16:00:00.000
1737676800000,8,0.00006903,2025-01-24 00:00:00.000
1737705600000,8,0.00009064,2025-01-24 08:00:00.000
1737734400000,8,0.00010000,2025-01-24 16:00:00.000
1737763200000,8,-0.00001473,2025-01-25 00:00:00.000
1737792000000,8,-0.00000482,2025-01-25 08:00:00.000
1737820800001,8,-0.00012014,2025-01-25 16:00:00.001
1737849600000,8,0.00010000,2025-01-26 00:00:00.000
1737878400000,8,0.00008407,2025-01-26 08:00:00.000
1737907200000,8,0.00002626,2025-01-26 16:00:00.000
1737936000000,8,-0.00003653,2025-01-27 00:00:00.000
1737964800000,8,0.00005173,2025-01-27 08:00:00.000
1737993600000,8,-0.00018696,2025-01-27 16:00:00.000
1738022400000,8,0.00007942,2025-01-28 00:00:00.000
1738051200000,8,-0.00004139,2025-01-28 08:00:00.000
1738080000000,8,0.00003672,2025-01-28 16:00:00.000
1738108800000,8,0.00008718,2025-01-29 00:00:00.000
1738137600000,8,0.00005356,2025-01-29 08:00:00.000
1738166400000,8,-0.00001196,2025-01-29 16:00:00.000
1738195200000,8,0.00001678,2025-01-30 00:00:00.000
1738224000000,8,0.00010000,2025-01-30 08:00:00.000
1738252800000,8,0.00002727,2025-01-30 16:00:00.000
1738281600000,8,-0.00000761,2025-01-31 00:00:00.000
1738310400000,8,-0.00004970,2025-01-31 08:00:00.000
1738339200000,8,0.00005524,2025-01-31 16:00:00.000
1738368000000,8,-0.00006866,2025-02-01 00:00:00.000
1738396800000,8,0.00003033,2025-02-01 08:00:00.000
1738425600000,8,-0.00005063,2025-02-01 16:00:00.000
1738454400001,8,-0.00005306,2025-02-02 00:00:00.001
1738483200000,8,0.00000721,2025-02-02 08:00:00.000
1738512000000,8,0.00000268,2025-02-02 16:00:00.000
1738540800000,8,0.00000772,2025-02-03 00:00:00.000
1738569600000,8,-0.00012368,2025-02-03 08:00:00.000
1738598400000,8,-0.00008808,2025-02-03 16:00:00.000
1738627200000,8,-0.00055791,2025-02-04 00:00:00.000
1738656000001,8,-0.00004350,2025-02-04 08:00:00.001
1738684800000,8,0.00005700,2025-02-04 16:00:00.000
1738713600001,8,-0.00003571,2025-02-05 00:00:00.001
1738742400001,8,-0.00004834,2025-02-05 08:00:00.001
1738771200000,8,-0.00010850,2025-02-05 16:00:00.000
1738800000001,8,-0.00004538,2025-02-06 00:00:00.001
1738828800001,8,-0.00001671,2025-02-06 08:00:00.001
1738857600000,8,0.00006857,2025-02-06 16:00:00.000
1738886400000,8,0.00002703,2025-02-07 00:00:00.000
1738915200000,8,0.00000695,2025-02-07 08:00:00.000
1738944000000,8,0.00000727,2025-02-07 16:00:00.000
1738972800000,8,-0.00002483,2025-02-08 00:00:00.000
1739001600000,8,0.00002105,2025-02-08 08:00:00.000
1739030400000,8,0.00005719,2025-02-08 16:00:00.000
1739059200000,8,-0.00011027,2025-02-09 00:00:00.000
1739088000000,8,-0.00004053,2025-02-09 08:00:00.000
1739116800000,8,-0.00021227,2025-02-09 16:00:00.000
1739145600000,8,-0.00016119,2025-02-10 00:00:00.000
1739174400000,8,-0.00002743,2025-02-10 08:00:00.000
1739203200000,8,-0.00004863,2025-02-10 16:00:00.000
1739232000000,8,-0.00018095,2025-02-11 00:00:00.000
1739260800000,8,-0.00011994,2025-02-11 08:00:00.000
1739289600000,8,-0.00027714,2025-02-11 16:00:00.000
1739318400000,8,-0.00022332,2025-02-12 00:00:00.000
1739347200000,8,0.00001847,2025-02-12 08:00:00.000
1739376000001,8,0.00007002,2025-02-12 16:00:00.001
1739404800001,8,0.00003627,2025-02-13 00:00:00.001
1739433600000,8,-0.00003212,2025-02-13 08:00:00.000
1739462400001,8,-0.00012867,2025-02-13 16:00:00.001
1739491200000,8,-0.00001559,2025-02-14 00:00:00.000
1739520000001,8,0.00008320,2025-02-14 08:00:00.001
1739548800000,8,0.00008466,2025-02-14 16:00:00.000
1739577600000,8,0.00008582,2025-02-15 00:00:00.000
1739606400000,8,0.00003121,2025-02-15 08:00:00.000
1739635200000,8,-0.00005050,2025-02-15 16:00:00.000
1739664000000,8,-0.00005811,2025-02-16 00:00:00.000
1739692800000,8,-0.00002569,2025-02-16 08:00:00.000
1739721600000,8,-0.00016876,2025-02-16 16:00:00.000
1739750400000,8,-0.00015544,2025-02-17 00:00:00.000
1739779200000,8,-0.00016029,2025-02-17 08:00:00.000
1739808000000,8,0.00002136,2025-02-17 16:00:00.000
1739836800000,8,0.00003500,2025-02-18 00:00:00.000
1739865600000,8,0.00003939,2025-02-18 08:00:00.000
1739894400000,8,0.00007053,2025-02-18 16:00:00.000
1739923200000,8,-0.00001072,2025-02-19 00:00:00.000
1739952000000,8,0.00000353,2025-02-19 08:00:00.000
1739980800000,8,-0.00003859,2025-02-19 16:00:00.000
1740009600000,8,-0.00006024,2025-02-20 00:00:00.000
1740038400000,8,0.00001172,2025-02-20 08:00:00.000
1740067200000,8,-0.00002991,2025-02-20 16:00:00.000
1740096000001,8,0.00007497,2025-02-21 00:00:00.001
1740124800000,8,0.00001692,2025-02-21 08:00:00.000
1740153600000,8,-0.00004765,2025-02-21 16:00:00.000
1740182400000,8,-0.00011947,2025-02-22 00:00:00.000
1740211200000,8,-0.00006714,2025-02-22 08:00:00.000
1740240000000,8,-0.00006107,2025-02-22 16:00:00.000
1740268800000,8,0.00009111,2025-02-23 00:00:00.000
1740297600000,8,0.00007310,2025-02-23 08:00:00.000
1740326400000,8,-0.00005162,2025-02-23 16:00:00.000
1740355200000,8,-0.00006070,2025-02-24 00:00:00.000
1740384000000,8,-0.00006256,2025-02-24 08:00:00.000
1740412800000,8,0.00006005,2025-02-24 16:00:00.000
1740441600000,8,0.00002735,2025-02-25 00:00:00.000
1740470400000,8,0.00003295,2025-02-25 08:00:00.000
1740499200000,8,-0.00005354,2025-02-25 16:00:00.000
1740528000000,8,-0.00010562,2025-02-26 00:00:00.000
1740556800000,8,0.00002460,2025-02-26 08:00:00.000
1740585600000,8,0.00003131,2025-02-26 16:00:00.000
1740614400001,8,0.00007728,2025-02-27 00:00:00.001
1740643200000,8,0.00002605,2025-02-27 08:00:00.000
1740672000000,8,0.00010000,2025-02-27 16:00:00.000
1740700800001,8,0.00010000,2025-02-28 00:00:00.001
1740729600000,8,0.00010000,2025-02-28 08:00:00.000
1740758400000,8,0.00010000,2025-02-28 16:00:00.000
1740787200000,8,0.00010000,2025-03-01 00:00:00.000
1740816000000,8,0.00008741,2025-03-01 08:00:00.000
1740844800001,8,0.00007852,2025-03-01 16:00:00.001
1740873600000,8,-0.00008161,2025-03-02 00:00:00.000
1740902400000,8,0.00009930,2025-03-02 08:00:00.000
1740931200000,8,0.00007810,2025-03-02 16:00:00.000
1740960000001,8,-0.00003892,2025-03-03 00:00:00.001
1740988800000,8,0.00006535,2025-03-03 08:00:00.000
1741017600000,8,-0.00008506,2025-03-03 16:00:00.000
1741046400001,8,-0.00007114,2025-03-04 00:00:00.001
1741075200005,8,-0.00008372,2025-03-04 08:00:00.005
1741104000000,8,0.00003869,2025-03-04 16:00:00.000
1741132800000,8,-0.00014911,2025-03-05 00:00:00.000
1741161600000,8,0.00002866,2025-03-05 08:00:00.000
1741190400000,8,-0.00006413,2025-03-05 16:00:00.000
1741219200000,8,-0.00011916,2025-03-06 00:00:00.000
1741248000001,8,-0.00001489,2025-03-06 08:00:00.001
1741276800000,8,-0.00003599,2025-03-06 16:00:00.000
1741305600000,8,-0.00011194,2025-03-07 00:00:00.000
1741334400001,8,-0.00008351,2025-03-07 08:00:00.001
1741363200000,8,0.00004709,2025-03-07 16:00:00.000
1741392000000,8,0.00006150,2025-03-08 00:00:00.000
1741420800001,8,-0.00003422,2025-03-08 08:00:00.001
1741449600001,8,-0.00006242,2025-03-08 16:00:00.001
1741478400001,8,-0.00010535,2025-03-09 00:00:00.001
1741507200000,8,0.00000562,2025-03-09 08:00:00.000
1741536000000,8,0.00006936,2025-03-09 16:00:00.000
1741564800000,8,-0.00005692,2025-03-10 00:00:00.000
1741593600000,8,-0.00010237,2025-03-10 08:00:00.000
1741622400000,8,-0.00009844,2025-03-10 16:00:00.000
1741651200000,8,-0.00011653,2025-03-11 00:00:00.000
1741680000000,8,0.00009198,2025-03-11 08:00:00.000
1741708800001,8,0.00008681,2025-03-11 16:00:00.001
1741737600000,8,-0.00000798,2025-03-12 00:00:00.000
1741766400000,8,0.00000325,2025-03-12 08:00:00.000
1741795200001,8,-0.00003859,2025-03-12 16:00:00.001
1741824000000,8,0.00001189,2025-03-13 00:00:00.000
1741852800000,8,-0.00007287,2025-03-13 08:00:00.000
1741881600000,8,0.00007399,2025-03-13 16:00:00.000
1741910400000,8,0.00003347,2025-03-14 00:00:00.000
1741939200000,8,0.00010000,2025-03-14 08:00:00.000
1741968000000,8,0.00009595,2025-03-14 16:00:00.000
1741996800000,8,0.00010000,2025-03-15 00:00:00.000
1742025600000,8,0.00007299,2025-03-15 08:00:00.000
1742054400000,8,-0.00002397,2025-03-15 16:00:00.000
1742083200000,8,0.00000393,2025-03-16 00:00:00.000
1742112000000,8,0.00005580,2025-03-16 08:00:00.000
1742140800000,8,-0.00003228,2025-03-16 16:00:00.000
1742169600000,8,-0.00008027,2025-03-17 00:00:00.000
1742198400000,8,-0.00005403,2025-03-17 08:00:00.000
1742227200000,8,-0.00003998,2025-03-17 16:00:00.000
1742256000000,8,-0.00006365,2025-03-18 00:00:00.000
1742284800000,8,-0.00008081,2025-03-18 08:00:00.000
1742313600000,8,-0.00002710,2025-03-18 16:00:00.000
1742342400000,8,-0.00006788,2025-03-19 00:00:00.000
1742371200000,8,0.00007274,2025-03-19 08:00:00.000
1742400000000,8,0.00010000,2025-03-19 16:00:00.000
1742428800000,8,0.00010000,2025-03-20 00:00:00.000
1742457600000,8,0.00010000,2025-03-20 08:00:00.000
1742486400000,8,-0.00001871,2025-03-20 16:00:00.000
1742515200000,8,-0.00003932,2025-03-21 00:00:00.000
1742544000000,8,-0.00001407,2025-03-21 08:00:00.000
1742572800000,8,-0.00003604,2025-03-21 16:00:00.000
1742601600000,8,-0.00003723,2025-03-22 00:00:00.000
1742630400004,8,-0.00002882,2025-03-22 08:00:00.004
1742659200000,8,-0.00000849,2025-03-22 16:00:00.000
1742688000000,8,-0.00006482,2025-03-23 00:00:00.000
1742716800000,8,0.00002642,2025-03-23 08:00:00.000
1742745600000,8,0.00005551,2025-03-23 16:00:00.000
1742774400000,8,-0.00002538,2025-03-24 00:00:00.000
1742803200000,8,0.00010000,2025-03-24 08:00:00.000
1742832000000,8,0.00005301,2025-03-24 16:00:00.000
1742860800001,8,0.00010000,2025-03-25 00:00:00.001
1742889600000,8,0.00001127,2025-03-25 08:00:00.000
1742918400000,8,0.00001713,2025-03-25 16:00:00.000
1742947200000,8,0.00000616,2025-03-26 00:00:00.000
1742976000000,8,-0.00004441,2025-03-26 08:00:00.000
1743004800001,8,-0.00012817,2025-03-26 16:00:00.001
1743033600001,8,-0.00013711,2025-03-27 00:00:00.001
1743062400001,8,-0.00005633,2025-03-27 08:00:00.001
1743091200002,8,-0.00002555,2025-03-27 16:00:00.002
1743120000001,8,-0.00003227,2025-03-28 00:00:00.001
1743148800001,8,-0.00010137,2025-03-28 08:00:00.001
1743177600000,8,-0.00009351,2025-03-28 16:00:00.000
1743206400000,8,-0.00004899,2025-03-29 00:00:00.000
1743235200000,8,0.00002251,2025-03-29 08:00:00.000
1743264000000,8,-0.00008909,2025-03-29 16:00:00.000
1743292800000,8,-0.00025778,2025-03-30 00:00:00.000
1743321600000,8,-0.00040116,2025-03-30 08:00:00.000
1743350400000,8,-0.00018023,2025-03-30 16:00:00.000
1743379200000,8,-0.00023370,2025-03-31 00:00:00.000
1743408000000,8,-0.00000784,2025-03-31 08:00:00.000
1743436800000,8,-0.00000424,2025-03-31 16:00:00.000
1743465600000,8,-0.00009179,2025-04-01 00:00:00.000
1743494400001,8,-0.00000566,2025-04-01 08:00:00.001
1743523200000,8,-0.00005281,2025-04-01 16:00:00.000
1743552000001,8,-0.00006427,2025-04-02 00:00:00.001
1743580800000,8,-0.00013428,2025-04-02 08:00:00.000
1743609600000,8,0.00004319,2025-04-02 16:00:00.000
1743638400000,8,-0.00007645,2025-04-03 00:00:00.000
1743667200000,8,-0.00007305,2025-04-03 08:00:00.000
1743696000000,8,-0.00011099,2025-04-03 16:00:00.000
1743724800000,8,-0.00033632,2025-04-04 00:00:00.000
1743753600000,8,-0.00000152,2025-04-04 08:00:00.000
1743782400000,8,0.00000560,2025-04-04 16:00:00.000
1743811200000,8,0.00004038,2025-04-05 00:00:00.000
1743840000000,8,0.00009687,2025-04-05 08:00:00.000
1743868800000,8,0.00002060,2025-04-05 16:00:00.000
1743897600000,8,-0.00005619,2025-04-06 00:00:00.000
1743926400000,8,0.00010000,2025-04-06 08:00:00.000
1743955200002,8,-0.00005463,2025-04-06 16:00:00.002
1743984000000,8,-0.00000572,2025-04-07 00:00:00.000
1744012800000,8,0.00003966,2025-04-07 08:00:00.000
1744041600000,8,-0.00005584,2025-04-07 16:00:00.000
1744070400000,8,-0.00011753,2025-04-08 00:00:00.000
1744099200000,8,-0.00004472,2025-04-08 08:00:00.000
1744128000000,8,-0.00023327,2025-04-08 16:00:00.000
1744156800000,8,-0.00008090,2025-04-09 00:00:00.000
1744185600001,8,-0.00007831,2025-04-09 08:00:00.001
1744214400000,8,0.00007621,2025-04-09 16:00:00.000
1744243200000,8,0.00010000,2025-04-10 00:00:00.000
1744272000000,8,0.00010000,2025-04-10 08:00:00.000
1744300800000,8,0.00003456,2025-04-10 16:00:00.000
1744329600001,8,-0.00006109,2025-04-11 00:00:00.001
1744358400000,8,0.00004298,2025-04-11 08:00:00.000
1744387200000,8,0.00010000,2025-04-11 16:00:00.000
1744416000000,8,0.00005911,2025-04-12 00:00:00.000
1744444800001,8,-0.00001714,2025-04-12 08:00:00.001
1744473600000,8,0.00002768,2025-04-12 16:00:00.000
1744502400000,8,-0.00000335,2025-04-13 00:00:00.000
1744531200000,8,0.00010000,2025-04-13 08:00:00.000
1744560000000,8,0.00008174,2025-04-13 16:00:00.000
1744588800000,8,0.00009053,2025-04-14 00:00:00.000
1744617600000,8,-0.00003957,2025-04-14 08:00:00.000
1744646400000,8,-0.00009450,2025-04-14 16:00:00.000
1744675200000,8,-0.00005912,2025-04-15 00:00:00.000
1744704000000,8,-0.00013087,2025-04-15 08:00:00.000
1744732800001,8,0.00001824,2025-04-15 16:00:00.001
1744761600000,8,-0.00009158,2025-04-16 00:00:00.000
1744790400000,8,-0.00003187,2025-04-16 08:00:00.000
1744819200000,8,-0.00002327,2025-04-16 16:00:00.000
1744848000001,8,0.00010000,2025-04-17 00:00:00.001
1744876800000,8,0.00010000,2025-04-17 08:00:00.000
1744905600001,8,0.00001614,2025-04-17 16:00:00.001
1744934400000,8,0.00000184,2025-04-18 00:00:00.000
1744963200000,8,-0.00001498,2025-04-18 08:00:00.000
1744992000000,8,-0.00003334,2025-04-18 16:00:00.000
1745020800000,8,-0.00005659,2025-04-19 00:00:00.000
1745049600000,8,-0.00005634,2025-04-19 08:00:00.000
1745078400000,8,-0.00013071,2025-04-19 16:00:00.000
1745107200000,8,-0.00007971,2025-04-20 00:00:00.000
1745136000000,8,-0.00016975,2025-04-20 08:00:00.000
1745164800000,8,-0.00013544,2025-04-20 16:00:00.000
1745193600000,8,-0.00019655,2025-04-21 00:00:00.000
1745222400005,8,-0.00015490,2025-04-21 08:00:00.005
1745251200003,8,-0.00010934,2025-04-21 16:00:00.003
1745280000008,8,-0.00025936,2025-04-22 00:00:00.008
1745308800000,8,0.00003362,2025-04-22 08:00:00.000
1745337600000,8,0.00004549,2025-04-22 16:00:00.000
1745366400000,8,0.00010000,2025-04-23 00:00:00.000
1745395200002,8,-0.00003559,2025-04-23 08:00:00.002
1745424000000,8,0.00006137,2025-04-23 16:00:00.000
1745452800000,8,0.00010000,2025-04-24 00:00:00.000
1745481600001,8,0.00010000,2025-04-24 08:00:00.001
1745510400001,8,0.00005163,2025-04-24 16:00:00.001
1745539200007,8,0.00010000,2025-04-25 00:00:00.007
1745568000002,8,0.00010000,2025-04-25 08:00:00.002
1745596800003,8,0.00001235,2025-04-25 16:00:00.003
1745625600002,8,0.00001050,2025-04-26 00:00:00.002
1745654400000,8,-0.00004023,2025-04-26 08:00:00.000
1745683200002,8,-0.00007805,2025-04-26 16:00:00.002
1745712000001,8,0.00001325,2025-04-27 00:00:00.001
1745740800000,8,-0.00007219,2025-04-27 08:00:00.000
1745769600000,8,0.00005977,2025-04-27 16:00:00.000
1745798400001,8,-0.00002300,2025-04-28 00:00:00.001
1745827200003,8,0.00005514,2025-04-28 08:00:00.003
1745856000005,8,-0.00010338,2025-04-28 16:00:00.005
1745884800000,8,-0.00016044,2025-04-29 00:00:00.000
1745913600000,8,-0.00004373,2025-04-29 08:00:00.000
1745942400010,8,0.00002238,2025-04-29 16:00:00.010
1745971200001,8,-0.00006214,2025-04-30 00:00:00.001
1746000000000,8,-0.00005841,2025-04-30 08:00:00.000
1746028800003,8,-0.00015110,2025-04-30 16:00:00.003
1746057600000,8,0.00004946,2025-05-01 00:00:00.000
1746086400000,8,0.00008433,2025-05-01 08:00:00.000
1746115200001,8,0.00000560,2025-05-01 16:00:00.001
1746144000000,8,0.00002490,2025-05-02 00:00:00.000
1746172800000,8,-0.00005683,2025-05-02 08:00:00.000
1746201600003,8,-0.00005442,2025-05-02 16:00:00.003
1746230400000,8,-0.00012523,2025-05-03 00:00:00.000
1746259200000,8,-0.00003821,2025-05-03 08:00:00.000
1746288000000,8,-0.00009958,2025-05-03 16:00:00.000
1746316800001,8,-0.00000404,2025-05-04 00:00:00.001
1746345600001,8,-0.00004138,2025-05-04 08:00:00.001
1746374400002,8,-0.00012151,2025-05-04 16:00:00.002
1746403200000,8,-0.00006756,2025-05-05 00:00:00.000
1746432000000,8,0.00001617,2025-05-05 08:00:00.000
1746460800006,8,-0.00009298,2025-05-05 16:00:00.006
1746489600002,8,0.00006405,2025-05-06 00:00:00.002
1746518400005,8,-0.00004546,2025-05-06 08:00:00.005
1746547200000,8,-0.00002434,2025-05-06 16:00:00.000
1746576000002,8,0.00008971,2025-05-07 00:00:00.002
1746604800000,8,0.00003313,2025-05-07 08:00:00.000
1746633600006,8,0.00006688,2025-05-07 16:00:00.006
1746662400000,8,0.00002457,2025-05-08 00:00:00.000
1746691200001,8,0.00005832,2025-05-08 08:00:00.001
1746720000002,8,0.00009640,2025-05-08 16:00:00.002
1746748800001,8,0.00010000,2025-05-09 00:00:00.001
1746777600006,8,0.00010000,2025-05-09 08:00:00.006
1746806400000,8,0.00010000,2025-05-09 16:00:00.000
1746835200001,8,0.00010000,2025-05-10 00:00:00.001
1746864000000,8,0.00010000,2025-05-10 08:00:00.000
1746892800001,8,0.00010000,2025-05-10 16:00:00.001
1746921600000,8,0.00010000,2025-05-11 00:00:00.000
1746950400001,8,0.00010000,2025-05-11 08:00:00.001
1746979200001,8,0.00005117,2025-05-11 16:00:00.001
1747008000004,8,0.00003571,2025-05-12 00:00:00.004
1747036800000,8,0.00006886,2025-05-12 08:00:00.000
1747065600000,8,0.00010000,2025-05-12 16:00:00.000
1747094400000,8,0.00008216,2025-05-13 00:00:00.000
1747123200008,8,0.00010000,2025-05-13 08:00:00.008
1747152000001,8,0.00004667,2025-05-13 16:00:00.001
1747180800007,8,0.00010000,2025-05-14 00:00:00.007
1747209600000,8,0.00010000,2025-05-14 08:00:00.000
1747238400002,8,0.00002295,2025-05-14 16:00:00.002
1747267200000,8,-0.00002267,2025-05-15 00:00:00.000
1747296000003,8,0.00000924,2025-05-15 08:00:00.003
1747324800000,8,0.00003324,2025-05-15 16:00:00.000
1747353600001,8,-0.00001229,2025-05-16 00:00:00.001
1747382400000,8,0.00008483,2025-05-16 08:00:00.000
1747411200000,8,-0.00001038,2025-05-16 16:00:00.000
1747440000000,8,-0.00004807,2025-05-17 00:00:00.000
1747468800001,8,0.00003475,2025-05-17 08:00:00.001
1747497600004,8,0.00001111,2025-05-17 16:00:00.004
1747526400000,8,0.00002020,2025-05-18 00:00:00.000
1747555200000,8,0.00007853,2025-05-18 08:00:00.000
1747584000000,8,0.00005057,2025-05-18 16:00:00.000
1747612800000,8,-0.00001197,2025-05-19 00:00:00.000
1747641600006,8,-0.00013744,2025-05-19 08:00:00.006
1747670400010,8,-0.00010509,2025-05-19 16:00:00.010
1747699200000,8,0.00007217,2025-05-20 00:00:00.000
1747728000002,8,0.00010000,2025-05-20 08:00:00.002
1747756800000,8,-0.00002235,2025-05-20 16:00:00.000
1747785600000,8,0.00006901,2025-05-21 00:00:00.000
1747814400001,8,0.00009580,2025-05-21 08:00:00.001
1747843200004,8,0.00009897,2025-05-21 16:00:00.004
1747872000001,8,0.00007607,2025-05-22 00:00:00.001
1747900800000,8,0.00010000,2025-05-22 08:00:00.000
1747929600002,8,0.00010000,2025-05-22 16:00:00.002
1747958400006,8,0.00010000,2025-05-23 00:00:00.006
1747987200000,8,0.00010000,2025-05-23 08:00:00.000
1748016000007,8,0.00010000,2025-05-23 16:00:00.007
1748044800010,8,0.00010000,2025-05-24 00:00:00.010
1748073600000,8,-0.00002064,2025-05-24 08:00:00.000
1748102400003,8,0.00001263,2025-05-24 16:00:00.003
1748131200004,8,0.00006352,2025-05-25 00:00:00.004
1748160000000,8,-0.00003821,2025-05-25 08:00:00.000
1748188800000,8,-0.00003651,2025-05-25 16:00:00.000
1748217600000,8,-0.00000990,2025-05-26 00:00:00.000
1748246400000,8,0.00001765,2025-05-26 08:00:00.000
1748275200002,8,0.00008686,2025-05-26 16:00:00.002
1748304000003,8,-0.00008877,2025-05-27 00:00:00.003
1748332800001,8,-0.00002909,2025-05-27 08:00:00.001
1748361600005,8,0.00010000,2025-05-27 16:00:00.005
1748390400002,8,0.00010000,2025-05-28 00:00:00.002
1748419200003,8,-0.00002762,2025-05-28 08:00:00.003
1748448000002,8,-0.00013891,2025-05-28 16:00:00.002
1748476800000,8,-0.00008565,2025-05-29 00:00:00.000
1748505600006,8,0.00007947,2025-05-29 08:00:00.006
1748534400000,8,-0.00003067,2025-05-29 16:00:00.000
1748563200003,8,-0.00001093,2025-05-30 00:00:00.003
1748592000003,8,-0.00005322,2025-05-30 08:00:00.003
1748620800000,8,0.00003101,2025-05-30 16:00:00.000
1748649600000,8,0.00003422,2025-05-31 00:00:00.000
1748678400000,8,0.00001633,2025-05-31 08:00:00.000
1748707200000,8,-0.00010143,2025-05-31 16:00:00.000
1748736000001,8,-0.00006233,2025-06-01 00:00:00.001
1748764800002,8,-0.00008005,2025-06-01 08:00:00.002
1748793600000,8,-0.00004325,2025-06-01 16:00:00.000
1748822400001,8,0.00004401,2025-06-02 00:00:00.001
1748851200000,8,0.00004587,2025-06-02 08:00:00.000
1748880000000,8,-0.00000375,2025-06-02 16:00:00.000
1748908800000,8,0.00004371,2025-06-03 00:00:00.000
1748937600000,8,0.00006746,2025-06-03 08:00:00.000
1748966400001,8,0.00000576,2025-06-03 16:00:00.001
1748995200000,8,-0.00004581,2025-06-04 00:00:00.000
1749024000000,8,0.00005065,2025-06-04 08:00:00.000
1749052800000,8,0.00001795,2025-06-04 16:00:00.000
1749081600016,8,0.00001332,2025-06-05 00:00:00.016
1749110400000,8,0.00003552,2025-06-05 08:00:00.000
1749139200000,8,-0.00000604,2025-06-05 16:00:00.000
1749168000002,8,-0.00006476,2025-06-06 00:00:00.002
1749196800000,8,-0.00011387,2025-06-06 08:00:00.000
1749225600006,8,-0.00001384,2025-06-06 16:00:00.006
1749254400000,8,0.00006211,2025-06-07 00:00:00.000
1749283200000,8,0.00001300,2025-06-07 08:00:00.000
1749312000002,8,-0.00002393,2025-06-07 16:00:00.002
1749340800000,8,-7.4E-7,2025-06-08 00:00:00.000
1749369600000,8,0.00004196,2025-06-08 08:00:00.000
1749398400000,8,-0.00002649,2025-06-08 16:00:00.000
1749427200000,8,0.00010000,2025-06-09 00:00:00.000
1749456000001,8,0.00002864,2025-06-09 08:00:00.001
1749484800001,8,0.00004810,2025-06-09 16:00:00.001
1749513600000,8,0.00009077,2025-06-10 00:00:00.000
1749542400001,8,0.00010000,2025-06-10 08:00:00.001
1749571200003,8,-0.00000113,2025-06-10 16:00:00.003
1749600000000,8,0.00010000,2025-06-11 00:00:00.000
1749628800000,8,0.00010000,2025-06-11 08:00:00.000
1749657600010,8,0.00010000,2025-06-11 16:00:00.010
1749686400002,8,0.00005193,2025-06-12 00:00:00.002
1749715200003,8,0.00003997,2025-06-12 08:00:00.003
1749744000001,8,-0.00000202,2025-06-12 16:00:00.001
1749772800000,8,-0.00001707,2025-06-13 00:00:00.000
1749801600001,8,-0.00009270,2025-06-13 08:00:00.001
1749830400004,8,0.00001064,2025-06-13 16:00:00.004
1749859200000,8,0.00008928,2025-06-14 00:00:00.000
1749888000000,8,0.00002159,2025-06-14 08:00:00.000
1749916800000,8,-0.00000480,2025-06-14 16:00:00.000
1749945600005,8,-0.00003760,2025-06-15 00:00:00.005
1749974400009,8,0.00007334,2025-06-15 08:00:00.009
1750003200000,8,0.00008709,2025-06-15 16:00:00.000
1750032000000,8,0.00010000,2025-06-16 00:00:00.000
1750060800000,8,0.00010000,2025-06-16 08:00:00.000
1750089600003,8,-0.00000624,2025-06-16 16:00:00.003
1750118400000,8,0.00000996,2025-06-17 00:00:00.000
1750147200006,8,0.00010000,2025-06-17 08:00:00.006
1750176000001,8,0.00005322,2025-06-17 16:00:00.001
1750204800001,8,0.00005552,2025-06-18 00:00:00.001
1750233600001,8,-0.00000710,2025-06-18 08:00:00.001
1750262400001,8,-0.00002074,2025-06-18 16:00:00.001
1750291200005,8,0.00002853,2025-06-19 00:00:00.005
1750320000003,8,0.00002565,2025-06-19 08:00:00.003
1750348800000,8,0.00001075,2025-06-19 16:00:00.000
1750377600000,8,0.00005538,2025-06-20 00:00:00.000
1750406400002,8,0.00004090,2025-06-20 08:00:00.002
1750435200001,8,0.00001443,2025-06-20 16:00:00.001
1750464000002,8,-0.00005118,2025-06-21 00:00:00.002
1750492800005,8,-0.00007613,2025-06-21 08:00:00.005
1750521600000,8,0.00002732,2025-06-21 16:00:00.000
1750550400005,8,-0.00003464,2025-06-22 00:00:00.005
1750579200000,8,0.00003965,2025-06-22 08:00:00.000
1750608000003,8,0.00000855,2025-06-22 16:00:00.003
1750636800000,8,0.00004979,2025-06-23 00:00:00.000
1750665600004,8,0.00000469,2025-06-23 08:00:00.004
1750694400013,8,0.00001440,2025-06-23 16:00:00.013
1750723200003,8,0.00008638,2025-06-24 00:00:00.003
1750752000000,8,-0.00002013,2025-06-24 08:00:00.000
1750780800000,8,0.00002041,2025-06-24 16:00:00.000
1750809600005,8,-0.00001345,2025-06-25 00:00:00.005
1750838400000,8,0.00010000,2025-06-25 08:00:00.000
1750867200005,8,0.00004739,2025-06-25 16:00:00.005
1750896000000,8,0.00003413,2025-06-26 00:00:00.000
1750924800006,8,0.00002145,2025-06-26 08:00:00.006
1750953600007,8,-0.00006184,2025-06-26 16:00:00.007
1750982400000,8,-0.00006442,2025-06-27 00:00:00.000
1751011200000,8,0.00001541,2025-06-27 08:00:00.000
1751040000009,8,0.00001738,2025-06-27 16:00:00.009
1751068800001,8,0.00006933,2025-06-28 00:00:00.001
1751097600002,8,0.00010000,2025-06-28 08:00:00.002
1751126400000,8,0.00010000,2025-06-28 16:00:00.000
1751155200004,8,0.00010000,2025-06-29 00:00:00.004
1751184000001,8,0.00010000,2025-06-29 08:00:00.001
1751212800001,8,0.00003460,2025-06-29 16:00:00.001
1751241600000,8,0.00006987,2025-06-30 00:00:00.000
1751270400005,8,0.00000833,2025-06-30 08:00:00.005
1751299200002,8,0.00003926,2025-06-30 16:00:00.002
1751328000007,8,0.00009123,2025-07-01 00:00:00.007
1751356800002,8,0.00005050,2025-07-01 08:00:00.002
1751385600000,8,-0.00007235,2025-07-01 16:00:00.000
1751414400001,8,-0.00005826,2025-07-02 00:00:00.001
1751443200000,8,-0.00004281,2025-07-02 08:00:00.000
1751472000003,8,-0.00000492,2025-07-02 16:00:00.003
1751500800006,8,0.00007514,2025-07-03 00:00:00.006
1751529600003,8,0.00008784,2025-07-03 08:00:00.003
1751558400003,8,-0.00000808,2025-07-03 16:00:00.003
1751587200005,8,-0.00001339,2025-07-04 00:00:00.005
1751616000003,8,0.00009974,2025-07-04 08:00:00.003
1751644800001,8,-0.00006162,2025-07-04 16:00:00.001
1751673600004,8,-0.00015145,2025-07-05 00:00:00.004
1751702400009,8,-0.00007863,2025-07-05 08:00:00.009
1751731200006,8,-0.00006498,2025-07-05 16:00:00.006
1751760000001,8,-0.00003364,2025-07-06 00:00:00.001
1751788800002,8,-0.00007540,2025-07-06 08:00:00.002
1751817600004,8,0.00003442,2025-07-06 16:00:00.004
1751846400000,8,0.00010000,2025-07-07 00:00:00.000
1751875200007,8,0.00006880,2025-07-07 08:00:00.007
1751904000000,8,0.00003570,2025-07-07 16:00:00.000
1751932800010,8,0.00003474,2025-07-08 00:00:00.010
1751961600003,8,-0.00003311,2025-07-08 08:00:00.003
1751990400000,8,-0.00000741,2025-07-08 16:00:00.000
1752019200002,8,0.00002053,2025-07-09 00:00:00.002
1752048000006,8,1.7E-7,2025-07-09 08:00:00.006
1752076800001,8,0.00000552,2025-07-09 16:00:00.001
1752105600003,8,0.00010000,2025-07-10 00:00:00.003
1752134400000,8,0.00002127,2025-07-10 08:00:00.000
1752163200004,8,0.00001690,2025-07-10 16:00:00.004
1752192000004,8,0.00010000,2025-07-11 00:00:00.004
1752220800007,8,0.00004064,2025-07-11 08:00:00.007
1752249600001,8,0.00010000,2025-07-11 16:00:00.001
1752278400000,8,0.00010000,2025-07-12 00:00:00.000
1752307200001,8,0.00010000,2025-07-12 08:00:00.001
1752336000002,8,0.00010000,2025-07-12 16:00:00.002
1752364800006,8,0.00010000,2025-07-13 00:00:00.006
1752393600001,8,0.00010000,2025-07-13 08:00:00.001
1752422400003,8,0.00007719,2025-07-13 16:00:00.003
1752451200000,8,0.00003590,2025-07-14 00:00:00.000
1752480000000,8,0.00010000,2025-07-14 08:00:00.000
1752508800000,8,0.00010000,2025-07-14 16:00:00.000
1752537600002,8,0.00007758,2025-07-15 00:00:00.002
1752566400000,8,-0.00000361,2025-07-15 08:00:00.000
1752595200000,8,0.00002244,2025-07-15 16:00:00.000
1752624000000,8,0.00010000,2025-07-16 00:00:00.000
1752652800000,8,0.00010000,2025-07-16 08:00:00.000
1752681600008,8,0.00010000,2025-07-16 16:00:00.008
1752710400003,8,0.00010000,2025-07-17 00:00:00.003
1752739200000,8,0.00010000,2025-07-17 08:00:00.000
1752768000000,8,0.00010000,2025-07-17 16:00:00.000
1752796800004,8,0.00010000,2025-07-18 00:00:00.004
1752825600000,8,0.00010000,2025-07-18 08:00:00.000
1752854400000,8,0.00010000,2025-07-18 16:00:00.000
1752883200009,8,0.00010000,2025-07-19 00:00:00.009
1752912000000,8,0.00010000,2025-07-19 08:00:00.000
1752940800002,8,0.00010000,2025-07-19 16:00:00.002
1752969600000,8,0.00010000,2025-07-20 00:00:00.000
1752998400000,8,0.00010000,2025-07-20 08:00:00.000
1753027200000,8,0.00010000,2025-07-20 16:00:00.000
1753056000001,8,0.00010000,2025-07-21 00:00:00.001
1753084800000,8,0.00010000,2025-07-21 08:00:00.000
1753113600001,8,0.00012900,2025-07-21 16:00:00.001
1753142400000,8,0.00010000,2025-07-22 00:00:00.000
1753171200010,8,0.00010000,2025-07-22 08:00:00.010
1753200000007,8,0.00010000,2025-07-22 16:00:00.007
1753228800000,8,0.00010000,2025-07-23 00:00:00.000
1753257600004,8,0.00010000,2025-07-23 08:00:00.004
1753286400002,8,0.00010000,2025-07-23 16:00:00.002
1753315200000,8,0.00010000,2025-07-24 00:00:00.000
1753344000001,8,0.00010000,2025-07-24 08:00:00.001
1753372800000,8,0.00010000,2025-07-24 16:00:00.000
1753401600000,8,0.00010000,2025-07-25 00:00:00.000
1753430400000,8,0.00006102,2025-07-25 08:00:00.000
1753459200000,8,0.00010000,2025-07-25 16:00:00.000
1753488000001,8,0.00010000,2025-07-26 00:00:00.001
1753516800005,8,0.00010000,2025-07-26 08:00:00.005
1753545600001,8,0.00010000,2025-07-26 16:00:00.001
1753574400001,8,0.00010000,2025-07-27 00:00:00.001
1753603200000,8,0.00010000,2025-07-27 08:00:00.000
1753632000008,8,0.00010000,2025-07-27 16:00:00.008
1753660800005,8,0.00010000,2025-07-28 00:00:00.005
1753689600000,8,0.00010000,2025-07-28 08:00:00.000
1753718400000,8,0.00010000,2025-07-28 16:00:00.000
1753747200001,8,-0.00000347,2025-07-29 00:00:00.001
1753776000000,8,0.00000817,2025-07-29 08:00:00.000
1753804800000,8,0.00004218,2025-07-29 16:00:00.000
1753833600011,8,0.00001098,2025-07-30 00:00:00.011
1753862400000,8,0.00007655,2025-07-30 08:00:00.000
1753891200008,8,-0.00001266,2025-07-30 16:00:00.008
1753920000000,8,-0.00000814,2025-07-31 00:00:00.000
1753948800009,8,0.00004662,2025-07-31 08:00:00.009
1753977600000,8,0.00000862,2025-07-31 16:00:00.000
1754006400001,8,0.00004034,2025-08-01 00:00:00.001
1754035200003,8,-0.00001440,2025-08-01 08:00:00.003
1754064000000,8,0.00003852,2025-08-01 16:00:00.000
1754092800004,8,-0.00003851,2025-08-02 00:00:00.004
1754121600000,8,0.00003654,2025-08-02 08:00:00.000
1754150400000,8,0.00003981,2025-08-02 16:00:00.000
1754179200000,8,-0.00010062,2025-08-03 00:00:00.000
1754208000000,8,-0.00005920,2025-08-03 08:00:00.000
1754236800003,8,-0.00007571,2025-08-03 16:00:00.003
1754265600004,8,-0.00014534,2025-08-04 00:00:00.004
1754294400000,8,-0.00006297,2025-08-04 08:00:00.000
1754323200002,8,-0.00006458,2025-08-04 16:00:00.002
1754352000000,8,-0.00003577,2025-08-05 00:00:00.000
1754380800000,8,-0.00002117,2025-08-05 08:00:00.000
1754409600000,8,-0.00004816,2025-08-05 16:00:00.000
1754438400005,8,-0.00006840,2025-08-06 00:00:00.005
1754467200000,8,-0.00003584,2025-08-06 08:00:00.000
1754496000000,8,0.00001840,2025-08-06 16:00:00.000
1754524800003,8,0.00010000,2025-08-07 00:00:00.003
1754553600002,8,0.00001246,2025-08-07 08:00:00.002
1754582400002,8,0.00004431,2025-08-07 16:00:00.002
1754611200002,8,0.00006422,2025-08-08 00:00:00.002
1754640000004,8,0.00001197,2025-08-08 08:00:00.004
1754668800000,8,0.00003043,2025-08-08 16:00:00.000
1754697600005,8,0.00010000,2025-08-09 00:00:00.005
1754726400000,8,0.00008345,2025-08-09 08:00:00.000
1754755200007,8,0.00007712,2025-08-09 16:00:00.007
1754784000003,8,0.00009612,2025-08-10 00:00:00.003
1754812800005,8,0.00007842,2025-08-10 08:00:00.005
1754841600002,8,0.00010000,2025-08-10 16:00:00.002
1754870400000,8,0.00009508,2025-08-11 00:00:00.000
1754899200000,8,0.00010000,2025-08-11 08:00:00.000
1754928000000,8,0.00000319,2025-08-11 16:00:00.000
1754956800000,8,-0.00002394,2025-08-12 00:00:00.000
1754985600001,8,-0.00001203,2025-08-12 08:00:00.001
1755014400005,8,-0.00002257,2025-08-12 16:00:00.005
1755043200000,8,0.00010000,2025-08-13 00:00:00.000
1755072000002,8,0.00010000,2025-08-13 08:00:00.002
1755100800006,8,0.00010000,2025-08-13 16:00:00.006
1755129600002,8,0.00010000,2025-08-14 00:00:00.002
1755158400003,8,0.00025876,2025-08-14 08:00:00.003
1755187200000,8,0.00010000,2025-08-14 16:00:00.000
1755216000000,8,0.00010000,2025-08-15 00:00:00.000
1755244800000,8,0.00010000,2025-08-15 08:00:00.000
1755273600000,8,0.00004024,2025-08-15 16:00:00.000
1755302400004,8,-0.00004219,2025-08-16 00:00:00.004
1755331200000,8,0.00006279,2025-08-16 08:00:00.000
1755360000002,8,0.00007134,2025-08-16 16:00:00.002
1755388800000,8,0.00010000,2025-08-17 00:00:00.000
1755417600001,8,0.00009630,2025-08-17 08:00:00.001
1755446400007,8,0.00005105,2025-08-17 16:00:00.007
1755475200000,8,0.00008860,2025-08-18 00:00:00.000
1755504000001,8,-0.00005077,2025-08-18 08:00:00.001
1755532800002,8,-0.00006163,2025-08-18 16:00:00.002
1755561600000,8,-0.00001986,2025-08-19 00:00:00.000
1755590400001,8,0.00004048,2025-08-19 08:00:00.001
1755619200000,8,0.00006293,2025-08-19 16:00:00.000
1755648000000,8,0.00002581,2025-08-20 00:00:00.000
1755676800000,8,0.00008810,2025-08-20 08:00:00.000
1755705600000,8,0.00010000,2025-08-20 16:00:00.000
1755734400006,8,0.00010000,2025-08-21 00:00:00.006
1755763200000,8,0.00010000,2025-08-21 08:00:00.000
1755792000003,8,0.00001366,2025-08-21 16:00:00.003
1755820800010,8,0.00003301,2025-08-22 00:00:00.010
1755849600007,8,0.00010000,2025-08-22 08:00:00.007
1755878400001,8,0.00010000,2025-08-22 16:00:00.001
1755907200004,8,0.00010000,2025-08-23 00:00:00.004
1755936000006,8,0.00010000,2025-08-23 08:00:00.006
1755964800000,8,0.00010000,2025-08-23 16:00:00.000
1755993600001,8,0.00010000,2025-08-24 00:00:00.001
1756022400002,8,0.00010000,2025-08-24 08:00:00.002
1756051200001,8,0.00010000,2025-08-24 16:00:00.001
1756080000000,8,0.00010000,2025-08-25 00:00:00.000
1756108800002,8,0.00010000,2025-08-25 08:00:00.002
1756137600002,8,0.00010000,2025-08-25 16:00:00.002
1756166400000,8,0.00002857,2025-08-26 00:00:00.000
1756195200000,8,-0.00000898,2025-08-26 08:00:00.000
1756224000000,8,0.00005270,2025-08-26 16:00:00.000
1756252800003,8,0.00010000,2025-08-27 00:00:00.003
1756281600000,8,0.00010000,2025-08-27 08:00:00.000
1756310400009,8,0.00010000,2025-08-27 16:00:00.009
1756339200000,8,0.00010000,2025-08-28 00:00:00.000
1756368000005,8,0.00010000,2025-08-28 08:00:00.005
1756396800004,8,0.00010000,2025-08-28 16:00:00.004
1756425600000,8,0.00008562,2025-08-29 00:00:00.000
1756454400000,8,0.00007793,2025-08-29 08:00:00.000
1756483200005,8,0.00007047,2025-08-29 16:00:00.005
1756512000000,8,-0.00001362,2025-08-30 00:00:00.000
1756540800002,8,0.00005373,2025-08-30 08:00:00.002
1756569600003,8,-0.00003140,2025-08-30 16:00:00.003
1756598400016,8,0.00001753,2025-08-31 00:00:00.016
1756627200000,8,0.00009518,2025-08-31 08:00:00.000
1756656000001,8,0.00009036,2025-08-31 16:00:00.001
1756684800000,8,0.00009019,2025-09-01 00:00:00.000
1756713600000,8,0.00000792,2025-09-01 08:00:00.000
1756742400001,8,0.00002302,2025-09-01 16:00:00.001
1756771200000,8,0.00004576,2025-09-02 00:00:00.000
1756800000005,8,0.00010000,2025-09-02 08:00:00.005
1756828800007,8,0.00009872,2025-09-02 16:00:00.007
1756857600006,8,0.00010000,2025-09-03 00:00:00.006
1756886400002,8,0.00008685,2025-09-03 08:00:00.002
1756915200002,8,0.00000761,2025-09-03 16:00:00.002
1756944000002,8,0.00003074,2025-09-04 00:00:00.002
1756972800000,8,0.00006703,2025-09-04 08:00:00.000
1757001600000,8,0.00006691,2025-09-04 16:00:00.000
1757030400001,8,-0.00000457,2025-09-05 00:00:00.001
1757059200006,8,0.00001493,2025-09-05 08:00:00.006
1757088000000,8,0.00001122,2025-09-05 16:00:00.000
1757116800000,8,0.00008900,2025-09-06 00:00:00.000
1757145600005,8,0.00010000,2025-09-06 08:00:00.005
1757174400000,8,0.00001754,2025-09-06 16:00:00.000
1757203200000,8,6E-8,2025-09-07 00:00:00.000
1757232000000,8,0.00006542,2025-09-07 08:00:00.000
1757260800000,8,0.00003077,2025-09-07 16:00:00.000
1757289600007,8,0.00010000,2025-09-08 00:00:00.007
1757318400000,8,0.00010000,2025-09-08 08:00:00.000
1757347200000,8,0.00010000,2025-09-08 16:00:00.000
1757376000000,8,0.00008916,2025-09-09 00:00:00.000
1757404800000,8,0.00010000,2025-09-09 08:00:00.000
1757433600000,8,0.00010000,2025-09-09 16:00:00.000
1757462400000,8,0.00003617,2025-09-10 00:00:00.000
1757491200002,8,0.00010000,2025-09-10 08:00:00.002
1757520000000,8,0.00010000,2025-09-10 16:00:00.000
1757548800000,8,0.00004953,2025-09-11 00:00:00.000
1757577600000,8,-0.00001990,2025-09-11 08:00:00.000
1757606400001,8,0.00009486,2025-09-11 16:00:00.001
1757635200002,8,0.00000236,2025-09-12 00:00:00.002
1757664000001,8,0.00000469,2025-09-12 08:00:00.001
1757692800005,8,0.00000719,2025-09-12 16:00:00.005
1757721600005,8,0.00001709,2025-09-13 00:00:00.005
1757750400002,8,0.00006327,2025-09-13 08:00:00.002
1757779200000,8,0.00005623,2025-09-13 16:00:00.000
1757808000006,8,-0.00000376,2025-09-14 00:00:00.006
1757836800000,8,0.00005813,2025-09-14 08:00:00.000
1757865600001,8,0.00002920,2025-09-14 16:00:00.001
1757894400006,8,-0.00000717,2025-09-15 00:00:00.006
1757923200002,8,0.00000858,2025-09-15 08:00:00.002
1757952000001,8,0.00004813,2025-09-15 16:00:00.001
1757980800001,8,0.00006405,2025-09-16 00:00:00.001
1758009600000,8,0.00007636,2025-09-16 08:00:00.000
1758038400000,8,0.00007783,2025-09-16 16:00:00.000
1758067200001,8,-0.00001958,2025-09-17 00:00:00.001
1758096000000,8,0.00003782,2025-09-17 08:00:00.000
1758124800003,8,0.00003428,2025-09-17 16:00:00.003
1758153600006,8,0.00008719,2025-09-18 00:00:00.006
1758182400002,8,0.00010000,2025-09-18 08:00:00.002
1758211200000,8,0.00001468,2025-09-18 16:00:00.000
1758240000000,8,0.00010000,2025-09-19 00:00:00.000
1758268800005,8,0.00009667,2025-09-19 08:00:00.005
1758297600000,8,0.00000803,2025-09-19 16:00:00.000
1758326400000,8,-0.00003324,2025-09-20 00:00:00.000
1758355200000,8,-0.00006980,2025-09-20 08:00:00.000
1758384000002,8,-0.00002909,2025-09-20 16:00:00.002
1758412800000,8,-0.00000439,2025-09-21 00:00:00.000
1758441600000,8,0.00004391,2025-09-21 08:00:00.000
1758470400000,8,0.00000963,2025-09-21 16:00:00.000
1758499200005,8,0.00000406,2025-09-22 00:00:00.005
1758528000003,8,-0.00001362,2025-09-22 08:00:00.003
1758556800000,8,-0.00010344,2025-09-22 16:00:00.000
1758585600000,8,0.00004622,2025-09-23 00:00:00.000
1758614400001,8,0.00004873,2025-09-23 08:00:00.001
1758643200000,8,0.00000593,2025-09-23 16:00:00.000
1758672000003,8,0.00002831,2025-09-24 00:00:00.003
1758700800001,8,0.00003094,2025-09-24 08:00:00.001
1758729600002,8,-0.00000340,2025-09-24 16:00:00.002
1758758400000,8,-0.00012840,2025-09-25 00:00:00.000
1758787200001,8,-0.00003446,2025-09-25 08:00:00.001
1758816000000,8,0.00003595,2025-09-25 16:00:00.000
1758844800000,8,0.00003743,2025-09-26 00:00:00.000
1758873600000,8,-0.00003977,2025-09-26 08:00:00.000
1758902400008,8,-0.00004772,2025-09-26 16:00:00.008
1758931200000,8,-0.00009862,2025-09-27 00:00:00.000
1758960000010,8,0.00006955,2025-09-27 08:00:00.010
1758988800003,8,-0.00002293,2025-09-27 16:00:00.003
1759017600000,8,0.00002105,2025-09-28 00:00:00.000
1759046400000,8,-0.00003715,2025-09-28 08:00:00.000
1759075200000,8,0.00001970,2025-09-28 16:00:00.000
1759104000000,8,0.00004762,2025-09-29 00:00:00.000
1759132800002,8,0.00010000,2025-09-29 08:00:00.002
1759161600001,8,-0.00007412,2025-09-29 16:00:00.001
1759190400002,8,-0.00005066,2025-09-30 00:00:00.002
1759219200005,8,-0.00016084,2025-09-30 08:00:00.005
1759248000000,8,-0.00003859,2025-09-30 16:00:00.000
1759276800000,8,0.00007070,2025-10-01 00:00:00.000
1759305600000,8,0.00010000,2025-10-01 08:00:00.000
1759334400000,8,-0.00000702,2025-10-01 16:00:00.000
1759363200000,8,0.00007943,2025-10-02 00:00:00.000
1759392000013,8,-0.00009812,2025-10-02 08:00:00.013
1759420800000,8,-0.00002091,2025-10-02 16:00:00.000
1759449600006,8,-0.00009937,2025-10-03 00:00:00.006
1759478400006,8,0.00006248,2025-10-03 08:00:00.006
1759507200000,8,0.00007389,2025-10-03 16:00:00.000
1759536000001,8,0.00007725,2025-10-04 00:00:00.001
1759564800000,8,0.00000517,2025-10-04 08:00:00.000
1759593600000,8,0.00001040,2025-10-04 16:00:00.000
1759622400000,8,0.00001013,2025-10-05 00:00:00.000
1759651200003,8,0.00008810,2025-10-05 08:00:00.003
1759680000009,8,-0.00004722,2025-10-05 16:00:00.009
1759708800004,8,-0.00007241,2025-10-06 00:00:00.004
1759737600002,8,0.00002963,2025-10-06 08:00:00.002
1759766400004,8,0.00005395,2025-10-06 16:00:00.004
1759795200000,8,0.00001768,2025-10-07 00:00:00.000
1759824000003,8,-0.00006695,2025-10-07 08:00:00.003
1759852800000,8,-0.00002108,2025-10-07 16:00:00.000
1759881600000,8,-0.00006781,2025-10-08 00:00:00.000
1759910400006,8,-0.00000605,2025-10-08 08:00:00.006
1759939200002,8,-0.00003581,2025-10-08 16:00:00.002
1759968000001,8,0.00010000,2025-10-09 00:00:00.001
1759996800000,8,0.00010000,2025-10-09 08:00:00.000
1760025600000,8,-0.00000236,2025-10-09 16:00:00.000
1760054400005,8,-0.00002367,2025-10-10 00:00:00.005
1760083200002,8,0.00002784,2025-10-10 08:00:00.002
1760112000014,8,0.00000306,2025-10-10 16:00:00.014
1760140800000,8,-0.00302761,2025-10-11 00:00:00.000
1760169600003,8,-0.00203878,2025-10-11 08:00:00.003
1760198400000,8,-0.00158704,2025-10-11 16:00:00.000
1760227200004,8,-0.00124994,2025-10-12 00:00:00.004
1760256000002,8,-0.00123408,2025-10-12 08:00:00.002
1760284800000,8,-0.00057183,2025-10-12 16:00:00.000
1760313600003,8,-0.00060725,2025-10-13 00:00:00.003
1760342400002,8,-0.00023311,2025-10-13 08:00:00.002
1760371200003,8,-0.00005122,2025-10-13 16:00:00.003
1760400000000,8,0.00000621,2025-10-14 00:00:00.000
1760428800000,8,0.00004088,2025-10-14 08:00:00.000
1760457600000,8,-0.00007110,2025-10-14 16:00:00.000
1760486400006,8,-0.00006096,2025-10-15 00:00:00.006
1760515200002,8,0.00005749,2025-10-15 08:00:00.002
1760544000000,8,0.00004099,2025-10-15 16:00:00.000
1760572800000,8,-0.00006784,2025-10-16 00:00:00.000
1760601600003,8,-0.00004113,2025-10-16 08:00:00.003
1760630400002,8,-0.00007614,2025-10-16 16:00:00.002
1760659200001,8,-0.00002994,2025-10-17 00:00:00.001
1760688000005,8,0.00007329,2025-10-17 08:00:00.005
1760716800003,8,0.00009462,2025-10-17 16:00:00.003
1760745600000,8,-0.00008545,2025-10-18 00:00:00.000
1760774400002,8,-0.00000155,2025-10-18 08:00:00.002
1760803200001,8,-0.00003501,2025-10-18 16:00:00.001
1760832000001,8,0.00010000,2025-10-19 00:00:00.001
1760860800001,8,0.00001997,2025-10-19 08:00:00.001
1760889600001,8,0.00002250,2025-10-19 16:00:00.001
1760918400004,8,-0.00008569,2025-10-20 00:00:00.004
1760947200001,8,0.00000530,2025-10-20 08:00:00.001
1760976000000,8,-0.00003004,2025-10-20 16:00:00.000
1761004800009,8,-0.00000342,2025-10-21 00:00:00.009
1761033600000,8,-0.00008944,2025-10-21 08:00:00.000
1761062400000,8,0.00004135,2025-10-21 16:00:00.000
1761091200004,8,0.00010000,2025-10-22 00:00:00.004
1761120000000,8,-0.00009872,2025-10-22 08:00:00.000
1761148800000,8,-0.00002230,2025-10-22 16:00:00.000
1761177600000,8,-0.00003216,2025-10-23 00:00:00.000
1761206400001,8,0.00000684,2025-10-23 08:00:00.001
1761235200004,8,0.00010000,2025-10-23 16:00:00.004
1761264000000,8,0.00010000,2025-10-24 00:00:00.000
1761292800000,8,0.00010000,2025-10-24 08:00:00.000
1761321600009,8,0.00001595,2025-10-24 16:00:00.009
1761350400000,8,0.00010000,2025-10-25 00:00:00.000
1761379200001,8,0.00010000,2025-10-25 08:00:00.001
1761408000001,8,0.00005536,2025-10-25 16:00:00.001
1761436800001,8,0.00006721,2025-10-26 00:00:00.001
1761465600001,8,0.00004492,2025-10-26 08:00:00.001
1761494400000,8,0.00005882,2025-10-26 16:00:00.000
1761523200000,8,0.00010000,2025-10-27 00:00:00.000
1761552000005,8,0.00010000,2025-10-27 08:00:00.005
1761580800000,8,0.00003983,2025-10-27 16:00:00.000
1761609600000,8,0.00001820,2025-10-28 00:00:00.000
1761638400000,8,0.00007929,2025-10-28 08:00:00.000
1761667200004,8,0.00000617,2025-10-28 16:00:00.004
1761696000004,8,-0.00013860,2025-10-29 00:00:00.004
1761724800005,8,-0.00005808,2025-10-29 08:00:00.005
1761753600000,8,0.00008873,2025-10-29 16:00:00.000
1761782400004,8,7.1E-7,2025-10-30 00:00:00.004
1761811200008,8,0.00002026,2025-10-30 08:00:00.008
1761840000001,8,-0.00016797,2025-10-30 16:00:00.001
1761868800000,8,-0.00022069,2025-10-31 00:00:00.000
1761897600008,8,-0.00007523,2025-10-31 08:00:00.008
1761926400007,8,-0.00000138,2025-10-31 16:00:00.007
1761955200001,8,0.00000150,2025-11-01 00:00:00.001
1761984000000,8,0.00002930,2025-11-01 08:00:00.000
1762012800000,8,-0.00005041,2025-11-01 16:00:00.000
1762041600007,8,0.00005263,2025-11-02 00:00:00.007
1762070400000,8,0.00002822,2025-11-02 08:00:00.000
1762099200001,8,-0.00007385,2025-11-02 16:00:00.001
1762128000000,8,0.00002882,2025-11-03 00:00:00.000
1762156800010,8,-0.00017049,2025-11-03 08:00:00.010
1762185600000,8,-0.00015146,2025-11-03 16:00:00.000
1762214400002,8,-0.00004994,2025-11-04 00:00:00.002
1762243200004,8,-0.00013832,2025-11-04 08:00:00.004
1762272000000,8,0.00001759,2025-11-04 16:00:00.000
1762300800000,8,0.00003273,2025-11-05 00:00:00.000
1762329600000,8,0.00005027,2025-11-05 08:00:00.000
1762358400004,8,-0.00011308,2025-11-05 16:00:00.004
1762387200001,8,-0.00010410,2025-11-06 00:00:00.001
1762416000000,8,-0.00004391,2025-11-06 08:00:00.000
1762444800001,8,0.00007661,2025-11-06 16:00:00.001
1762473600005,8,-0.00001927,2025-11-07 00:00:00.005
1762502400003,8,-0.00000473,2025-11-07 08:00:00.003
1762531200005,8,0.00001958,2025-11-07 16:00:00.005
1762560000011,8,0.00008950,2025-11-08 00:00:00.011
1762588800015,8,-0.00001277,2025-11-08 08:00:00.015
1762617600001,8,0.00000485,2025-11-08 16:00:00.001
1762646400004,8,-0.00009501,2025-11-09 00:00:00.004
1762675200000,8,-0.00002922,2025-11-09 08:00:00.000
1762704000005,8,0.00004444,2025-11-09 16:00:00.005
1762732800000,8,0.00010000,2025-11-10 00:00:00.000
1762761600000,8,-0.00011243,2025-11-10 08:00:00.000
1762790400003,8,-0.00007960,2025-11-10 16:00:00.003
1762819200007,8,-0.00004500,2025-11-11 00:00:00.007
1762848000000,8,-0.00020845,2025-11-11 08:00:00.000
1762876800009,8,-0.00001407,2025-11-11 16:00:00.009
1762905600000,8,-0.00002000,2025-11-12 00:00:00.000
1762934400002,8,-0.00015825,2025-11-12 08:00:00.002
1762963200000,8,-0.00003650,2025-11-12 16:00:00.000
1762992000002,8,-0.00008205,2025-11-13 00:00:00.002
1763020800000,8,0.00003785,2025-11-13 08:00:00.000
1763049600001,8,-0.00001195,2025-11-13 16:00:00.001
1763078400000,8,-0.00019091,2025-11-14 00:00:00.000
1763107200000,8,-0.00000995,2025-11-14 08:00:00.000
1763136000001,8,0.00010000,2025-11-14 16:00:00.001
1763164800005,8,0.00010000,2025-11-15 00:00:00.005
1763193600000,8,0.00005851,2025-11-15 08:00:00.000
1763222400001,8,-0.00001324,2025-11-15 16:00:00.001
1763251200001,8,0.00004071,2025-11-16 00:00:00.001
1763280000000,8,0.00007161,2025-11-16 08:00:00.000
1763308800000,8,-0.00000532,2025-11-16 16:00:00.000
1763337600003,8,0.00010000,2025-11-17 00:00:00.003
1763366400003,8,0.00010000,2025-11-17 08:00:00.003
1763395200000,8,0.00009994,2025-11-17 16:00:00.000
1763424000002,8,0.00002095,2025-11-18 00:00:00.002
1763452800004,8,0.00010000,2025-11-18 08:00:00.004
1763481600000,8,0.00008922,2025-11-18 16:00:00.000
1763510400000,8,0.00002756,2025-11-19 00:00:00.000
1763539200000,8,0.00008916,2025-11-19 08:00:00.000
1763568000008,8,-0.00000686,2025-11-19 16:00:00.008
1763596800000,8,-0.00010212,2025-11-20 00:00:00.000
1763625600000,8,0.00010000,2025-11-20 08:00:00.000
1763654400000,8,0.00010000,2025-11-20 16:00:00.000
1763683200001,8,-0.00009397,2025-11-21 00:00:00.001
1763712000000,8,0.00005033,2025-11-21 08:00:00.000
1763740800001,8,-0.00012104,2025-11-21 16:00:00.001
1763769600004,8,-0.00005419,2025-11-22 00:00:00.004
1763798400000,8,-0.00003816,2025-11-22 08:00:00.000
1763827200000,8,-0.00005023,2025-11-22 16:00:00.000
1763856000000,8,0.00004294,2025-11-23 00:00:00.000
1763884800008,8,-0.00004937,2025-11-23 08:00:00.008
1763913600003,8,0.00002945,2025-11-23 16:00:00.003
1763942400004,8,0.00001509,2025-11-24 00:00:00.004
1763971200000,8,0.00003449,2025-11-24 08:00:00.000
1764000000006,8,0.00000457,2025-11-24 16:00:00.006
1764028800000,8,-0.00004847,2025-11-25 00:00:00.000
1764057600009,8,0.00008543,2025-11-25 08:00:00.009
1764086400007,8,-0.00018105,2025-11-25 16:00:00.007
1764115200001,8,-0.00000675,2025-11-26 00:00:00.001
1764144000001,8,0.00010000,2025-11-26 08:00:00.001
1764172800000,8,-0.00008604,2025-11-26 16:00:00.000
1764201600013,8,0.00008820,2025-11-27 00:00:00.013
1764230400000,8,-0.00001255,2025-11-27 08:00:00.000
1764259200004,8,0.00002643,2025-11-27 16:00:00.004
1764288000008,8,-0.00006408,2025-11-28 00:00:00.008
1764316800000,8,-0.00015136,2025-11-28 08:00:00.000
1764345600008,8,0.00002204,2025-11-28 16:00:00.008
1764374400000,8,-0.00008328,2025-11-29 00:00:00.000
1764403200005,8,0.00006100,2025-11-29 08:00:00.005
1764432000001,8,0.00001089,2025-11-29 16:00:00.001
1764460800003,8,0.00007173,2025-11-30 00:00:00.003
1764489600000,8,0.00006664,2025-11-30 08:00:00.000
1764518400004,8,0.00008402,2025-11-30 16:00:00.004
1764547200000,8,0.00010000,2025-12-01 00:00:00.000
1764576000004,8,-0.00009161,2025-12-01 08:00:00.004
1764604800000,8,0.00000707,2025-12-01 16:00:00.000
1764633600004,8,-0.00006147,2025-12-02 00:00:00.004
1764662400000,8,0.00001549,2025-12-02 08:00:00.000
1764691200000,8,0.00002488,2025-12-02 16:00:00.000
1764720000000,8,0.00010000,2025-12-03 00:00:00.000
1764748800000,8,0.00008835,2025-12-03 08:00:00.000
1764777600005,8,0.00006438,2025-12-03 16:00:00.005
1764806400012,8,0.00010000,2025-12-04 00:00:00.012
1764835200000,8,0.00007212,2025-12-04 08:00:00.000
1764864000011,8,0.00010000,2025-12-04 16:00:00.011
1764892800000,8,0.00002583,2025-12-05 00:00:00.000
1764921600000,8,0.00004599,2025-12-05 08:00:00.000
1764950400010,8,0.00006353,2025-12-05 16:00:00.010
1764979200001,8,-0.00002519,2025-12-06 00:00:00.001
1765008000001,8,-0.00001154,2025-12-06 08:00:00.001
1765036800008,8,-0.00002208,2025-12-06 16:00:00.008
1765065600000,8,0.00004977,2025-12-07 00:00:00.000
1765094400004,8,0.00002491,2025-12-07 08:00:00.004
1765123200000,8,-0.00004449,2025-12-07 16:00:00.000
1765152000000,8,-0.00004676,2025-12-08 00:00:00.000
1765180800000,8,0.00006981,2025-12-08 08:00:00.000
1765209600001,8,0.00007621,2025-12-08 16:00:00.001
1765238400001,8,-0.00004393,2025-12-09 00:00:00.001
1765267200001,8,0.00003189,2025-12-09 08:00:00.001
1765296000007,8,-0.00001380,2025-12-09 16:00:00.007
1765324800007,8,0.00010000,2025-12-10 00:00:00.007
1765353600002,8,0.00002067,2025-12-10 08:00:00.002
1765382400012,8,0.00002310,2025-12-10 16:00:00.012
1765411200001,8,0.00000945,2025-12-11 00:00:00.001
1765440000000,8,-0.00016369,2025-12-11 08:00:00.000
1765468800000,8,-0.00006531,2025-12-11 16:00:00.000
1765497600005,8,0.00009412,2025-12-12 00:00:00.005
1765526400007,8,0.00010000,2025-12-12 08:00:00.007
1765555200002,8,0.00010000,2025-12-12 16:00:00.002
1765584000001,8,-0.00007703,2025-12-13 00:00:00.001
1765612800006,8,-0.00002011,2025-12-13 08:00:00.006
1765641600000,8,-0.00002083,2025-12-13 16:00:00.000
1765670400000,8,-0.00001510,2025-12-14 00:00:00.000
1765699200003,8,-0.00002194,2025-12-14 08:00:00.003
1765728000005,8,-0.00009436,2025-12-14 16:00:00.005
1765756800000,8,-0.00009823,2025-12-15 00:00:00.000
1765785600000,8,0.00002213,2025-12-15 08:00:00.000
1765814400000,8,0.00002482,2025-12-15 16:00:00.000
1765843200002,8,-0.00012962,2025-12-16 00:00:00.002
1765872000000,8,-0.00006503,2025-12-16 08:00:00.000
1765900800002,8,0.00006541,2025-12-16 16:00:00.002
1765929600004,8,0.00003595,2025-12-17 00:00:00.004
1765958400000,8,0.00003390,2025-12-17 08:00:00.000
1765987200000,8,0.00005848,2025-12-17 16:00:00.000
1766016000005,8,-0.00017374,2025-12-18 00:00:00.005
1766044800007,8,-0.00003187,2025-12-18 08:00:00.007
1766073600001,8,0.00004877,2025-12-18 16:00:00.001
1766102400000,8,-0.00003298,2025-12-19 00:00:00.000
1766131200001,8,0.00007363,2025-12-19 08:00:00.001
1766160000000,8,0.00010000,2025-12-19 16:00:00.000
1766188800005,8,0.00010000,2025-12-20 00:00:00.005
1766217600000,8,0.00006912,2025-12-20 08:00:00.000
1766246400002,8,0.00006936,2025-12-20 16:00:00.002
1766275200000,8,0.00008009,2025-12-21 00:00:00.000
1766304000009,8,0.00009929,2025-12-21 08:00:00.009
1766332800000,8,-0.00001358,2025-12-21 16:00:00.000
1766361600000,8,0.00003525,2025-12-22 00:00:00.000
1766390400005,8,0.00004368,2025-12-22 08:00:00.005
1766419200009,8,0.00005393,2025-12-22 16:00:00.009
1766448000000,8,-0.00006200,2025-12-23 00:00:00.000
1766476800000,8,0.00002113,2025-12-23 08:00:00.000
1766505600001,8,-0.00007533,2025-12-23 16:00:00.001
1766534400001,8,0.00007105,2025-12-24 00:00:00.001
1766563200001,8,-0.00000347,2025-12-24 08:00:00.001
1766592000000,8,0.00002942,2025-12-24 16:00:00.000
1766620800000,8,0.00010000,2025-12-25 00:00:00.000
1766649600001,8,0.00010000,2025-12-25 08:00:00.001
1766678400005,8,0.00002980,2025-12-25 16:00:00.005
1766707200004,8,0.00008160,2025-12-26 00:00:00.004
1766736000001,8,0.00004708,2025-12-26 08:00:00.001
1766764800007,8,0.00010000,2025-12-26 16:00:00.007
1766793600000,8,0.00000489,2025-12-27 00:00:00.000
1766822400000,8,0.00010000,2025-12-27 08:00:00.000
1766851200011,8,0.00010000,2025-12-27 16:00:00.011
1766880000008,8,0.00010000,2025-12-28 00:00:00.008
1766908800000,8,0.00010000,2025-12-28 08:00:00.000
1766937600000,8,0.00010000,2025-12-28 16:00:00.000
1766966400016,8,0.00005464,2025-12-29 00:00:00.016
1766995200001,8,0.00010000,2025-12-29 08:00:00.001
1767024000000,8,-0.00003375,2025-12-29 16:00:00.000
1767052800005,8,-0.00002097,2025-12-30 00:00:00.005
1767081600001,8,-0.00003541,2025-12-30 08:00:00.001
1767110400003,8,0.00010000,2025-12-30 16:00:00.003
1767139200004,8,0.00010000,2025-12-31 00:00:00.004
1767168000001,8,0.00002078,2025-12-31 08:00:00.001
1767196800001,8,0.00010000,2025-12-31 16:00:00.001
1767225600008,8,0.00002778,2026-01-01 00:00:00.008
1767254400002,8,0.00001759,2026-01-01 08:00:00.002
1767283200001,8,0.00002227,2026-01-01 16:00:00.001
1767312000006,8,0.00010000,2026-01-02 00:00:00.006
1767340800007,8,0.00010000,2026-01-02 08:00:00.007
1767369600000,8,0.00010000,2026-01-02 16:00:00.000
1767398400001,8,0.00010000,2026-01-03 00:00:00.001
1767427200000,8,0.00008286,2026-01-03 08:00:00.000
1767456000000,8,0.00006427,2026-01-03 16:00:00.000
1767484800000,8,0.00010000,2026-01-04 00:00:00.000
1767513600000,8,0.00004499,2026-01-04 08:00:00.000
1767542400001,8,0.00004667,2026-01-04 16:00:00.001
1767571200000,8,0.00005164,2026-01-05 00:00:00.000
1767600000000,8,0.00001007,2026-01-05 08:00:00.000
1767628800000,8,0.00001357,2026-01-05 16:00:00.000
1767657600010,8,0.00010000,2026-01-06 00:00:00.010
1767686400000,8,0.00003473,2026-01-06 08:00:00.000
1767715200000,8,0.00010000,2026-01-06 16:00:00.000
1767744000001,8,0.00010000,2026-01-07 00:00:00.001
1767772800001,8,-0.00000147,2026-01-07 08:00:00.001
1767801600001,8,-0.00004471,2026-01-07 16:00:00.001
1767830400001,8,0.00002799,2026-01-08 00:00:00.001
1767859200000,8,0.00007768,2026-01-08 08:00:00.000
1767888000000,8,8.5E-7,2026-01-08 16:00:00.000
1767916800003,8,0.00010000,2026-01-09 00:00:00.003
1767945600000,8,0.00009569,2026-01-09 08:00:00.000
1767974400001,8,0.00010000,2026-01-09 16:00:00.001
1768003200000,8,-0.00009725,2026-01-10 00:00:00.000
1768032000002,8,-0.00006589,2026-01-10 08:00:00.002
1768060800001,8,-0.00000182,2026-01-10 16:00:00.001
1768089600003,8,0.00008687,2026-01-11 00:00:00.003
1768118400006,8,0.00010000,2026-01-11 08:00:00.006
1768147200000,8,0.00004403,2026-01-11 16:00:00.000
1768176000005,8,0.00010000,2026-01-12 00:00:00.005
1768204800000,8,0.00010000,2026-01-12 08:00:00.000
1768233600000,8,0.00003690,2026-01-12 16:00:00.000
1768262400007,8,0.00003697,2026-01-13 00:00:00.007
1768291200009,8,0.00002223,2026-01-13 08:00:00.009
1768320000002,8,0.00010000,2026-01-13 16:00:00.002
1768348800000,8,0.00010000,2026-01-14 00:00:00.000
1768377600001,8,0.00010000,2026-01-14 08:00:00.001
1768406400004,8,0.00009806,2026-01-14 16:00:00.004
1768435200000,8,0.00010000,2026-01-15 00:00:00.000
1768464000004,8,0.00000975,2026-01-15 08:00:00.004
1768492800002,8,-0.00001293,2026-01-15 16:00:00.002
1768521600000,8,-0.00004172,2026-01-16 00:00:00.000
1768550400000,8,-0.00001717,2026-01-16 08:00:00.000
1768579200001,8,0.00001270,2026-01-16 16:00:00.001
1768608000000,8,0.00010000,2026-01-17 00:00:00.000
1768636800000,8,0.00007146,2026-01-17 08:00:00.000
1768665600002,8,-0.00001012,2026-01-17 16:00:00.002
1768694400001,8,0.00001596,2026-01-18 00:00:00.001
1768723200000,8,-0.00009483,2026-01-18 08:00:00.000
1768752000000,8,-0.00003060,2026-01-18 16:00:00.000
1768780800007,8,-0.00001163,2026-01-19 00:00:00.007
1768809600007,8,0.00002229,2026-01-19 08:00:00.007
1768838400007,8,0.00009979,2026-01-19 16:00:00.007
1768867200005,8,0.00002304,2026-01-20 00:00:00.005
1768896000001,8,0.00008389,2026-01-20 08:00:00.001
1768924800009,8,-0.00006674,2026-01-20 16:00:00.009
1768953600001,8,0.00000213,2026-01-21 00:00:00.001
1768982400011,8,-0.00002730,2026-01-21 08:00:00.011
1769011200011,8,0.00000381,2026-01-21 16:00:00.011
1769040000010,8,0.00006571,2026-01-22 00:00:00.010
1769068800003,8,-0.00006167,2026-01-22 08:00:00.003
1769097600005,8,-0.00006749,2026-01-22 16:00:00.005
1769126400005,8,-0.00001016,2026-01-23 00:00:00.005
1769155200000,8,0.00001237,2026-01-23 08:00:00.000
1769184000011,8,-0.00006703,2026-01-23 16:00:00.011
1769212800011,8,-0.00001852,2026-01-24 00:00:00.011
1769241600002,8,-0.00000928,2026-01-24 08:00:00.002
1769270400001,8,0.00000543,2026-01-24 16:00:00.001
1769299200002,8,-0.00007297,2026-01-25 00:00:00.002
1769328000011,8,-0.00003952,2026-01-25 08:00:00.011
1769356800005,8,0.00005353,2026-01-25 16:00:00.005
1769385600000,8,-0.00020746,2026-01-26 00:00:00.000
1769414400003,8,0.00000717,2026-01-26 08:00:00.003
1769443200000,8,0.00002194,2026-01-26 16:00:00.000
1769472000002,8,0.00008056,2026-01-27 00:00:00.002
1769500800000,8,0.00007857,2026-01-27 08:00:00.000
1769529600000,8,0.00002427,2026-01-27 16:00:00.000
1769558400000,8,0.00008604,2026-01-28 00:00:00.000
1769587200000,8,0.00006014,2026-01-28 08:00:00.000
1769616000000,8,0.00003305,2026-01-28 16:00:00.000
1769644800000,8,0.00001450,2026-01-29 00:00:00.000
1769673600009,8,-0.00005141,2026-01-29 08:00:00.009
1769702400000,8,-0.00007620,2026-01-29 16:00:00.000
1769731200008,8,-0.00018200,2026-01-30 00:00:00.008
1769760000000,8,-0.00008985,2026-01-30 08:00:00.000
1769788800001,8,-0.00004603,2026-01-30 16:00:00.001
1769817600000,8,-0.00000473,2026-01-31 00:00:00.000
1769846400001,8,-0.00019176,2026-01-31 08:00:00.001
1769875200009,8,-0.00015483,2026-01-31 16:00:00.009
1769904000001,8,-0.00069212,2026-02-01 00:00:00.001
1769932800004,8,-0.00019219,2026-02-01 08:00:00.004
1769961600000,8,-0.00008954,2026-02-01 16:00:00.000
1769990400000,8,-0.00014659,2026-02-02 00:00:00.000
1770019200014,8,-0.00007189,2026-02-02 08:00:00.014
1770048000000,8,-0.00005479,2026-02-02 16:00:00.000
1770076800000,8,-0.00012874,2026-02-03 00:00:00.000
1770105600007,8,-0.00009347,2026-02-03 08:00:00.007
1770134400000,8,-0.00016414,2026-02-03 16:00:00.000
1770163200002,8,-0.00017777,2026-02-04 00:00:00.002
1770192000007,8,-0.00047041,2026-02-04 08:00:00.007
1770220800000,8,-0.00033402,2026-02-04 16:00:00.000
1770249600011,8,-0.00002794,2026-02-05 00:00:00.011
1770278400000,8,0.00000948,2026-02-05 08:00:00.000
1770307200007,8,-0.00002324,2026-02-05 16:00:00.007
1770336000000,8,-0.00016041,2026-02-06 00:00:00.000
1770364800001,8,-0.00043701,2026-02-06 08:00:00.001
1770393600000,8,-0.00055144,2026-02-06 16:00:00.000
1770422400003,8,-0.00053126,2026-02-07 00:00:00.003
1770451200000,8,-0.00024143,2026-02-07 08:00:00.000
1770480000010,8,-0.00015393,2026-02-07 16:00:00.010
1770508800003,8,-0.00028211,2026-02-08 00:00:00.003
1770537600000,8,-0.00039857,2026-02-08 08:00:00.000
1770566400000,8,-0.00030758,2026-02-08 16:00:00.000
1770595200002,8,-0.00018599,2026-02-09 00:00:00.002
1770624000001,8,-0.00015733,2026-02-09 08:00:00.001
1770652800007,8,-0.00001919,2026-02-09 16:00:00.007
1770681600000,8,-0.00012797,2026-02-10 00:00:00.000
1770710400007,8,-0.00009266,2026-02-10 08:00:00.007
1770739200000,8,-0.00015079,2026-02-10 16:00:00.000
1770768000000,8,0.00003598,2026-02-11 00:00:00.000
1770796800006,8,-0.00009212,2026-02-11 08:00:00.006
1770825600000,8,-0.00008635,2026-02-11 16:00:00.000
1770854400000,8,-0.00019240,2026-02-12 00:00:00.000
1770883200001,8,-0.00007372,2026-02-12 08:00:00.001
1770912000001,8,-0.00016709,2026-02-12 16:00:00.001
1770940800007,8,-0.00004022,2026-02-13 00:00:00.007
1770969600003,8,-0.00000612,2026-02-13 08:00:00.003
1770998400005,8,0.00000710,2026-02-13 16:00:00.005
1771027200002,8,0.00002902,2026-02-14 00:00:00.002
1771056000004,8,-0.00007743,2026-02-14 08:00:00.004
1771084800002,8,-0.00005619,2026-02-14 16:00:00.002
1771113600000,8,-0.00017847,2026-02-15 00:00:00.000
1771142400002,8,-0.00001010,2026-02-15 08:00:00.002
1771171200000,8,0.00005339,2026-02-15 16:00:00.000
1771200000001,8,-0.00004817,2026-02-16 00:00:00.001
1771228800003,8,-0.00000660,2026-02-16 08:00:00.003
1771257600000,8,-0.00015888,2026-02-16 16:00:00.000
1771286400008,8,-0.00003812,2026-02-17 00:00:00.008
1771315200001,8,-0.00005851,2026-02-17 08:00:00.001
1771344000002,8,-0.00012454,2026-02-17 16:00:00.002
1771372800000,8,-0.00009696,2026-02-18 00:00:00.000
1771401600000,8,-0.00003984,2026-02-18 08:00:00.000
1771430400011,8,-0.00022870,2026-02-18 16:00:00.011
1771459200013,8,-0.00012426,2026-02-19 00:00:00.013
1771488000000,8,-0.00012365,2026-02-19 08:00:00.000
1771516800003,8,0.00003106,2026-02-19 16:00:00.003
1771545600000,8,0.00002253,2026-02-20 00:00:00.000
1771574400000,8,-0.00009514,2026-02-20 08:00:00.000
1771603200000,8,0.00000303,2026-02-20 16:00:00.000
1771632000004,8,0.00005856,2026-02-21 00:00:00.004
1771660800000,8,-0.00009185,2026-02-21 08:00:00.000
1771689600005,8,-0.00000616,2026-02-21 16:00:00.005
1771718400001,8,-0.00005057,2026-02-22 00:00:00.001
1771747200004,8,-0.00010584,2026-02-22 08:00:00.004
1771776000000,8,-0.00006575,2026-02-22 16:00:00.000
1771804800001,8,-0.00007447,2026-02-23 00:00:00.001
1771833600000,8,-0.00053535,2026-02-23 08:00:00.000
1771862400000,8,-0.00014788,2026-02-23 16:00:00.000
1771891200007,8,-0.00004143,2026-02-24 00:00:00.007
1771920000000,8,-0.00007491,2026-02-24 08:00:00.000
1771948800001,8,-0.00005768,2026-02-24 16:00:00.001
1771977600001,8,-0.00017258,2026-02-25 00:00:00.001
1772006400007,8,0.00006827,2026-02-25 08:00:00.007
1772035200000,8,0.00006240,2026-02-25 16:00:00.000
1772064000000,8,0.00010000,2026-02-26 00:00:00.000
1772092800006,8,0.00001584,2026-02-26 08:00:00.006
1772121600002,8,-0.00006714,2026-02-26 16:00:00.002
1772150400007,8,-0.00000235,2026-02-27 00:00:00.007
1772179200000,8,-0.00008411,2026-02-27 08:00:00.000
1772208000001,8,-0.00018881,2026-02-27 16:00:00.001
1772236800000,8,0.00000504,2026-02-28 00:00:00.000
1772265600000,8,-0.00020116,2026-02-28 08:00:00.000
1772294400004,8,-0.00022315,2026-02-28 16:00:00.004
1772323200005,8,-0.00004585,2026-03-01 00:00:00.005
1772352000000,8,0.00010000,2026-03-01 08:00:00.000
1772380800002,8,0.00005377,2026-03-01 16:00:00.002
1772409600001,8,0.00002413,2026-03-02 00:00:00.001
1772438400007,8,-0.00008580,2026-03-02 08:00:00.007
1772467200000,8,-0.00001424,2026-03-02 16:00:00.000
1772496000000,8,-0.00003622,2026-03-03 00:00:00.000
1772524800000,8,-0.00006186,2026-03-03 08:00:00.000
1772553600007,8,-0.00014862,2026-03-03 16:00:00.007
1772582400001,8,0.00000307,2026-03-04 00:00:00.001
1772611200005,8,0.00001145,2026-03-04 08:00:00.005
1772640000000,8,0.00002400,2026-03-04 16:00:00.000
1772668800000,8,0.00005985,2026-03-05 00:00:00.000
1772697600000,8,-0.00007723,2026-03-05 08:00:00.000
1772726400004,8,-0.00011105,2026-03-05 16:00:00.004
1772755200001,8,0.00006362,2026-03-06 00:00:00.001
1772784000001,8,-0.00007936,2026-03-06 08:00:00.001
1772812800004,8,-0.00013058,2026-03-06 16:00:00.004
1772841600001,8,-0.00006121,2026-03-07 00:00:00.001
1772870400012,8,0.00000298,2026-03-07 08:00:00.012
1772899200001,8,-0.00012228,2026-03-07 16:00:00.001
1772928000001,8,-0.00010523,2026-03-08 00:00:00.001
1772956800000,8,-0.00016925,2026-03-08 08:00:00.000
1772985600002,8,-0.00019962,2026-03-08 16:00:00.002
1773014400000,8,-0.00010144,2026-03-09 00:00:00.000
1773043200004,8,-0.00008215,2026-03-09 08:00:00.004
1773072000003,8,-0.00001812,2026-03-09 16:00:00.003
1773100800012,8,0.00003046,2026-03-10 00:00:00.012
1773129600002,8,0.00006257,2026-03-10 08:00:00.002
1773158400001,8,-0.00001909,2026-03-10 16:00:00.001
1773187200000,8,0.00000661,2026-03-11 00:00:00.000
1773216000007,8,-0.00009673,2026-03-11 08:00:00.007
1773244800010,8,-0.00010183,2026-03-11 16:00:00.010
1773273600000,8,0.00004554,2026-03-12 00:00:00.000
1773302400000,8,-0.00016439,2026-03-12 08:00:00.000
1773331200000,8,-0.00000363,2026-03-12 16:00:00.000
1773360000006,8,0.00007234,2026-03-13 00:00:00.006
1773388800001,8,0.00007241,2026-03-13 08:00:00.001
1773417600000,8,0.00009095,2026-03-13 16:00:00.000
1773446400001,8,-0.00002650,2026-03-14 00:00:00.001
1773475200000,8,-0.00006738,2026-03-14 08:00:00.000
1773504000007,8,-0.00009915,2026-03-14 16:00:00.007
1773532800000,8,-0.00010764,2026-03-15 00:00:00.000
1773561600000,8,-0.00005506,2026-03-15 08:00:00.000
1773590400000,8,0.00001663,2026-03-15 16:00:00.000
1773619200000,8,0.00009583,2026-03-16 00:00:00.000
1773648000010,8,0.00010000,2026-03-16 08:00:00.010
1773676800000,8,0.00005241,2026-03-16 16:00:00.000
1773705600000,8,0.00008675,2026-03-17 00:00:00.000
1773734400002,8,0.00000497,2026-03-17 08:00:00.002
1773763200011,8,-0.00001430,2026-03-17 16:00:00.011
1773792000002,8,-0.00000883,2026-03-18 00:00:00.002
1773820800002,8,-0.00004951,2026-03-18 08:00:00.002
1773849600005,8,-0.00006465,2026-03-18 16:00:00.005
1773878400000,8,-0.00010064,2026-03-19 00:00:00.000
1773907200003,8,-0.00000165,2026-03-19 08:00:00.003
1773936000003,8,-0.00000380,2026-03-19 16:00:00.003
1773964800002,8,0.00000387,2026-03-20 00:00:00.002
1773993600000,8,-0.00004929,2026-03-20 08:00:00.000
1774022400000,8,-0.00006064,2026-03-20 16:00:00.000
1774051200000,8,0.00002431,2026-03-21 00:00:00.000
1774080000000,8,-0.00001160,2026-03-21 08:00:00.000
1774108800014,8,-0.00012136,2026-03-21 16:00:00.014
1774137600012,8,-0.00012994,2026-03-22 00:00:00.012
1774166400007,8,-0.00013452,2026-03-22 08:00:00.007
1774195200002,8,-0.00012882,2026-03-22 16:00:00.002
1774224000000,8,-0.00006305,2026-03-23 00:00:00.000
1774252800003,8,-0.00001921,2026-03-23 08:00:00.003
1774281600002,8,0.00004974,2026-03-23 16:00:00.002
1774310400000,8,0.00010000,2026-03-24 00:00:00.000
1774339200000,8,0.00002758,2026-03-24 08:00:00.000
1774368000003,8,-0.00011027,2026-03-24 16:00:00.003
1774396800000,8,-0.00004578,2026-03-25 00:00:00.000
1774425600000,8,0.00006687,2026-03-25 08:00:00.000
1774454400013,8,0.00009615,2026-03-25 16:00:00.013
1774483200001,8,0.00008033,2026-03-26 00:00:00.001
1774512000001,8,-0.00019611,2026-03-26 08:00:00.001
1774540800000,8,-0.00022349,2026-03-26 16:00:00.000
1774569600006,8,-0.00022517,2026-03-27 00:00:00.006
1774598400000,8,-0.00019053,2026-03-27 08:00:00.000
1774627200000,8,-0.00039810,2026-03-27 16:00:00.000
1774656000005,8,-0.00028259,2026-03-28 00:00:00.005
1774684800005,8,-0.00021298,2026-03-28 08:00:00.005
1774713600000,8,-0.00016926,2026-03-28 16:00:00.000
1774742400003,8,-0.00030226,2026-03-29 00:00:00.003
1774771200001,8,-0.00023173,2026-03-29 08:00:00.001
1774800000000,8,-0.00014871,2026-03-29 16:00:00.000
1774828800000,8,-0.00027324,2026-03-30 00:00:00.000
1774857600005,8,-0.00000710,2026-03-30 08:00:00.005
1774886400000,8,-0.00001962,2026-03-30 16:00:00.000
1774915200000,8,-0.00008653,2026-03-31 00:00:00.000
1774944000000,8,0.00003994,2026-03-31 08:00:00.000
1774972800000,8,-0.00013830,2026-03-31 16:00:00.000
1775001600000,8,0.00001608,2026-04-01 00:00:00.000
1775030400000,8,-0.00000642,2026-04-01 08:00:00.000
1775059200000,8,-0.00001877,2026-04-01 16:00:00.000
1775088000003,8,0.00001042,2026-04-02 00:00:00.003
1775116800001,8,-0.00023581,2026-04-02 08:00:00.001
1775145600001,8,-0.00006199,2026-04-02 16:00:00.001
1775174400000,8,-0.00000680,2026-04-03 00:00:00.000
1775203200008,8,-0.00002576,2026-04-03 08:00:00.008
1775232000008,8,0.00004323,2026-04-03 16:00:00.008
1775260800000,8,-0.00004223,2026-04-04 00:00:00.000
1775289600003,8,-0.00007014,2026-04-04 08:00:00.003
1775318400000,8,-0.00003973,2026-04-04 16:00:00.000
1775347200008,8,-0.00004086,2026-04-05 00:00:00.008
1775376000000,8,-0.00009381,2026-04-05 08:00:00.000
1775404800001,8,-0.00007917,2026-04-05 16:00:00.001
1775433600004,8,-0.00001272,2026-04-06 00:00:00.004
1775462400001,8,0.00007896,2026-04-06 08:00:00.001
1775491200003,8,-0.00001845,2026-04-06 16:00:00.003
1775520000000,8,-0.00010287,2026-04-07 00:00:00.000
1775548800000,8,-0.00021212,2026-04-07 08:00:00.000
1775577600000,8,-0.00006822,2026-04-07 16:00:00.000
1775606400000,8,0.00010000,2026-04-08 00:00:00.000
1775635200000,8,0.00010000,2026-04-08 08:00:00.000
1775664000006,8,0.00010000,2026-04-08 16:00:00.006
1775692800000,8,0.00004258,2026-04-09 00:00:00.000
1775721600010,8,-0.00001292,2026-04-09 08:00:00.010
1775750400001,8,0.00002462,2026-04-09 16:00:00.001
1775779200000,8,0.00010000,2026-04-10 00:00:00.000
1775808000005,8,0.00000100,2026-04-10 08:00:00.005
1775836800000,8,0.00008338,2026-04-10 16:00:00.000
1775865600000,8,0.00004330,2026-04-11 00:00:00.000
1775894400000,8,-0.00001872,2026-04-11 08:00:00.000
1775923200003,8,-0.00001220,2026-04-11 16:00:00.003
1775952000000,8,0.00010000,2026-04-12 00:00:00.000
1775980800000,8,-0.00011509,2026-04-12 08:00:00.000
1776009600000,8,-0.00006761,2026-04-12 16:00:00.000
1776038400011,8,0.00003827,2026-04-13 00:00:00.011
1776067200006,8,-0.00000936,2026-04-13 08:00:00.006
1776096000000,8,0.00010000,2026-04-13 16:00:00.000
1776124800005,8,0.00010000,2026-04-14 00:00:00.005
1776153600003,8,0.00010000,2026-04-14 08:00:00.003
1776182400001,8,0.00010000,2026-04-14 16:00:00.001
1776211200000,8,0.00000164,2026-04-15 00:00:00.000
1776240000000,8,-0.00009128,2026-04-15 08:00:00.000
1776268800000,8,-0.00002279,2026-04-15 16:00:00.000
1776297600013,8,0.00010000,2026-04-16 00:00:00.013
1776326400000,8,0.00010000,2026-04-16 08:00:00.000
1776355200000,8,0.00007305,2026-04-16 16:00:00.000
1776384000001,8,0.00010000,2026-04-17 00:00:00.001
1776412800011,8,0.00003085,2026-04-17 08:00:00.011
1776441600001,8,0.00001016,2026-04-17 16:00:00.001
1776470400001,8,0.00000264,2026-04-18 00:00:00.001
1776499200006,8,-0.00008193,2026-04-18 08:00:00.006
1776528000000,8,-0.00007993,2026-04-18 16:00:00.000
1776556800002,8,-0.00006547,2026-04-19 00:00:00.002
1776585600010,8,-0.00009117,2026-04-19 08:00:00.010
1776614400001,8,-0.00007527,2026-04-19 16:00:00.001
1776643200000,8,-0.00008585,2026-04-20 00:00:00.000
1776672000000,8,-0.00001265,2026-04-20 08:00:00.000
1776700800001,8,0.00004880,2026-04-20 16:00:00.001
1776729600000,8,0.00008917,2026-04-21 00:00:00.000
1776758400004,8,0.00002729,2026-04-21 08:00:00.004
1776787200004,8,-7.3E-7,2026-04-21 16:00:00.004
1776816000004,8,0.00006371,2026-04-22 00:00:00.004
1776844800000,8,0.00010000,2026-04-22 08:00:00.000
1776873600000,8,0.00010000,2026-04-22 16:00:00.000
1776902400000,8,0.00008553,2026-04-23 00:00:00.000
1776931200000,8,-0.00004210,2026-04-23 08:00:00.000
1776960000004,8,0.00001908,2026-04-23 16:00:00.004
1776988800006,8,-0.00007719,2026-04-24 00:00:00.006
1777017600000,8,-0.00002981,2026-04-24 08:00:00.000
1777046400000,8,-0.00005314,2026-04-24 16:00:00.000
1777075200000,8,0.00005235,2026-04-25 00:00:00.000
1777104000002,8,0.00001927,2026-04-25 08:00:00.002
1777132800002,8,-0.00005575,2026-04-25 16:00:00.002
1777161600003,8,-0.00004604,2026-04-26 00:00:00.003
1777190400007,8,0.00009411,2026-04-26 08:00:00.007
1777219200004,8,-0.00000344,2026-04-26 16:00:00.004
1777248000004,8,-0.00001262,2026-04-27 00:00:00.004
1777276800000,8,-0.00002080,2026-04-27 08:00:00.000
1777305600002,8,-0.00011407,2026-04-27 16:00:00.002
1777334400001,8,-0.00011394,2026-04-28 00:00:00.001
1777363200000,8,0.00000841,2026-04-28 08:00:00.000
1777392000004,8,-0.00004511,2026-04-28 16:00:00.004
1777420800006,8,-0.00001641,2026-04-29 00:00:00.006
1777449600011,8,0.00007892,2026-04-29 08:00:00.011
1777478400003,8,-0.00006745,2026-04-29 16:00:00.003
1777507200002,8,-0.00003778,2026-04-30 00:00:00.002
1777536000000,8,0.00007422,2026-04-30 08:00:00.000
1777564800000,8,0.00007585,2026-04-30 16:00:00.000
1777593600000,8,0.00006010,2026-05-01 00:00:00.000
1777622400005,8,0.00001697,2026-05-01 08:00:00.005
1777651200000,8,0.00004955,2026-05-01 16:00:00.000
1777680000006,8,0.00007261,2026-05-02 00:00:00.006
1777708800000,8,-0.00003588,2026-05-02 08:00:00.000
1777737600010,8,-0.00001782,2026-05-02 16:00:00.010
1777766400005,8,0.00004380,2026-05-03 00:00:00.005
1777795200003,8,-0.00002973,2026-05-03 08:00:00.003
1777824000000,8,-0.00001872,2026-05-03 16:00:00.000
1777852800000,8,0.00007211,2026-05-04 00:00:00.000
1777881600000,8,0.00010000,2026-05-04 08:00:00.000
1777910400003,8,0.00002423,2026-05-04 16:00:00.003
1777939200000,8,0.00006511,2026-05-05 00:00:00.000
1777968000011,8,0.00007893,2026-05-05 08:00:00.011
1777996800000,8,0.00010000,2026-05-05 16:00:00.000
1778025600010,8,0.00010000,2026-05-06 00:00:00.010
1778054400000,8,0.00005677,2026-05-06 08:00:00.000
1778083200002,8,0.00010000,2026-05-06 16:00:00.002
1778112000000,8,0.00008995,2026-05-07 00:00:00.000
1778140800000,8,0.00008232,2026-05-07 08:00:00.000
1778169600004,8,-0.00005960,2026-05-07 16:00:00.004
1778198400003,8,0.00009448,2026-05-08 00:00:00.003
1778227200002,8,0.00010000,2026-05-08 08:00:00.002
1778256000003,8,-0.00000997,2026-05-08 16:00:00.003
1778284800000,8,0.00010000,2026-05-09 00:00:00.000
1778313600001,8,0.00004331,2026-05-09 08:00:00.001
1778342400002,8,0.00001497,2026-05-09 16:00:00.002
1778371200003,8,-0.00005236,2026-05-10 00:00:00.003
1778400000000,8,0.00001717,2026-05-10 08:00:00.000
1778428800000,8,-0.00000859,2026-05-10 16:00:00.000
1778457600000,8,0.00008884,2026-05-11 00:00:00.000
1778486400000,8,0.00003592,2026-05-11 08:00:00.000
1778515200000,8,0.00006498,2026-05-11 16:00:00.000
1778544000002,8,0.00003539,2026-05-12 00:00:00.002
1778572800008,8,-0.00006049,2026-05-12 08:00:00.008
1778601600000,8,0.00008095,2026-05-12 16:00:00.000
1778630400010,8,0.00010000,2026-05-13 00:00:00.010
1778659200003,8,-0.00001573,2026-05-13 08:00:00.003
1778688000001,8,-0.00012043,2026-05-13 16:00:00.001
1778716800005,8,-0.00015080,2026-05-14 00:00:00.005
1778745600000,8,-0.00003038,2026-05-14 08:00:00.000
1778774400000,8,-0.00005361,2026-05-14 16:00:00.000
1778803200000,8,-0.00001584,2026-05-15 00:00:00.000
1778832000016,8,0.00004052,2026-05-15 08:00:00.016
1778860800012,8,0.00002053,2026-05-15 16:00:00.012
1778889600005,8,0.00010000,2026-05-16 00:00:00.005
1778918400000,8,0.00005209,2026-05-16 08:00:00.000
1778947200005,8,-0.00015361,2026-05-16 16:00:00.005
1778976000000,8,-0.00005139,2026-05-17 00:00:00.000
1779004800010,8,-0.00005436,2026-05-17 08:00:00.010
1779033600009,8,-0.00012569,2026-05-17 16:00:00.009
1779062400007,8,-0.00010788,2026-05-18 00:00:00.007
1779091200002,8,0.00000336,2026-05-18 08:00:00.002
1779120000007,8,0.00000509,2026-05-18 16:00:00.007
1779148800001,8,0.00000387,2026-05-19 00:00:00.001
1779177600001,8,-0.00002902,2026-05-19 08:00:00.001
1779206400009,8,-0.00010936,2026-05-19 16:00:00.009
1779235200001,8,0.00002839,2026-05-20 00:00:00.001
1779264000006,8,-0.00000666,2026-05-20 08:00:00.006
1779292800000,8,-0.00001433,2026-05-20 16:00:00.000
1779321600001,8,-0.00000274,2026-05-21 00:00:00.001
1779350400000,8,0.00006241,2026-05-21 08:00:00.000
1779379200000,8,0.00002943,2026-05-21 16:00:00.000
1779408000000,8,0.00010000,2026-05-22 00:00:00.000
1779436800004,8,-0.00001571,2026-05-22 08:00:00.004
1779465600001,8,-0.00000178,2026-05-22 16:00:00.001
1779494400009,8,0.00002621,2026-05-23 00:00:00.009
1779523200001,8,-0.00012670,2026-05-23 08:00:00.001
1779552000003,8,-0.00028322,2026-05-23 16:00:00.003
1779580800011,8,-0.00004389,2026-05-24 00:00:00.011
1779609600008,8,0.00005791,2026-05-24 08:00:00.008
1779638400000,8,0.00000958,2026-05-24 16:00:00.000
1779667200001,8,-0.00004636,2026-05-25 00:00:00.001
1779696000001,8,-0.00004276,2026-05-25 08:00:00.001
1779724800001,8,0.00003864,2026-05-25 16:00:00.001
1779753600000,8,0.00004297,2026-05-26 00:00:00.000
1779782400003,8,-0.00010038,2026-05-26 08:00:00.003
1779811200000,8,0.00004692,2026-05-26 16:00:00.000
1779840000000,8,-0.00014384,2026-05-27 00:00:00.000
1779868800004,8,-0.00008548,2026-05-27 08:00:00.004
1779897600009,8,0.00001025,2026-05-27 16:00:00.009
1779926400001,8,-0.00005061,2026-05-28 00:00:00.001
1779955200000,8,-0.00014123,2026-05-28 08:00:00.000
1779984000001,8,-0.00003559,2026-05-28 16:00:00.001
1780012800000,8,0.00004219,2026-05-29 00:00:00.000
1780041600001,8,0.00002500,2026-05-29 08:00:00.001
1780070400008,8,0.00006335,2026-05-29 16:00:00.008
1780099200000,8,0.00007480,2026-05-30 00:00:00.000
1780128000001,8,0.00003702,2026-05-30 08:00:00.001
1780156800000,8,0.00004292,2026-05-30 16:00:00.000
1780185600000,8,0.00002300,2026-05-31 00:00:00.000
1780214400000,8,0.00003645,2026-05-31 08:00:00.000
1780243200004,8,0.00002671,2026-05-31 16:00:00.004
1780272000001,8,0.00005009,2026-06-01 00:00:00.001
1780300800001,8,-0.00002566,2026-06-01 08:00:00.001
1780329600000,8,0.00003141,2026-06-01 16:00:00.000
1780358400000,8,0.00010000,2026-06-02 00:00:00.000
1780387200000,8,0.00002624,2026-06-02 08:00:00.000
1780416000000,8,-0.00004380,2026-06-02 16:00:00.000
1780444800013,8,-0.00019668,2026-06-03 00:00:00.013
1780473600000,8,-0.00004817,2026-06-03 08:00:00.000
1780502400001,8,-0.00004446,2026-06-03 16:00:00.001
1780531200009,8,-0.00012086,2026-06-04 00:00:00.009
1780560000000,8,-0.00018206,2026-06-04 08:00:00.000
1780588800003,8,-0.00006287,2026-06-04 16:00:00.003
1780617600000,8,-0.00009673,2026-06-05 00:00:00.000
1780646400004,8,-0.00025721,2026-06-05 08:00:00.004
1780675200009,8,-0.00008011,2026-06-05 16:00:00.009
1780704000000,8,-0.00007320,2026-06-06 00:00:00.000
1780732800000,8,-0.00018542,2026-06-06 08:00:00.000
1780761600000,8,-0.00016398,2026-06-06 16:00:00.000
1780790400001,8,-0.00007230,2026-06-07 00:00:00.001
1780819200000,8,-0.00023704,2026-06-07 08:00:00.000
1780848000000,8,-0.00038757,2026-06-07 16:00:00.000
1780876800000,8,-0.00025513,2026-06-08 00:00:00.000
1780905600005,8,-0.00022946,2026-06-08 08:00:00.005
1780934400004,8,-0.00001174,2026-06-08 16:00:00.004
1780963200000,8,-0.00006393,2026-06-09 00:00:00.000
1780992000000,8,-0.00002354,2026-06-09 08:00:00.000
1781020800001,8,-0.00009828,2026-06-09 16:00:00.001
1781049600001,8,0.00001790,2026-06-10 00:00:00.001
1781078400011,8,-0.00008438,2026-06-10 08:00:00.011
1781107200009,8,-0.00001777,2026-06-10 16:00:00.009
1781136000000,8,-0.00008243,2026-06-11 00:00:00.000
1781164800004,8,-0.00000825,2026-06-11 08:00:00.004
1781193600000,8,-0.00000336,2026-06-11 16:00:00.000
1781222400000,8,-0.00009068,2026-06-12 00:00:00.000
1781251200000,8,-0.00009448,2026-06-12 08:00:00.000
1781280000000,8,-0.00002866,2026-06-12 16:00:00.000
1781308800000,8,-0.00005235,2026-06-13 00:00:00.000
1781337600007,8,-0.00002582,2026-06-13 08:00:00.007
1781366400002,8,-0.00000455,2026-06-13 16:00:00.002
1781395200005,8,-0.00012137,2026-06-14 00:00:00.005
1781424000009,8,-0.00010682,2026-06-14 08:00:00.009
1781452800000,8,-0.00009337,2026-06-14 16:00:00.000
1781481600013,8,-0.00003596,2026-06-15 00:00:00.013
1781510400013,8,-0.00003856,2026-06-15 08:00:00.013
1781539200004,8,-0.00004542,2026-06-15 16:00:00.004
1781568000000,8,0.00001871,2026-06-16 00:00:00.000
1781596800000,8,-0.00001544,2026-06-16 08:00:00.000
1781625600001,8,-0.00002499,2026-06-16 16:00:00.001
1781654400012,8,-0.00000170,2026-06-17 00:00:00.012
1781683200000,8,-0.00005638,2026-06-17 08:00:00.000
1781712000000,8,-0.00003481,2026-06-17 16:00:00.000
1781740800002,8,-0.00005509,2026-06-18 00:00:00.002
1781769600000,8,-0.00004124,2026-06-18 08:00:00.000
1781798400001,8,-0.00002670,2026-06-18 16:00:00.001
1781827200005,8,0.00010000,2026-06-19 00:00:00.005
1781856000001,8,0.00006065,2026-06-19 08:00:00.001
1781884800001,8,-0.00003617,2026-06-19 16:00:00.001
1781913600001,8,-0.00003087,2026-06-20 00:00:00.001
1781942400000,8,-0.00003337,2026-06-20 08:00:00.000
1781971200001,8,-0.00001391,2026-06-20 16:00:00.001
1782000000000,8,0.00004438,2026-06-21 00:00:00.000
1782028800000,8,0.00002277,2026-06-21 08:00:00.000
1782057600000,8,0.00000745,2026-06-21 16:00:00.000
1782086400000,8,0.00004338,2026-06-22 00:00:00.000
1782115200000,8,-0.00004305,2026-06-22 08:00:00.000
1782144000002,8,-0.00003017,2026-06-22 16:00:00.002
1782172800003,8,-0.00002964,2026-06-23 00:00:00.003
1782201600005,8,-0.00009607,2026-06-23 08:00:00.005
1782230400002,8,-0.00020855,2026-06-23 16:00:00.002
1782259200005,8,-0.00008775,2026-06-24 00:00:00.005
1782288000005,8,-0.00007233,2026-06-24 08:00:00.005
1782316800003,8,-0.00001309,2026-06-24 16:00:00.003
1782345600000,8,-0.00011854,2026-06-25 00:00:00.000
1782374400000,8,-0.00004028,2026-06-25 08:00:00.000
1782403200000,8,-0.00004827,2026-06-25 16:00:00.000
1782432000010,8,0.00003113,2026-06-26 00:00:00.010
1782460800002,8,0.00008442,2026-06-26 08:00:00.002
1782489600000,8,0.00006096,2026-06-26 16:00:00.000
1782518400000,8,0.00010000,2026-06-27 00:00:00.000
1782547200000,8,0.00004810,2026-06-27 08:00:00.000
1782576000009,8,-0.00001930,2026-06-27 16:00:00.009
1782604800000,8,0.00001630,2026-06-28 00:00:00.000
1782633600013,8,0.00002764,2026-06-28 08:00:00.013
1782662400000,8,0.00000968,2026-06-28 16:00:00.000
1782691200006,8,0.00000521,2026-06-29 00:00:00.006
1782720000013,8,0.00003745,2026-06-29 08:00:00.013
1782748800004,8,0.00004184,2026-06-29 16:00:00.004
1782777600000,8,0.00010000,2026-06-30 00:00:00.000
1782806400000,8,0.00007704,2026-06-30 08:00:00.000
1782835200005,8,0.00007228,2026-06-30 16:00:00.005
1782864000000,8,0.00010000,2026-07-01 00:00:00.000
1782892800000,8,0.00010000,2026-07-01 08:00:00.000
1782921600000,8,0.00006848,2026-07-01 16:00:00.000
1782950400000,8,0.00002682,2026-07-02 00:00:00.000
1782979200000,8,-0.00002441,2026-07-02 08:00:00.000
1783008000000,8,0.00006544,2026-07-02 16:00:00.000
1783036800000,8,0.00002310,2026-07-03 00:00:00.000
1783065600007,8,0.00001188,2026-07-03 08:00:00.007
1783094400000,8,-0.00003200,2026-07-03 16:00:00.000
1783123200000,8,0.00007283,2026-07-04 00:00:00.000
1783152000000,8,0.00008740,2026-07-04 08:00:00.000
1783180800007,8,0.00004847,2026-07-04 16:00:00.007
1783209600003,8,0.00001370,2026-07-05 00:00:00.003
1783238400001,8,0.00005506,2026-07-05 08:00:00.001
1783267200000,8,0.00003855,2026-07-05 16:00:00.000
1783296000000,8,0.00006820,2026-07-06 00:00:00.000
1783324800000,8,0.00003336,2026-07-06 08:00:00.000
1783353600000,8,0.00006227,2026-07-06 16:00:00.000
1783382400000,8,0.00006816,2026-07-07 00:00:00.000
1783411200000,8,0.00000546,2026-07-07 08:00:00.000
1783440000000,8,-0.00001996,2026-07-07 16:00:00.000
1783468800000,8,-0.00002939,2026-07-08 00:00:00.000
1783497600000,8,-0.00001042,2026-07-08 08:00:00.000
1783526400000,8,-0.00001721,2026-07-08 16:00:00.000
1783555200000,8,0.00004117,2026-07-09 00:00:00.000
1783584000001,8,0.00004411,2026-07-09 08:00:00.001
1783612800001,8,0.00000246,2026-07-09 16:00:00.001
1783641600000,8,0.00004254,2026-07-10 00:00:00.000
1783670400005,8,0.00001338,2026-07-10 08:00:00.005
1783699200005,8,0.00010000,2026-07-10 16:00:00.005
1783728000000,8,0.00005263,2026-07-11 00:00:00.000
1783756800000,8,-0.00002607,2026-07-11 08:00:00.000
1783785600000,8,0.00007892,2026-07-11 16:00:00.000
1783814400000,8,0.00002546,2026-07-12 00:00:00.000
1783843200003,8,-0.00004011,2026-07-12 08:00:00.003
1783872000000,8,0.00006891,2026-07-12 16:00:00.000
1783900800000,8,0.00005504,2026-07-13 00:00:00.000
1783929600001,8,-0.00005873,2026-07-13 08:00:00.001
1783958400004,8,0.00002296,2026-07-13 16:00:00.004
1783987200000,8,0.00000427,2026-07-14 00:00:00.000
1784016000002,8,0.00003868,2026-07-14 08:00:00.002
1784044800001,8,0.00006297,2026-07-14 16:00:00.001
1784073600005,8,0.00001428,2026-07-15 00:00:00.005
1784102400002,8,0.00002480,2026-07-15 08:00:00.002
1784131200000,8,-0.00000687,2026-07-15 16:00:00.000
1784160000000,8,0.00002874,2026-07-16 00:00:00.000
1784188800003,8,-0.00004349,2026-07-16 08:00:00.003
1784217600002,8,-0.00000349,2026-07-16 16:00:00.002
1784246400000,8,0.00001683,2026-07-17 00:00:00.000
1784275200010,8,-0.00002497,2026-07-17 08:00:00.010
1784304000004,8,-0.00004440,2026-07-17 16:00:00.004
1784332800000,8,0.00002897,2026-07-18 00:00:00.000
1784361600000,8,0.00002870,2026-07-18 08:00:00.000
1784390400001,8,0.00003433,2026-07-18 16:00:00.001
1784419200003,8,-0.00000381,2026-07-19 00:00:00.003
1784448000000,8,0.00004518,2026-07-19 08:00:00.000
1784476800001,8,0.00006396,2026-07-19 16:00:00.001
1784505600000,8,0.00005638,2026-07-20 00:00:00.000
1784534400001,8,-0.00005079,2026-07-20 08:00:00.001
1784563200004,8,0.00001312,2026-07-20 16:00:00.004
1784592000001,8,0.00010000,2026-07-21 00:00:00.001
1784620800000,8,0.00006580,2026-07-21 08:00:00.000
1784649600002,8,0.00002609,2026-07-21 16:00:00.002
1784678400000,8,0.00002725,2026-07-22 00:00:00.000
1784707200000,8,-0.00003237,2026-07-22 08:00:00.000
1784736000001,8,0.00003890,2026-07-22 16:00:00.001
1784764800000,8,-0.00003674,2026-07-23 00:00:00.000
1784793600000,8,-0.00010642,2026-07-23 08:00:00.000
1784822400000,8,-0.00003609,2026-07-23 16:00:00.000
1784851200000,8,0.00003044,2026-07-24 00:00:00.000
1784880000000,8,0.00005692,2026-07-24 08:00:00.000
1784908800008,8,-0.00009588,2026-07-24 16:00:00.008
1784937600002,8,-0.00004287,2026-07-25 00:00:00.002
1784966400000,8,0.00000481,2026-07-25 08:00:00.000
1784995200000,8,-0.00004127,2026-07-25 16:00:00.000
1785024000000,8,0.00000181,2026-07-26 00:00:00.000
1785052800002,8,0.00006371,2026-07-26 08:00:00.002
1785081600000,8,0.00001514,2026-07-26 16:00:00.000
1785110400010,8,0.00008751,2026-07-27 00:00:00.010
1785139200000,8,0.00007729,2026-07-27 08:00:00.000
1785168000001,8,0.00003835,2026-07-27 16:00:00.001
1785196800000,8,-0.00003055,2026-07-28 00:00:00.000
1785225600000,8,-0.00013328,2026-07-28 08:00:00.000
1785254400000,8,-0.00004712,2026-07-28 16:00:00.000
1785283200000,8,0.00002994,2026-07-29 00:00:00.000
1785312000002,8,-8.2E-7,2026-07-29 08:00:00.002
1785340800000,8,-0.00000376,2026-07-29 16:00:00.000
1785369600000,8,0.00002210,2026-07-30 00:00:00.000
1785398400000,8,0.00008517,2026-07-30 08:00:00.000
1785427200000,8,0.00005752,2026-07-30 16:00:00.000
1785456000003,8,0.00009768,2026-07-31 00:00:00.003
1785484800000,8,0.00004606,2026-07-31 08:00:00.000
1785513600000,8,0.00003736,2026-07-31 16:00:00.000
1785542400001,8,0.00010000,2026-08-01 00:00:00.001
1785571200000,8,0.00010000,2026-08-01 08:00:00.000
1785600000000,8,0.00003159,2026-08-01 16:00:00.000
1785628800000,8,-0.00004925,2026-08-02 00:00:00.000
1785657600000,8,0.00010000,2026-08-02 08:00:00.000
1785686400000,8,0.00001348,2026-08-02 16:00:00.000
1785715200000,8,0.00007985,2026-08-03 00:00:00.000
1785744000000,8,0.00002558,2026-08-03 08:00:00.000
1785772800000,8,0.00005860,2026-08-03 16:00:00.000
1785801600004,8,0.00010000,2026-08-04 00:00:00.004
1785830400002,8,0.00010000,2026-08-04 08:00:00.002
1785859200000,8,0.00010000,2026-08-04 16:00:00.000
1785888000003,8,0.00006418,2026-08-05 00:00:00.003
1785916800004,8,0.00003700,2026-08-05 08:00:00.004
1785945600000,8,0.00005055,2026-08-05 16:00:00.000
1785974400002,8,9.0E-7,2026-08-06 00:00:00.002
1786003200000,8,-0.00004113,2026-08-06 08:00:00.000
1786032000000,8,-0.00006988,2026-08-06 16:00:00.000
1786060800000,8,-0.00001898,2026-08-07 00:00:00.000
1786089600000,8,0.00003450,2026-08-07 08:00:00.000
1786118400000,8,0.00010000,2026-08-07 16:00:00.000
1786147200001,8,0.00008378,2026-08-08 00:00:00.001
1786176000000,8,0.00010000,2026-08-08 08:00:00.000
1786204800002,8,0.00010000,2026-08-08 16:00:00.002
1786233600000,8,0.00010000,2026-08-09 00:00:00.000
1786262400005,8,0.00010000,2026-08-09 08:00:00.005
1786291200000,8,0.00010000,2026-08-09 16:00:00.000
1786320000001,8,0.00010000,2026-08-10 00:00:00.001
1786348800005,8,0.00009534,2026-08-10 08:00:00.005
1786377600000,8,0.00010000,2026-08-10 16:00:00.000
1786406400000,8,0.00010000,2026-08-11 00:00:00.000
1786435200006,8,-2.3E-7,2026-08-11 08:00:00.006
1786464000000,8,-0.00005533,2026-08-11 16:00:00.000
1786492800001,8,0.00005998,2026-08-12 00:00:00.001
1786521600000,8,0.00008133,2026-08-12 08:00:00.000
1786550400000,8,-0.00005256,2026-08-12 16:00:00.000
1786579200000,8,-0.00006470,2026-08-13 00:00:00.000
1786608000000,8,0.00005877,2026-08-13 08:00:00.000
1786636800000,8,-0.00000490,2026-08-13 16:00:00.000
1786665600000,8,0.00005622,2026-08-14 00:00:00.000
1786694400001,8,0.00002264,2026-08-14 08:00:00.001
1786723200001,8,-0.00006847,2026-08-14 16:00:00.001
1786752000003,8,-0.00010912,2026-08-15 00:00:00.003
1786780800002,8,0.00006794,2026-08-15 08:00:00.002
1786809600000,8,-0.00009423,2026-08-15 16:00:00.000
1786838400000,8,-0.00004786,2026-08-16 00:00:00.000
1786867200002,8,-0.00002592,2026-08-16 08:00:00.002
1786896000000,8,-0.00001428,2026-08-16 16:00:00.000
1786924800001,8,-0.00004738,2026-08-17 00:00:00.001
1786953600003,8,0.00004746,2026-08-17 08:00:00.003
1786982400005,8,-0.00001690,2026-08-17 16:00:00.005
1787011200006,8,0.00003077,2026-08-18 00:00:00.006
1787040000001,8,-0.00004037,2026-08-18 08:00:00.001
1787068800003,8,0.00010000,2026-08-18 16:00:00.003
1787097600000,8,0.00010000,2026-08-19 00:00:00.000
1787126400000,8,0.00009206,2026-08-19 08:00:00.000
1787155200004,8,0.00004058,2026-08-19 16:00:00.004
1787184000001,8,0.00010000,2026-08-20 00:00:00.001
1787212800000,8,0.00010000,2026-08-20 08:00:00.000
1787241600005,8,0.00010000,2026-08-20 16:00:00.005
1787270400004,8,0.00010000,2026-08-21 00:00:00.004
1787299200000,8,0.00010000,2026-08-21 08:00:00.000
1787328000001,8,0.00010000,2026-08-21 16:00:00.001
1787356800000,8,0.00010000,2026-08-22 00:00:00.000
1787385600000,8,0.00010000,2026-08-22 08:00:00.000
1787414400000,8,0.00010000,2026-08-22 16:00:00.000
1787443200000,8,0.00010000,2026-08-23 00:00:00.000
1787472000000,8,0.00010000,2026-08-23 08:00:00.000
1787500800006,8,0.00010000,2026-08-23 16:00:00.006
1787529600001,8,0.00010000,2026-08-24 00:00:00.001
1787558400002,8,0.00010000,2026-08-24 08:00:00.002
1787587200000,8,0.00010000,2026-08-24 16:00:00.000
1787616000001,8,0.00010000,2026-08-25 00:00:00.001
1787644800000,8,0.00010000,2026-08-25 08:00:00.000
1787673600005,8,0.00010000,2026-08-25 16:00:00.005
1787702400000,8,0.00005433,2026-08-26 00:00:00.000
1787731200005,8,0.00006042,2026-08-26 08:00:00.005
1787760000000,8,0.00003480,2026-08-26 16:00:00.000
1787788800000,8,0.00010000,2026-08-27 00:00:00.000
1787817600000,8,0.00010000,2026-08-27 08:00:00.000
1787846400013,8,0.00010000,2026-08-27 16:00:00.013
1787875200026,8,-0.00000983,2026-08-28 00:00:00.026
1787904000000,8,-0.00001519,2026-08-28 08:00:00.000
1787932800001,8,-0.00008235,2026-08-28 16:00:00.001
1787961600000,8,0.00006690,2026-08-29 00:00:00.000
1787990400000,8,0.00003506,2026-08-29 08:00:00.000
1788019200002,8,-0.00003437,2026-08-29 16:00:00.002
1788048000000,8,-0.00010154,2026-08-30 00:00:00.000
1788076800000,8,-0.00000139,2026-08-30 08:00:00.000
1788105600001,8,0.00000710,2026-08-30 16:00:00.001
1788134400002,8,-0.00012421,2026-08-31 00:00:00.002
1788163200002,8,-0.00004036,2026-08-31 08:00:00.002
1788192000001,8,-0.00001602,2026-08-31 16:00:00.001
